company_id,year,debt_to_equity,interest_coverage,icr_label,icr_warning,net_debt,asset_turnover,high_leverage_flag
ABB,Dec 2012,0.0,,Debt Free,False,0,1.822491730981257,False
ABB,Mar 2014,0.0,,Debt Free,False,0,1.9982440737489024,False
ABB,Mar 2015,0.0,,Debt Free,False,0,1.665938864628821,False
ABB,Mar 2016,0.0,138.33333333333334,,False,0,1.6175742574257426,False
ABB,Mar 2017,0.0,227.5,,False,0,1.40513068731849,False
ABB,Mar 2018,0.0,160.5,,False,0,1.365066225165563,False
ABB,Mar 2019,0.0,359.0,,False,0,1.2509350561033663,False
ABB,Mar 2020,0.07198683669271905,96.77777777777777,,False,175,1.153932901043135,False
ABB,Mar 2021,0.058800922367409685,55.72222222222222,,False,153,1.1223958333333333,False
ABB,Mar 2022,0.05390070921985816,61.31578947368421,,False,152,1.1631155303030303,False
ABB,Mar 2023,0.03544542032622334,85.0,,False,113,1.1740561896400352,False
ABB,Mar 2024,0.022438496891051634,141.75,,False,83,1.1263238975544,False
ADANIENSOL,Mar 2014,0.0,,Debt Free,False,0,,False
ADANIENSOL,Mar 2015,8.95752539242844,1.4246575342465753,,True,9701,0.011399234249912982,True
ADANIENSOL,Mar 2016,3.2129491017964074,2.0867293625914316,,False,8565,0.18678699131619275,False
ADANIENSOL,Mar 2017,3.045469969460468,2.2179203539823007,,False,8870,0.22449457497463118,False
ADANIENSOL,Mar 2018,1.7216443784051512,3.31489841986456,,False,10428,0.22843903851723138,False
ADANIENSOL,Mar 2019,2.50366778565212,2.2386772106398274,,False,19801,0.2243688187235088,False
ADANIENSOL,Mar 2020,2.8528062124955875,2.019213583556747,,False,23933,0.2874770214801944,False
ADANIENSOL,Mar 2021,3.0378966251821953,2.3925366084081245,,False,26653,0.22958782439746495,False
ADANIENSOL,Mar 2022,3.016443054574801,2.3221987315010573,,False,29341,0.23719029158941513,False
ADANIENSOL,Mar 2023,2.916843986722274,2.193815174397699,,False,32900,0.24647704516798932,False
ADANIENSOL,Mar 2024,2.93252116130053,2.284784965666787,,False,36304,0.2836960606785336,False
ADANIENT,Mar 2013,3.240418769863526,2.2325315005727377,,False,69009,0.41453996120531683,False
ADANIENT,Mar 2014,3.0298438355011155,1.84815009644047,,False,71692,0.4652503767929417,False
ADANIENT,Mar 2015,3.248250932835821,1.876700680272109,,False,82827,0.4931608500742055,False
ADANIENT,Mar 2016,1.4328748691882194,2.0103168754605747,,False,18364,0.8159504786583172,False
ADANIENT,Mar 2017,1.4746745897000566,2.1089896579156724,,False,19804,0.7673226775325029,False
ADANIENT,Mar 2018,1.1688647359003248,1.9208,,False,16176,0.6368938923854268,False
ADANIENT,Mar 2019,0.7619273515857956,1.5218461538461538,,False,9732,0.9492900131653188,False
ADANIENT,Mar 2020,0.7328140673865581,2.013994910941476,,False,10467,0.9259306666666667,False
ADANIENT,Mar 2021,0.9456844804475786,2.178649237472767,,False,10724,0.7659685762442606,False
ADANIENT,Mar 2022,1.8692546165251382,1.870942201108472,,False,37312,0.6833618805740949,False
ADANIENT,Mar 2023,1.6096335965628876,2.431846812799194,,False,46890,0.9027590990812441,False
ADANIENT,Mar 2024,1.671358378544375,2.7492864983534577,,False,56609,0.6004321671876751,False
ADANIGREEN,Mar 2017,3.6134663341645887,1.4461077844311376,,True,4321,0.08149350649350649,False
ADANIGREEN,Mar 2018,7.355704697986577,1.6032608695652173,,False,9777,0.09421350818002419,True
ADANIGREEN,Mar 2019,5.764097258147957,1.4264049955396967,,True,11065,0.14040114613180515,True
ADANIGREEN,Mar 2020,6.307170131523122,1.3457286432160804,,True,14390,0.13835214937038645,True
ADANIGREEN,Mar 2021,11.004090909090909,1.3476702508960574,,True,23707,0.10888052418792694,True
ADANIGREEN,Mar 2022,20.211170619739864,1.5357279327474207,,False,52258,0.08706788343454218,True
ADANIGREEN,Mar 2023,7.423740416210296,1.936447956028856,,False,53074,0.11621754920862665,True
ADANIGREEN,Mar 2024,6.595281675818589,1.713943268078306,,False,63343,0.10467043571055559,True
ADANIPORTS,Mar 2013,1.817328745699093,5.029520295202952,,False,11398,0.17004991680532447,False
ADANIPORTS,Mar 2014,1.4807758128921849,3.6888433981576254,,False,12916,0.19572881630668235,False
ADANIPORTS,Mar 2015,1.651277287505806,3.90468085106383,,False,17516,0.19175861853999127,False
ADANIPORTS,Mar 2016,1.6543502406516104,4.72153024911032,,False,21797,0.18520255308063047,False
ADANIPORTS,Mar 2017,1.2674883030925481,5.784050179211469,,False,21053,0.19458599460444095,False
ADANIPORTS,Mar 2018,1.0701813136870306,5.067131095630145,,False,21291,0.23972646243092752,False
ADANIPORTS,Mar 2019,1.1370425077958313,5.693140794223827,,False,26930,0.19401182717408677,False
ADANIPORTS,Mar 2020,1.1879640177554307,4.036391594054331,,False,29064,0.1917567065587803,False
ADANIPORTS,Mar 2021,1.1778522387569397,4.725055432372505,,False,33619,0.16827116462417205,False
ADANIPORTS,Mar 2022,1.1461944955883407,4.465408805031447,,False,44774,0.1741009681881051,False
ADANIPORTS,Mar 2023,1.1772455881380952,4.771053745239103,,False,46002,0.18524737258246493,False
ADANIPORTS,Mar 2024,0.9373223691689719,5.949506037321624,,False,45181,0.22830109659056916,False
ADANIPORTS,Mar 2013,1.817328745699093,5.029520295202952,,False,11398,0.17004991680532447,False
ADANIPORTS,Mar 2014,1.4807758128921849,3.6888433981576254,,False,12916,0.19572881630668235,False
ADANIPORTS,Mar 2015,1.651277287505806,3.90468085106383,,False,17516,0.19175861853999127,False
ADANIPORTS,Mar 2016,1.6543502406516104,4.72153024911032,,False,21797,0.18520255308063047,False
ADANIPORTS,Mar 2017,1.2674883030925481,5.784050179211469,,False,21053,0.19458599460444095,False
ADANIPORTS,Mar 2018,1.0701813136870306,5.067131095630145,,False,21291,0.23972646243092752,False
ADANIPORTS,Mar 2019,1.1370425077958313,5.693140794223827,,False,26930,0.19401182717408677,False
ADANIPORTS,Mar 2020,1.1879640177554307,4.036391594054331,,False,29064,0.1917567065587803,False
ADANIPORTS,Mar 2021,1.1778522387569397,4.725055432372505,,False,33619,0.16827116462417205,False
ADANIPORTS,Mar 2022,1.1461944955883407,4.465408805031447,,False,44774,0.1741009681881051,False
ADANIPORTS,Mar 2023,1.1772455881380952,4.771053745239103,,False,46002,0.18524737258246493,False
ADANIPORTS,Mar 2024,0.9373223691689719,5.949506037321624,,False,45181,0.22830109659056916,False
ADANIPOWER,Mar 2013,9.735616119263918,0.6899588960657663,,True,41773,0.12236688121708601,True
ADANIPOWER,Mar 2014,6.747669264863212,1.1364728495915426,,True,44035,0.2609509865676978,True
ADANIPOWER,Mar 2015,7.815196506550218,1.2060032894736843,,True,44385,0.3195095256011219,True
ADANIPOWER,Mar 2016,7.06065881092662,1.5469424460431656,,False,52729,0.33481542074570547,True
ADANIPOWER,Mar 2017,17.494666666666667,0.3920704845814978,,True,52320,0.31625903707121983,True
ADANIPOWER,Mar 2018,59.43194600674916,1.111310592459605,,True,52835,0.29202623403520883,True
ADANIPOWER,Mar 2019,6.091804979253112,1.313593777620647,,True,46977,0.3513127895859381,True
ADANIPOWER,Mar 2020,8.517049837987965,1.139604891815616,,True,55196,0.3527890703098967,True
ADANIPOWER,Mar 2021,4.005109433386716,2.0754014884449665,,False,52499,0.3327284724513362,False
ADANIPOWER,Mar 2022,2.662675407704394,3.3672771672771673,,False,48962,0.33801734548248985,False
ADANIPOWER,Mar 2023,1.4175257731958764,4.2927414517096585,,False,41696,0.4517891891262045,False
ADANIPOWER,Mar 2024,0.8023177656738903,8.297225501770956,,False,34242,0.5472399439185297,False
AMBUJACEM,Dec 2012,0.006820506991019666,32.58974358974359,,False,-1521,0.7897124341838802,False
AMBUJACEM,Dec 2013,0.0050729232720355105,30.73134328358209,,False,-1666,0.7070855202222909,False
AMBUJACEM,Dec 2014,0.0033763654419066533,35.65151515151515,,False,-2063,0.7173223807465052,False
AMBUJACEM,Dec 2015,0.0034076526141563626,20.597826086956523,,False,-2114,0.6677280124531239,False
AMBUJACEM,Dec 2016,0.00146309469754301,23.673202614379086,,False,-146,0.6121740190104802,False
AMBUJACEM,Dec 2017,0.0011609907120743034,20.354368932038835,,False,-129,0.6648736939930722,False
AMBUJACEM,Dec 2018,0.001788109074653554,24.958823529411763,,False,-93,0.6964510176245621,False
AMBUJACEM,Dec 2019,0.0017027992358169283,30.576470588235296,,False,-109,0.6745980387276619,False
AMBUJACEM,Dec 2020,0.02069692841762974,37.81428571428572,,False,304,0.6172516239488394,False
AMBUJACEM,Dec 2021,0.01881359943204228,44.26027397260274,,False,279,0.6407477048999004,False
AMBUJACEM,Mar 2024,0.01686125048243921,28.264492753623188,,False,-150,0.5081135747230352,False
APOLLOHOSP,Mar 2013,0.4415726246814707,6.262135922330097,,False,686,0.7829248026589115,False
APOLLOHOSP,Mar 2014,0.4514612025529056,5.831932773109243,,False,1022,0.814392523364486,False
APOLLOHOSP,Mar 2015,0.6279949558638083,6.6440677966101696,,False,1681,0.7940857717912989,False
APOLLOHOSP,Mar 2016,0.8505402160864346,4.311111111111111,,False,2482,0.8355978260869565,False
APOLLOHOSP,Mar 2017,0.9429692214846107,3.0894941634241246,,False,2719,0.8954708132790324,False
APOLLOHOSP,Mar 2018,1.0538130381303814,2.7966101694915255,,False,3075,0.9589343880874825,False
APOLLOHOSP,Mar 2019,1.1016796640671866,3.3516819571865444,,False,3211,1.0492035784420686,False
APOLLOHOSP,Mar 2020,1.0766467065868264,3.401500938086304,,False,3162,0.996279564177518,False
APOLLOHOSP,Mar 2021,0.9037584184227677,2.7683741648106905,,False,2817,0.9269662921348315,False
APOLLOHOSP,Mar 2022,0.723457229237062,6.746701846965699,,False,3252,1.1057235502601614,False
APOLLOHOSP,Mar 2023,0.6989351403678606,5.616797900262467,,False,3758,1.152330743618202,False
APOLLOHOSP,Mar 2024,0.7688869665513264,5.565701559020044,,False,4347,1.1383944570541153,False
ASIANPAINT,Mar 2013,0.0741725768321513,44.07142857142857,,False,-45,1.5483490566037736,False
ASIANPAINT,Mar 2013,0.0741725768321513,44.07142857142857,,False,-45,1.5483490566037736,False
ASIANPAINT,Mar 2014,0.06164892300074276,44.333333333333336,,False,-1175,1.513312693498452,False
ASIANPAINT,Mar 2014,0.06164892300074276,44.333333333333336,,False,-1175,1.513312693498452,False
ASIANPAINT,Mar 2015,0.08814846056516237,56.785714285714285,,False,-1170,1.5273726722010321,False
ASIANPAINT,Mar 2015,0.08814846056516237,56.785714285714285,,False,-1170,1.5273726722010321,False
ASIANPAINT,Mar 2016,0.04950191570881226,59.95918367346939,,False,-2389,1.351548442087319,False
ASIANPAINT,Mar 2016,0.04950191570881226,59.95918367346939,,False,-2389,1.351548442087319,False
ASIANPAINT,Mar 2017,0.07364544976328248,90.05405405405405,,False,-2092,1.2141878274889157,False
ASIANPAINT,Mar 2017,0.07364544976328248,90.05405405405405,,False,-2092,1.2141878274889157,False
ASIANPAINT,Mar 2018,0.0633769322235434,86.34146341463415,,False,-1608,1.2224805638305603,False
ASIANPAINT,Mar 2018,0.0633769322235434,86.34146341463415,,False,-1608,1.2224805638305603,False
ASIANPAINT,Mar 2019,0.13937282229965156,36.71818181818182,,False,-1249,1.1840728660225244,False
ASIANPAINT,Mar 2019,0.13937282229965156,36.71818181818182,,False,-1249,1.1840728660225244,False
ASIANPAINT,Mar 2020,0.11036525172754195,44.23529411764706,,False,-901,1.2523856735654977,False
ASIANPAINT,Mar 2020,0.11036525172754195,44.23529411764706,,False,-901,1.2523856735654977,False
ASIANPAINT,Mar 2021,0.0853506168983289,56.391304347826086,,False,-3644,1.0667157946450503,False
ASIANPAINT,Mar 2021,0.0853506168983289,56.391304347826086,,False,-3644,1.0667157946450503,False
ASIANPAINT,Mar 2022,0.11490008688097307,53.68421052631579,,False,-1661,1.2675755727850857,False
ASIANPAINT,Mar 2022,0.11490008688097307,53.68421052631579,,False,-1661,1.2675755727850857,False
ASIANPAINT,Mar 2023,0.12087293646823412,46.46527777777778,,False,-2329,1.3378719112455875,False
ASIANPAINT,Mar 2023,0.12087293646823412,46.46527777777778,,False,-2329,1.3378719112455875,False
ASIANPAINT,Mar 2024,0.1321016659547202,41.00487804878049,,False,-2114,1.187084044011906,False
ASIANPAINT,Mar 2024,0.1321016659547202,41.00487804878049,,False,-2114,1.187084044011906,False
ATGL,Mar 2018,1.3238188976377954,3.568,,False,1165,0.49018908312522297,False
ATGL,Mar 2019,0.35753176043557167,5.711111111111111,,False,218,0.83935546875,False
ATGL,Mar 2020,0.2909585316111489,15.585365853658537,,False,146,0.7572697899838449,False
ATGL,Mar 2021,0.27352637021716647,18.35,,False,112,0.529338327091136,False
ATGL,Mar 2022,0.4283940397350993,15.452830188679245,,False,401,0.6881087202718007,False
ATGL,Mar 2023,0.48350901054063244,11.846153846153847,,False,740,0.7755535872453498,False
ATGL,Mar 2024,0.43491620111731844,10.504504504504505,,False,851,0.6788531553398058,False
BAJAJ-AUTO,Mar 2013,0.014383137011779294,4446.0,,False,-5943,1.5840056953013764,False
BAJAJ-AUTO,Mar 2014,0.0058030884233303826,4837.0,,False,-8389,1.3154559707342566,False
BAJAJ-AUTO,Mar 2015,0.010094637223974764,726.0,,False,-8873,1.3525616935988976,False
BAJAJ-AUTO,Mar 2016,0.008416547788873038,5987.0,,False,-10949,1.3093967517401393,False
BAJAJ-AUTO,Mar 2017,0.006720430107526882,5897.0,,False,-15357,1.0054071540807838,False
BAJAJ-AUTO,Mar 2018,0.005924112607099143,6250.0,,False,-18774,1.0027445209021122,False
BAJAJ-AUTO,Mar 2019,0.005380278052769767,1806.5,,False,-20478,1.0528542692654506,False
BAJAJ-AUTO,Mar 2020,0.005816637429600221,2313.6666666666665,,False,-19788,1.1285929837797057,False
BAJAJ-AUTO,Mar 2021,0.0044366223004436624,929.7142857142857,,False,-24566,0.8255758585798464,False
BAJAJ-AUTO,Mar 2022,0.004119360996684417,881.1111111111111,,False,-26511,0.9440061519182023,False
BAJAJ-AUTO,Mar 2023,0.004223145562291397,204.2,,False,-26059,1.037539845173042,False
BAJAJ-AUTO,Mar 2024,0.06601754022512257,174.41666666666666,,False,-26175,1.1404534363562424,False
AXISBANK,Mar 2013,8.93461608058387,1.2697298122424057,,True,182876,0.07981900293048468,False
AXISBANK,Mar 2014,8.680070840712574,1.3034436191762322,,True,220187,0.0793089167852983,False
AXISBANK,Mar 2015,9.046652873256358,1.331261207411835,,True,288111,0.07593265174652161,False
AXISBANK,Mar 2016,8.815511865419444,1.4272756376053783,,True,340751,0.07501642608627218,False
AXISBANK,Mar 2017,9.355037247250799,2.0353263193909847,,False,398419,0.07284508276883928,False
AXISBANK,Mar 2018,9.522715591757908,2.632716330810614,,False,458388,0.06505585452953874,False
AXISBANK,Mar 2019,10.501106162060116,2.0674028941355673,,False,537940,0.06754655142338394,False
AXISBANK,Mar 2020,9.234850590687978,2.2559052584153956,,False,642055,0.06750392295489033,False
AXISBANK,Mar 2021,8.210427244821128,2.588470319634703,,False,625215,0.06328240118680725,False
AXISBANK,Mar 2022,8.632964375406939,1.968793114775639,,False,746335,0.056345695985629454,False
AXISBANK,Mar 2023,8.876784737365254,1.8029486464721551,,False,863943,0.06334636995339248,False
AXISBANK,Mar 2024,8.249122739980766,1.691203992514036,,False,962948,0.0720367478374617,False
BAJAJFINSV,Mar 2013,1.6650858754165598,3.2666112956810633,,False,-30260,0.12322166131252868,False
BAJAJFINSV,Mar 2014,2.0948238831615122,2.87708066581306,,False,-25807,0.08097280292539961,False
BAJAJFINSV,Mar 2015,2.372801875732708,2.4748878923766817,,False,-25055,0.12847395384685134,False
BAJAJFINSV,Mar 2016,2.651812633281859,2.3423705248522766,,False,-17636,0.19752575732797184,False
BAJAJFINSV,Mar 2017,2.989412420283574,2.344725511302476,,False,-14376,0.19054690780163902,False
BAJAJFINSV,Mar 2018,3.2072938534394377,2.3811520635621277,,False,-3733,0.20346223856755452,False
BAJAJFINSV,Mar 2019,4.201937657961246,2.259125732311852,,False,18075,0.20441111558907632,False
BAJAJFINSV,Mar 2020,4.0640214682767875,1.9218947368421053,,False,35391,0.21627590488014517,False
BAJAJFINSV,Mar 2021,3.585291655037678,2.1171015742937245,,False,14807,0.21651985920777572,False
BAJAJFINSV,Mar 2022,4.004745695331329,2.2289957420292867,,False,41957,0.20516896461745643,False
BAJAJFINSV,Mar 2023,4.573986683043507,2.4126817447495963,,False,76089,0.2024464665849369,False
BAJAJFINSV,Mar 2024,4.789368120938867,2.197130112323319,,False,120548,0.2053943414307379,False
BAJAJHLDNG,Mar 2013,0.0,,Debt Free,False,-9577,0.03127610208816705,False
BAJAJHLDNG,Mar 2014,0.0,,Debt Free,False,-11325,0.03398136246786632,False
BAJAJHLDNG,Mar 2015,0.0,,Debt Free,False,-13078,0.037716835816598286,False
BAJAJHLDNG,Mar 2016,0.0,,Debt Free,False,-13276,0.030377456049638055,False
BAJAJHLDNG,Mar 2017,0.0,,Debt Free,False,-17364,0.047068030633350105,False
BAJAJHLDNG,Mar 2018,0.0,,Debt Free,False,-24575,0.016621156357592308,False
BAJAJHLDNG,Mar 2019,0.0,,Debt Free,False,-26257,0.0159582345971564,False
BAJAJHLDNG,Mar 2020,0.006051219248640277,258.38461538461536,,False,-31900,0.013290965199058938,False
BAJAJHLDNG,Mar 2021,0.0036591600075335648,950.75,,False,-44778,0.010046163992086172,False
BAJAJHLDNG,Mar 2022,0.0026609401988702676,1421.0,,False,-52850,0.009031872807344929,False
BAJAJHLDNG,Mar 2023,0.0021049296093431716,721.8571428571429,,False,-52462,0.009814243814394224,False
BAJAJHLDNG,Mar 2024,0.0011613545449517945,3764.5,,False,-64652,0.026119918356071883,False
BAJFINANCE,Mar 2015,5.553125,68.34615384615384,,False,26329,0.16449054301403296,False
BAJFINANCE,Mar 2016,4.985189174633096,68.02857142857142,,False,35996,0.1553871372916356,False
BAJFINANCE,Mar 2017,5.130208333333333,149.04545454545453,,False,45180,0.15643878175456213,False
BAJFINANCE,Mar 2018,4.1997097425542655,414.6,,False,63418,0.15031014882426472,False
BAJFINANCE,Mar 2019,5.1575366807127985,422.15384615384613,,False,92989,0.1488090925921454,False
BAJFINANCE,Mar 2020,4.015280871071517,1020.8888888888889,,False,112262,0.1604345736688748,False
BAJFINANCE,Mar 2021,3.5655777669429547,3621.0,,False,113237,0.15555490756400536,False
BAJFINANCE,Mar 2022,3.779928167821929,-700.6470588235294,,True,152986,0.14889461944603918,False
BAJFINANCE,Mar 2023,3.985323328183624,-2546.4,,True,193938,0.15046180230065473,False
BAJFINANCE,Mar 2024,3.824788776468134,2689.1666666666665,,False,262465,0.14630251608816688,False
BANKBARODA,Mar 2013,15.299320954269575,2.4280647306583907,,False,383575,0.06514631194503984,False
BANKBARODA,Mar 2014,16.301767643406347,2.169396939693969,,False,494860,0.059847301598570636,False
BANKBARODA,Mar 2015,15.838045599504975,2.4716461736098365,,False,540744,0.06119493273530382,False
BANKBARODA,Mar 2016,14.599816483542337,4.233144192256342,,False,491642,0.06626271570214692,False
BANKBARODA,Mar 2017,15.057909768500243,2.4240897064382008,,False,507783,0.06183538742185936,False
BANKBARODA,Mar 2018,14.437808701627796,3.2623873873873874,,False,497174,0.061588989510508216,False
BANKBARODA,Mar 2019,13.354716706669576,3.271839736274883,,False,538740,0.06454548781826833,False
BANKBARODA,Mar 2020,14.046318196152633,3.327700762857846,,False,779254,0.06574939475888278,False
BANKBARODA,Mar 2021,12.95270057045758,2.591475454483557,,False,785314,0.061791002829544674,False
BANKBARODA,Mar 2022,12.902404510770772,2.6060437651962487,,False,837744,0.05475998062861488,False
BANKBARODA,Mar 2023,12.77989624482414,2.3494930875576037,,False,945105,0.06193380698630487,False
BANKBARODA,Mar 2024,12.143718727289434,1.8967477242617206,,False,1046625,0.07153782236255685,False
BHARTIARTL,Mar 2013,1.326179404634156,5.337242752821421,,False,59026,0.48709881623092993,False
BHARTIARTL,Mar 2014,1.2700984001606532,4.999659806089471,,False,60365,0.47310074273246205,False
BHARTIARTL,Mar 2015,2.097066143751414,7.837381916329285,,False,72663,0.5282045081043647,False
BHARTIARTL,Mar 2016,1.5073536019170286,4.545050315937281,,False,88669,0.4300402722834028,False
BHARTIARTL,Mar 2017,1.5904650369865247,3.880067036765476,,False,92949,0.41092965797470754,False
BHARTIARTL,Mar 2018,1.60112173725462,3.413574951747802,,False,95175,0.33119056111509654,False
BHARTIARTL,Mar 2019,1.7561289780602887,2.8467331952551307,,False,109717,0.29478954551757863,False
BHARTIARTL,Mar 2020,1.9214207012768163,-0.08326186392224127,,True,122752,0.2437794319545742,False
BHARTIARTL,Mar 2021,2.7612674503417978,2.7210920416142073,,False,135235,0.2921342442446221,False
BHARTIARTL,Mar 2022,2.5494786188658836,3.742778045257583,,False,140329,0.32265985985875134,False
BHARTIARTL,Mar 2023,2.914018281912768,3.7457512953367877,,False,193066,0.3129969835139251,False
BHARTIARTL,Mar 2024,2.6094723973904306,3.3055457435535147,,False,183990,0.3393112060793767,False
BEL,Mar 2013,4.0,184.42857142857142,,False,24,139.4,False
BEL,Mar 2014,3.0,194.71428571428572,,False,21,141.69565217391303,False
BEL,Mar 2015,3.7142857142857144,240.85714285714286,,False,26,144.75510204081633,False
BEL,Mar 2016,2.0833333333333335,196.6,,False,25,141.42307692307693,False
BEL,Mar 2017,1.9333333333333333,122.88888888888889,,False,29,112.41558441558442,False
BEL,Mar 2018,1.5483870967741935,372.5,,False,48,85.95867768595042,False
BEL,Mar 2019,0.9591836734693877,186.375,,False,47,96.53968253968254,False
BEL,Mar 2020,0.8,357.25,,False,44,106.29508196721312,False
BEL,Mar 2021,0.8305084745762712,333.9,,False,49,92.82236842105263,False
BEL,Mar 2022,0.8405797101449275,397.3333333333333,,False,58,94.28220858895706,False
BEL,Mar 2023,0.52,230.05263157894737,,False,39,123.15277777777777,False
BEL,Mar 2024,0.5119047619047619,476.75,,False,42,125.88819875776397,False
BHEL,Mar 2013,0.08831712985695113,82.9296875,,False,2692,0.6809295719735999,False
BHEL,Mar 2014,0.14147900274336017,46.58646616541353,,False,4687,0.5251622837875509,False
BHEL,Mar 2015,0.055222615254187736,36.54347826086956,,False,1883,0.44127467140019444,False
BHEL,Mar 2016,0.006529475475785239,0.375,,True,-585,0.3889320950943166,False
BHEL,Mar 2017,0.0048164500293309456,4.47457627118644,,False,-601,0.4613601737495543,False
BHEL,Mar 2018,0.0034018865006958405,7.066666666666666,,False,-319,0.450844541757898,False
BHEL,Mar 2019,0.08406678747087756,7.126984126984127,,False,2446,0.47202667080167465,False
BHEL,Mar 2020,0.17725052337752967,0.7455138662316476,,True,4918,0.35599011461080426,False
BHEL,Mar 2021,0.1905476657814725,-5.687366167023555,,True,4766,0.30931022158684773,False
BHEL,Mar 2022,0.18222289292990265,2.752232142857143,,False,4625,0.3721815725289958,False
BHEL,Mar 2023,0.22372631060792517,2.5947712418300655,,False,5219,0.4051921476137625,False
BHEL,Mar 2024,0.36238644733611586,1.5929951690821256,,False,8600,0.399628688031043,False
BOSCHLTD,Dec 2012,0.041270410909743406,286.5,,False,-1299,1.0957985320172108,False
BOSCHLTD,Dec 2013,0.029075309818875118,,Debt Free,False,-2019,0.9849285794623777,False
BOSCHLTD,Mar 2015,0.015108207431604737,179.85714285714286,,False,-2779,1.1586616815262198,False
BOSCHLTD,Mar 2016,0.005243838489774515,192.3846153846154,,False,-4578,0.7802622054210568,False
BOSCHLTD,Mar 2017,0.0,106.48148148148148,,False,-3927,0.8843220338983051,False
BOSCHLTD,Mar 2018,0.0,837.0,,False,-5240,0.8393767501974582,False
BOSCHLTD,Mar 2019,0.0,211.84615384615384,,False,-4054,0.9508261211644374,False
BOSCHLTD,Mar 2020,0.007982740021574973,137.8,,False,-3968,0.7388888888888889,False
BOSCHLTD,Mar 2021,0.005497302249821846,65.85714285714286,,False,-5103,0.6577771761202111,False
BOSCHLTD,Mar 2022,0.0068300898203592815,63.89655172413793,,False,-5455,0.764568462037638,False
BOSCHLTD,Mar 2023,0.004812494324888767,190.08333333333334,,False,-4970,0.9181991512393136,False
BOSCHLTD,Mar 2024,0.003232758620689655,71.7843137254902,,False,-5086,0.9638144626908672,False
BPCL,Mar 2013,1.9765722801788375,3.256949960285941,,False,25687,3.0414050334053346,False
BPCL,Mar 2014,1.705349794238683,5.4278506559031285,,False,26167,2.9891589418946416,False
BPCL,Mar 2015,1.1298643737257335,10.082203389830509,,False,17780,2.81038437478279,False
BPCL,Mar 2016,0.8414765776786357,21.888235294117646,,False,13987,2.173231353127676,False
BPCL,Mar 2017,1.1591875141957884,23.71264367816092,,False,14398,1.844883853106723,False
BPCL,Mar 2018,1.0284005570878505,15.382799325463743,,False,13934,1.9599770680315065,False
BPCL,Mar 2019,1.1566877337804722,10.253401360544217,,False,19932,2.1780085593678336,False
BPCL,Mar 2020,1.792291689477718,3.931740614334471,,False,38447,1.8863316982632905,False
BPCL,Mar 2021,1.0182429278312015,16.535113174695297,,False,27764,1.4298289207220862,False
BPCL,Mar 2022,1.243309893073885,9.23867996930161,,False,40918,1.849265980195063,False
BPCL,Mar 2023,1.2962146407084938,3.4539385847797064,,False,42598,2.5154936765386027,False
BPCL,Mar 2024,0.7218747934157467,11.355507351168956,,False,27968,2.213651947949293,False
BRITANNIA,Mar 2013,0.6810035842293907,11.536585365853659,,False,272,3.2846521508231548,False
BRITANNIA,Mar 2014,0.18796992481203006,82.625,,False,-48,3.280968201233982,False
BRITANNIA,Mar 2015,0.11646586345381527,274.5,,False,-373,2.8134622269960614,False
BRITANNIA,Mar 2016,0.06261950286806883,267.8,,False,-657,2.403262736119061,False
BRITANNIA,Mar 2017,0.046364985163204746,285.8,,False,-362,2.2034558286687758,False
BRITANNIA,Mar 2018,0.05901350557839107,208.375,,False,-878,1.9109483423284503,False
BRITANNIA,Mar 2019,0.03667999059487421,215.33333333333334,,False,-1320,1.7722026290477717,False
BRITANNIA,Mar 2020,0.3493072904837611,27.350649350649352,,False,-1355,1.4814814814814814,False
BRITANNIA,Mar 2021,0.5980834272829764,25.423423423423422,,False,-659,1.642,False
BRITANNIA,Mar 2022,0.9698983580922595,16.82638888888889,,False,719,1.8780390593862097,False
BRITANNIA,Mar 2023,0.8480475382003395,20.284023668639055,,False,-327,1.743236017538231,False
BRITANNIA,Mar 2024,0.5239786856127886,20.597560975609756,,False,-702,1.8484347442680775,False
CANBK,Mar 2013,14.936447410231967,2.1822853688029022,,False,248506,0.08124982114069311,False
CANBK,Mar 2014,14.843352332979851,2.3248069498069497,,False,312468,0.07896785008681076,False
CANBK,Mar 2015,15.37264557429521,2.1764208747094864,,False,347366,0.07843948166528812,False
CANBK,Mar 2016,15.634433816723234,3.3739080896315987,,False,354242,0.07812142445341257,False
CANBK,Mar 2017,15.420441112873,1.9965613856342332,,False,372785,0.06954017300753658,False
CANBK,Mar 2018,15.279182589370409,3.4536361178696944,,False,406312,0.06547784015773594,False
CANBK,Mar 2019,16.98548648146674,2.7433128091248613,,False,471488,0.06736744204343177,False
CANBK,Mar 2020,16.215356986846576,2.2699381303500297,,False,475525,0.0671112969356927,False
CANBK,Mar 2021,17.000448646050312,1.8804037078749025,,False,774807,0.05955965885006019,False
CANBK,Mar 2022,16.18939123225797,1.7432643911517152,,False,821279,0.056096772374083344,False
CANBK,Mar 2023,15.850052527737208,1.6884501480750247,,False,884267,0.06218909075110606,False
CANBK,Mar 2024,14.867419925542423,1.6106611743349857,,False,970573,0.0719985042520674,False
CHOLAFIN,Mar 2013,7.822233606557377,706.0,,False,15097,0.14099188062321702,False
CHOLAFIN,Mar 2014,7.903366856143419,950.0,,False,18036,0.1522001485332343,False
CHOLAFIN,Mar 2015,7.457943925233645,,Debt Free,False,19925,0.15564772917714095,False
CHOLAFIN,Mar 2016,6.143324250681199,643.5,,False,22530,0.15109899960557927,False
CHOLAFIN,Mar 2017,5.600511865984179,448.6666666666667,,False,23889,0.15340871952415192,False
CHOLAFIN,Mar 2018,7.479024390243903,,Debt Free,False,38307,0.12586320103244503,False
CHOLAFIN,Mar 2019,8.145457474226804,1659.0,,False,50525,0.12363889372064707,False
CHOLAFIN,Mar 2020,6.707926829268293,,Debt Free,False,54972,0.13600174841549845,False
CHOLAFIN,Mar 2021,6.638541666666667,52.410714285714285,,False,62147,0.12838272332672418,False
CHOLAFIN,Mar 2022,5.87764465969921,35.17857142857143,,False,67119,0.12303887097165304,False
CHOLAFIN,Mar 2023,6.786421302105117,16.581818181818182,,False,93796,0.113388543215961,False
CHOLAFIN,Mar 2024,6.863420609401317,21.211764705882352,,False,130439,0.12230192869816066,False
CIPLA,Mar 2013,0.10721809513249805,24.86530612244898,,False,-1565,0.7101561159718648,False
CIPLA,Mar 2014,0.1241667495771565,32.059760956175296,,False,539,0.7591791044776119,False
CIPLA,Mar 2015,0.15765598963154973,56.109756097560975,,False,1063,0.7239948947032546,False
CIPLA,Mar 2016,0.45168012503256055,54.46153846153846,,False,4443,0.6551380113069505,False
CIPLA,Mar 2017,0.3278858418367347,57.28365384615385,,False,3140,0.6897311802194642,False
CIPLA,Mar 2018,0.2880033733923677,44.1,,False,2839,0.668460283156177,False
CIPLA,Mar 2019,0.2875033306687983,27.849056603773583,,False,1762,0.6885784024913728,False
CIPLA,Mar 2020,0.17864619678995114,40.53779069767442,,False,1345,0.731417837168595,False
CIPLA,Mar 2021,0.10989850485648806,56.12406015037594,,False,-696,0.7708710521021928,False
CIPLA,Mar 2022,0.05066935367784655,174.06060606060606,,False,-1495,0.8103287783445656,False
CIPLA,Mar 2023,0.03430597684453369,60.57337883959045,,False,-2859,0.7765529010238907,False
CIPLA,Mar 2024,0.020931625851868495,35.33876811594203,,False,-4890,0.7922417237881536,False
COALINDIA,Mar 2013,0.026922759531275788,5.740630712979891,,False,-1090,0.6154365983979528,False
COALINDIA,Mar 2014,0.0041977171964908975,7.374389733575115,,False,-3597,0.6728544473879815,False
COALINDIA,Mar 2015,0.010110772433276337,8.645357686453577,,False,-2405,0.6661453980065968,False
COALINDIA,Mar 2016,0.034421382022794475,9.963125105236571,,False,-1707,0.6856375484325467,False
COALINDIA,Mar 2017,0.12293009217717596,12.364936042136945,,False,1531,0.6591278976616324,False
COALINDIA,Mar 2018,0.07622162751511548,15.269748743718592,,False,-166,0.6793920507527635,False
COALINDIA,Mar 2019,0.08353808353808354,12.787795680493657,,False,-960,0.7486487096022433,False
COALINDIA,Mar 2020,0.20008085331343098,11.56455617628802,,False,4461,0.64044794027463,False
COALINDIA,Mar 2021,0.16112602004490936,19.085783003741316,,False,-66,0.5589906302972351,False
COALINDIA,Mar 2022,0.08145006142363767,21.99120538023797,,False,-5407,0.6114436344992086,False
COALINDIA,Mar 2023,0.07118320924346268,14.33719512195122,,False,-2808,0.6244557263907207,False
COALINDIA,Mar 2024,0.0788468512027076,11.24178180085755,,False,-587,0.6018691588785047,False
DABUR,Mar 2013,0.5494033412887828,18.508474576271187,,False,222,1.3038861754087916,False
DABUR,Mar 2014,0.26656626506024095,23.85185185185185,,False,-368,1.3286897590361446,False
DABUR,Mar 2015,0.21884317233154443,36.85,,False,-1079,1.2766131673763512,False
DABUR,Mar 2016,0.19299928074802206,36.145833333333336,,False,-1886,1.122331217541835,False
DABUR,Mar 2017,0.20115535382710956,33.48148148148148,,False,-2265,0.9847387480600104,False
DABUR,Mar 2018,0.16438836312653346,36.0,,False,-2867,0.8873822109859802,False
DABUR,Mar 2019,0.12411221590909091,32.7,,False,-2660,1.0092449922958397,False
DABUR,Mar 2020,0.07901907356948229,39.94,,False,-2278,0.9301702902431188,False
DABUR,Mar 2021,0.06641440501043841,75.06451612903226,,False,-3651,0.8826733130250162,False
DABUR,Mar 2022,0.12288236697685516,65.64102564102564,,False,-5190,0.8864376424617388,False
DABUR,Mar 2023,0.13083695531037556,33.42307692307692,,False,-5091,0.8445648989159098,False
DABUR,Mar 2024,0.13835394283397526,23.241935483870968,,False,-5568,0.8205874569992061,False
DIVISLAB,Mar 2013,0.013194722111155539,287.0,,False,-375,0.6833386428798981,False
DIVISLAB,Mar 2014,0.006072874493927126,362.0,,False,-484,0.6824797843665769,False
DIVISLAB,Mar 2015,0.007723112128146453,403.6666666666667,,False,-706,0.7071509648127128,False
DIVISLAB,Mar 2016,0.009783368273934312,303.2,,False,-761,0.7709269089424254,False
DIVISLAB,Mar 2017,0.006720179204778794,507.3333333333333,,False,-1595,0.6602761982128351,False
DIVISLAB,Mar 2018,0.010632911392405063,688.0,,False,-1826,0.5734708916728076,False
DIVISLAB,Mar 2019,0.015236452493891045,405.6,,False,-1840,0.6154803384768541,False
DIVISLAB,Mar 2020,0.00533515731874145,287.42857142857144,,False,-932,0.6322822646817489,False
DIVISLAB,Mar 2021,0.0005379236148466917,1462.0,,False,5,0.6470151332281125,False
DIVISLAB,Mar 2022,0.00034106412005457026,1998.5,,False,-68,0.6706586826347305,False
DIVISLAB,Mar 2023,0.0003133077465340331,1357.0,,False,-73,0.5384402079722703,False
DIVISLAB,Mar 2024,0.0002210596124088129,636.25,,False,-79,0.5074385510996119,False
DLF,Mar 2013,1.0338528508686695,1.6905790838375108,,False,25266,0.1202375980323913,False
DLF,Mar 2014,0.8809271764920606,1.4721883881445392,,True,23242,0.12860131731886865,False
DLF,Mar 2015,0.8949906828894004,1.5264756944444444,,False,23872,0.11543569466662643,False
DLF,Mar 2016,1.049648926004404,1.6686567164179105,,False,3954,0.1607996241636832,False
DLF,Mar 2017,1.1883774874862654,1.537248322147651,,False,27993,0.12854551709040873,False
DLF,Mar 2018,0.49534139503270935,4.1003049813622505,,False,-3341,0.11070396962944623,False
DLF,Mar 2019,0.5129258994519895,1.4219204655674103,,True,-3783,0.12583668005354753,False
DLF,Mar 2020,0.23523093447905477,1.598458304134548,,False,-10463,0.10883879048130256,False
DLF,Mar 2021,0.19482797645993663,2.17116060961313,,False,-12860,0.10121896500149566,False
DLF,Mar 2022,0.1150101754578956,3.1008,,False,-15597,0.111732171125921,False
DLF,Mar 2023,0.08846551861384562,5.211734693877551,,False,-16147,0.10832762687362094,False
DLF,Mar 2024,0.12259389820192235,7.457865168539326,,False,-15304,0.10880495691479457,False
DMART,Mar 2013,0.6666666666666666,5.348837209302325,,False,510,2.2392761394101877,False
DMART,Mar 2014,0.6705020920502092,6.375,,False,625,2.5918141592920354,False
DMART,Mar 2015,0.7533333333333333,6.611111111111111,,False,889,2.7341825902335457,False
DMART,Mar 2016,0.7836949375410914,7.483516483516484,,False,1163,2.7672469374597033,False
DMART,Mar 2017,0.3896408120770432,8.172131147540984,,False,1471,2.044681216703901,False
DMART,Mar 2018,0.09402441636324695,24.016666666666666,,False,371,2.6616501416430594,False
DMART,Mar 2019,0.12529085376767496,35.765957446808514,,False,683,2.8554096488723952,False
DMART,Mar 2020,0.030054151624548737,31.71014492753623,,False,318,2.0594567737661476,False
DMART,Mar 2021,0.032255416940249505,46.166666666666664,,False,390,1.7680703039179788,False
DMART,Mar 2022,0.04730223716917678,48.44444444444444,,False,641,2.0021976601383233,False
DMART,Mar 2023,0.039992536385122526,56.223880597014926,,False,441,2.3661971830985915,False
DMART,Mar 2024,0.031661140228901485,73.29310344827586,,False,485,2.398875873795579,False
DRREDDY,Mar 2013,0.5781127335531481,28.15,,False,3485,0.8843796711509716,False
DRREDDY,Mar 2014,0.5692307692307692,26.937007874015748,,False,3410,0.84339243052936,False
DRREDDY,Mar 2015,0.4378361920227342,34.888888888888886,,False,2066,0.8139459283740587,False
DRREDDY,Mar 2016,0.2666878828864667,46.74698795180723,,False,-481,0.7657648794884407,False
DRREDDY,Mar 2017,0.4010764964932311,33.46835443037975,,False,2808,0.655583264062067,False
DRREDDY,Mar 2018,0.40335666560610883,31.72151898734177,,False,2773,0.6389995078079556,False
DRREDDY,Mar 2019,0.27367370222475756,39.98876404494382,,False,1251,0.6890891248104202,False
DRREDDY,Mar 2020,0.14167574844541317,32.11224489795919,,False,-468,0.7542953106833742,False
DRREDDY,Mar 2021,0.17181565670880336,43.391752577319586,,False,819,0.7164134195877839,False
DRREDDY,Mar 2022,0.17613991255465333,45.03125,,False,768,0.7242990654205608,False
DRREDDY,Mar 2023,0.05784591600103066,52.03496503496503,,False,-3639,0.7659349871154025,False
DRREDDY,Mar 2024,0.07085722375592836,51.707602339181285,,False,-2928,0.7223053120165034,False
EICHERMOT,Dec 2012,0.013105413105413105,171.5,,False,-615,1.4292104674569448,False
EICHERMOT,Dec 2013,0.040875912408759124,101.0,,False,-741,1.2759977515458123,False
EICHERMOT,Dec 2014,0.023052464228934817,122.3,,False,-1020,1.3646728096204903,False
EICHERMOT,Mar 2016,0.006296194908294552,1008.0,,False,-3365,1.2498481473982588,False
EICHERMOT,Mar 2017,0.02095416276894294,647.5,,False,-4875,1.003424168925667,False
EICHERMOT,Mar 2018,0.021479374110953058,669.0,,False,-5430,0.9415038857382902,False
EICHERMOT,Mar 2019,0.020968827091276072,515.0,,False,-4736,0.8603670852726794,False
EICHERMOT,Mar 2020,0.024947400060114217,145.0,,False,-5500,0.7352610441767068,False
EICHERMOT,Mar 2021,0.01914670396922539,141.5625,,False,-3683,0.5989422350436157,False
EICHERMOT,Mar 2022,0.008565989847715736,140.73684210526315,,False,-7613,0.6380421313506816,False
EICHERMOT,Mar 2023,0.019212808539026016,155.5,,False,-12033,0.7522658610271903,False
EICHERMOT,Mar 2024,0.023219728456636186,114.70588235294117,,False,-13108,0.7153796236210254,False
GAIL,Mar 2013,0.5720636243661874,19.02517162471396,,False,15218,0.8522797572271732,False
GAIL,Mar 2014,0.5711424698052748,13.804185351270553,,False,17255,0.9237269124355044,False
GAIL,Mar 2015,0.5376227147140086,10.085889570552148,,False,17019,0.8692101221490189,False
GAIL,Mar 2016,0.24866082465730846,6.407542579075426,,False,-792,0.8813131740683676,False
GAIL,Mar 2017,0.16672179112072255,14.210216110019646,,False,-3572,0.8329244651833044,False
GAIL,Mar 2018,0.09299647304397898,29.661016949152543,,False,-6576,0.8882369240297948,False
GAIL,Mar 2019,0.04834362229371359,73.31446540880503,,False,-8498,1.1134656417151376,False
GAIL,Mar 2020,0.14029390273605585,41.48220064724919,,False,-2981,0.9677582939653562,False
GAIL,Mar 2021,0.14803881012372608,56.30167597765363,,False,-5185,0.7080340614587189,False
GAIL,Mar 2022,0.14374395607823565,89.53465346534654,,False,-7192,0.9605110577321295,False
GAIL,Mar 2023,0.274400480539683,28.279452054794522,,False,568,1.3512174759983304,False
GAIL,Mar 2024,0.28304998896060884,23.624478442280946,,False,-116,1.0680883472962681,False
GODREJCP,Mar 2013,0.7413220645940235,13.666666666666666,,False,2335,0.8332683560753736,False
GODREJCP,Mar 2014,0.6286092715231788,10.258333333333333,,False,2237,0.9133413461538461,False
GODREJCP,Mar 2015,0.6302482022732545,12.964285714285714,,False,2531,0.9066301369863013,False
GODREJCP,Mar 2016,0.67752519334427,10.8984375,,False,2701,0.8703378448186796,False
GODREJCP,Mar 2017,0.7546208977744248,12.876623376623376,,False,3067,0.7162287480680062,False
GODREJCP,Mar 2018,0.5605624800255673,13.68208092485549,,False,2511,0.7102567801500288,False
GODREJCP,Mar 2019,0.4653914958029448,10.478991596638656,,False,2866,0.7318007662835249,False
GODREJCP,Mar 2020,0.45264623955431754,9.587719298245615,,False,2903,0.6660618279569892,False
GODREJCP,Mar 2021,0.1974785464561924,17.55072463768116,,False,1185,0.7742909295141814,False
GODREJCP,Mar 2022,0.1474558670820353,20.385245901639344,,False,689,0.7633378932968536,False
GODREJCP,Mar 2023,0.08191967522111063,13.601063829787234,,False,-1899,0.7636634742214831,False
GODREJCP,Mar 2024,0.2557548817272583,2.412903225806452,,False,-282,0.7664201826881253,False
GRASIM,Mar 2013,0.48583201912804597,20.82716049382716,,False,1539,0.6325272533599257,False
GRASIM,Mar 2014,0.44788341429562806,12.284116331096197,,False,2070,0.5934933802580862,False
GRASIM,Mar 2015,0.5155574762316335,8.506746626686656,,False,4675,0.5873077563711065,False
GRASIM,Mar 2016,0.45590433482810166,10.071030640668523,,False,1904,0.5788740432388881,False
GRASIM,Mar 2017,0.29352916812693153,12.055555555555555,,False,-4987,0.5748163258801218,False
GRASIM,Mar 2018,1.1692613448161644,3.282009282009282,,False,1075,0.26885170202838876,False
GRASIM,Mar 2019,1.4561702861082386,2.441254125412541,,False,21740,0.3201632334827705,False
GRASIM,Mar 2020,1.4969540727137889,2.532510885341074,,False,18440,0.27951396709817716,False
GRASIM,Mar 2021,1.2074083122118056,3.4536082474226806,,False,-8939,0.28578375082756996,False
GRASIM,Mar 2022,0.9873842454986196,4.622906197654942,,False,-22022,0.3309746877907238,False
GRASIM,Mar 2023,1.3085646795864976,4.1896095301125085,,False,-2316,0.34922496385341856,False
GRASIM,Mar 2024,1.5470993649397087,3.015845639754231,,False,7849,0.3178182841724175,False
HAL,Mar 2016,0.15,679.3333333333334,,False,18,95.2159090909091,False
HAL,Mar 2017,0.015037593984962405,267.5,,False,-20,105.58823529411765,False
HAL,Mar 2018,0.023076923076923078,120.6,,False,-21,111.56024096385542,False
HAL,Mar 2019,0.06015037593984962,27.937853107344633,,False,-14,114.33142857142857,False
HAL,Mar 2020,0.014492753623188406,14.749303621169917,,False,-16,123.95953757225433,False
HAL,Mar 2021,0.041666666666666664,21.352059925093634,,False,-11,123.02150537634408,False
HAL,Mar 2022,0.0784313725490196,98.55384615384615,,False,-17,121.88118811881188,False
HAL,Mar 2023,0.2655367231638418,130.328125,,False,12,99.36531365313652,False
HAL,Mar 2024,0.6180904522613065,270.8837209302326,,False,80,67.51333333333334,False
HAVELLS,Mar 2013,0.680998613037448,7.284552845528455,,False,982,1.6004934948407357,False
HAVELLS,Mar 2014,0.6326530612244898,7.96078431372549,,False,1054,1.5099399849962492,False
HAVELLS,Mar 2015,0.23322332233223322,8.364583333333334,,False,424,1.7685881370091896,False
HAVELLS,Mar 2016,0.04426825239511067,19.175824175824175,,False,-55,1.7310234784590837,False
HAVELLS,Mar 2017,0.06349206349206349,65.92307692307692,,False,46,1.1861455108359134,False
HAVELLS,Mar 2018,0.030831099195710455,45.2,,False,115,1.2282082324455206,False
HAVELLS,Mar 2019,0.022391615054787994,82.0625,,False,94,1.409205372132065,False
HAVELLS,Mar 2020,0.016697588126159554,23.019607843137255,,False,72,1.3346529054149583,False
HAVELLS,Mar 2021,0.10063743480780375,19.733333333333334,,False,215,1.1813149570718482,False
HAVELLS,Mar 2022,0.10261535898717308,28.865671641791046,,False,190,1.324527226076214,False
HAVELLS,Mar 2023,0.03365529731361304,32.70909090909091,,False,22,1.5157300349556333,False
HAVELLS,Mar 2024,0.040687525177924,25.357142857142858,,False,283,1.4952143489101584,False
HCLTECH,Jun 2013,0.07930720145852324,56.716981132075475,,False,331,1.1420599133889906,False
HCLTECH,Jun 2014,0.05207161125319693,76.42105263157895,,False,356,1.0721814543028685,False
HCLTECH,Jun 2015,0.026750330250990752,105.62637362637362,,False,-221,1.0413108242303872,False
HCLTECH,Mar 2017,0.01766366202312665,128.75280898876406,,False,-724,1.039465058345352,False
HCLTECH,Mar 2018,0.015308085527400648,180.81159420289856,,False,-2103,1.0537623205317885,False
HCLTECH,Mar 2019,0.10141178745829908,85.45402298850574,,False,1890,1.035613292430033,False
HCLTECH,Mar 2020,0.15577271929311254,35.45544554455446,,False,920,0.8533790555307357,False
HCLTECH,Mar 2021,0.11456612087526914,41.04696673189824,,False,2,0.8760212442037492,False
HCLTECH,Mar 2022,0.10244855767677746,67.69905956112852,,False,-8,0.9632257846852824,False
HCLTECH,Mar 2023,0.07329714853604465,67.94900849858357,,False,-701,1.088,False
HCLTECH,Mar 2024,0.08435023365512796,46.46112115732369,,False,-1379,1.1101650405025958,False
HDFCBANK,Mar 2013,9.158311273640258,1.7721856161502874,,False,224628,0.08795432192934909,False
HDFCBANK,Mar 2014,9.434125025471506,1.6294287780187997,,False,297106,0.08449823279456734,False
HDFCBANK,Mar 2015,8.071729423314437,1.6947412528807877,,False,360308,0.08345618574955897,False
HDFCBANK,Mar 2016,8.742288436692506,1.7899571887263646,,False,455953,0.08286670899959592,False
HDFCBANK,Mar 2017,8.078414711201168,1.849825648973266,,False,530773,0.08211071066763491,False
HDFCBANK,Mar 2018,8.620671721457313,1.840194307778539,,False,706356,0.07731062576936255,False
HDFCBANK,Mar 2019,7.02943913374503,1.8405024542143875,,False,790789,0.0813432177759076,False
HDFCBANK,Mar 2020,7.558721464294219,1.8276860002411672,,False,943736,0.07729420620813117,False
HDFCBANK,Mar 2021,7.20374624660407,1.9196575567994731,,False,1072595,0.0714373436724614,False
HDFCBANK,Mar 2022,7.217044641304831,1.7812903428949274,,False,1335706,0.06403213665615605,False
HDFCBANK,Mar 2023,7.39091618930479,1.859518754423213,,False,1627630,0.06748017729778946,False
HDFCBANK,Mar 2024,6.808786667718385,1.4007688224792112,,True,2101821,0.07038097917866981,False
HDFCLIFE,Mar 2013,0.0,483.5357142857143,,False,-40404,0.33541676606708337,False
HDFCLIFE,Mar 2014,0.0,68.7344398340249,,False,-50527,0.3283787661406026,False
HDFCLIFE,Mar 2015,0.0,333.46835443037975,,False,-67024,0.3926618476676911,False
HDFCLIFE,Mar 2016,0.0,159.1851851851852,,False,-74144,0.23700094063545152,False
HDFCLIFE,Mar 2017,0.0,213.50359712230215,,False,-91723,0.32227094440413473,False
HDFCLIFE,Mar 2018,0.0,110.59929078014184,,False,-106590,0.2919906229917725,False
HDFCLIFE,Mar 2019,0.0,276.7867647058824,,False,-124958,0.2988386402091986,False
HDFCLIFE,Mar 2020,0.0,76.53929539295393,,False,-127256,0.2221986931268151,False
HDFCLIFE,Mar 2021,0.06944444444444445,157.9685393258427,,False,-172964,0.3981408811332832,False
HDFCLIFE,Mar 2022,0.038427052645062125,86.61749347258485,,False,-215951,0.2909237476921477,False
HDFCLIFE,Mar 2023,0.07311629338874778,48.80097425191371,,False,-237247,0.28301400013705863,False
HDFCLIFE,Mar 2024,0.06477567162143734,192.2895238095238,,False,-290178,0.33527042786773137,False
HEROMOTOCO,Mar 2014,0.050506846878890274,50.54883720930233,,False,-3822,2.497036158861885,False
HEROMOTOCO,Mar 2015,0.01529051987767584,73.94153846153846,,False,-3018,2.5847568988173455,False
HEROMOTOCO,Mar 2016,0.026262168892913742,57.12351543942993,,False,-4269,2.2066532258064515,False
HEROMOTOCO,Mar 2017,0.025300504071345483,28.965060240963854,,False,-5805,1.8684691745036572,False
HEROMOTOCO,Mar 2018,0.019044437019712663,48.12056737588652,,False,-7441,1.8657239753980572,False
HEROMOTOCO,Mar 2019,0.02378048780487805,39.08367071524966,,False,-5802,1.8358733246865542,False
HEROMOTOCO,Mar 2020,0.031445231153685964,17.571827057182706,,False,-7906,1.4869370743112738,False
HEROMOTOCO,Mar 2021,0.03788271925272444,48.67088607594937,,False,-9998,1.3404485625216487,False
HEROMOTOCO,Mar 2022,0.038177573042216195,48.26788990825688,,False,-9923,1.314663226265682,False
HEROMOTOCO,Mar 2023,0.034101825168107586,53.03703703703704,,False,-10323,1.4281891541581302,False
HEROMOTOCO,Mar 2024,0.03423922255494661,47.268505079825836,,False,-12145,1.4449202768324858,False
HINDALCO,Mar 2013,1.6119728276252476,65.26012601260126,,False,44350,0.665005390165022,False
HINDALCO,Mar 2014,1.5948182445079302,117.69571639586411,,False,51795,0.6355539128292096,False
HINDALCO,Mar 2015,1.7863236713715462,-114.71754807692308,,True,56122,0.7356891905238948,False
HINDALCO,Mar 2016,1.663473614223448,60.659333333333336,,False,55089,0.6996939339407422,False
HINDALCO,Mar 2017,1.3855489697996048,73.35475792988314,,False,48660,0.685515655791548,False
HINDALCO,Mar 2018,0.9493546269962809,35.2552969781174,,False,41293,0.7834832056810916,False
HINDALCO,Mar 2019,0.9115493643588807,102.07897071872227,,False,43403,0.858987181849288,False
HINDALCO,Mar 2020,1.172882692868289,114.62472406181016,,False,58988,0.7006606649349417,False
HINDALCO,Mar 2021,1.010115281138683,-115.96960486322189,,True,50073,0.6991134507631526,False
HINDALCO,Mar 2022,0.8247240731030425,133.06225059856345,,False,50367,0.8792184084199139,False
HINDALCO,Mar 2023,0.6359407632428328,153.43993879112472,,False,46175,0.9987158204654368,False
HINDALCO,Mar 2024,0.5309290976579428,126.46543778801843,,False,40912,0.9360228499109322,False
HINDUNILVR,Mar 2013,0.008726003490401396,20.302760463045413,,False,-2227,2.2332120410188554,False
HINDUNILVR,Mar 2014,0.013005371783997738,30.9229797979798,,False,-2792,2.125490766322524,False
HINDUNILVR,Mar 2015,0.010677924012912838,21.312750601443465,,False,-2982,2.2156618156618157,False
HINDUNILVR,Mar 2016,0.026928343222272933,54.10288065843621,,False,-2415,2.175758804840127,False
HINDUNILVR,Mar 2017,0.041073546856465006,44.31188118811881,,False,-3517,2.111422386349166,False
HINDUNILVR,Mar 2018,0.0,79.5099150141643,,False,-2873,1.989978725786586,False
HINDUNILVR,Mar 2019,0.01258421253336723,94.57453416149069,,False,-2617,2.1101508400880347,False
HINDUNILVR,Mar 2020,0.0,70.62971698113208,,False,-1255,1.974048528755024,False
HINDUNILVR,Mar 2021,0.0,208.39411764705883,,False,-2709,0.6841431480942682,False
HINDUNILVR,Mar 2022,0.02125924869040582,180.88584474885846,,False,-2478,0.7438515870989703,False
HINDUNILVR,Mar 2023,0.024232665394402036,103.69642857142857,,False,-1663,0.8289886010646305,False
HINDUNILVR,Mar 2024,0.028974188761763442,57.847001223990205,,False,-3141,0.7885945801322478,False
ICICIBANK,Mar 2013,7.091880807992671,1.079467939972715,,True,231992,0.06651383624126066,False
ICICIBANK,Mar 2014,7.1052597147716865,1.0911085258434436,,True,275446,0.06616944963771895,False
ICICIBANK,Mar 2015,7.050433858686028,1.0988596391694088,,True,322896,0.06653600926787874,False
ICICIBANK,Mar 2016,7.1347132641242785,1.2400123509571992,,True,385411,0.06453726560697291,False
ICICIBANK,Mar 2017,6.698467008181054,1.2158107438331618,,True,396501,0.06182251642192295,False
ICICIBANK,Mar 2018,7.368688420862334,1.280370376890172,,True,442990,0.05529044785067078,False
ICICIBANK,Mar 2019,7.804092671527225,1.4109397387273495,,True,493440,0.05810651327016437,False
ICICIBANK,Mar 2020,8.251756668835394,1.3134411085450346,,True,571163,0.06159623376887399,False
ICICIBANK,Mar 2021,7.004638707507599,1.2644304043007177,,True,567261,0.05665416199647734,False
ICICIBANK,Mar 2022,6.882435334765151,1.3000370197492315,,True,685870,0.05443625805001264,False
ICICIBANK,Mar 2023,6.526373206276982,1.3492136626121145,,True,760342,0.061816501488391566,False
ICICIBANK,Mar 2024,6.445624336310825,1.3009461331381824,,True,823845,0.06747535915921023,False
ICICIGI,Mar 2013,0.0,7.145051194539249,,False,-7800,0.3174804146553771,False
ICICIGI,Mar 2014,0.0,5.597307221542228,,False,-9290,0.2951709169831796,False
ICICIGI,Mar 2015,0.0,4.486895161290323,,False,-10200,0.2890891711047385,False
ICICIGI,Mar 2016,0.0,,Debt Free,False,-11426,0.3848558305690227,False
ICICIGI,Mar 2017,0.12432709561650859,-3306.5,,True,-14321,0.3220418825746221,False
ICICIGI,Mar 2018,0.1068046685752037,4.569789674952199,,False,-17708,0.2323361344537815,False
ICICIGI,Mar 2019,0.08981481481481482,-4754.5,,True,-20229,0.3341915396820645,False
ICICIGI,Mar 2020,0.07906749266384089,650.6666666666666,,False,-25842,0.3109173370768317,False
ICICIGI,Mar 2021,0.06382418739307803,842.25,,False,-30303,0.3094559519568426,False
ICICIGI,Mar 2022,0.02773849668225824,18.561186650185412,,False,-38157,0.3151746381371932,False
ICICIGI,Mar 2023,0.003351206434316354,16.769929364278507,,False,-42801,0.3245107649856588,False
ICICIGI,Mar 2024,0.0028676771814829987,160.02678571428572,,False,-48549,0.3236083907247109,False
ICICIPRULI,Mar 2013,0.0,21.426666666666666,,False,-73716,0.2662190906673757,False
ICICIPRULI,Mar 2014,0.0,158.06976744186048,,False,-80101,0.2686501215111569,False
ICICIPRULI,Mar 2015,0.0,762.8604651162791,,False,-99491,0.34039421034431655,False
ICICIPRULI,Mar 2016,0.19331204208153296,,Debt Free,False,-101995,0.1990073020569847,False
ICICIPRULI,Mar 2017,0.0,277.03846153846155,,False,-121581,0.3031561395210877,False
ICICIPRULI,Mar 2018,0.0,280.81060606060606,,False,-138537,0.27381380492035623,False
ICICIPRULI,Mar 2019,0.0,50.33579335793358,,False,-159003,0.25424009418343696,False
ICICIPRULI,Mar 2020,0.0,13.524714828897338,,False,-150776,0.13474886400779332,False
ICICIPRULI,Mar 2021,0.1317378416950269,50.07309766327142,,False,-210527,0.382938955897247,False
ICICIPRULI,Mar 2022,0.1310329766324525,20.5969915387026,,False,-236901,0.26004246492961375,False
ICICIPRULI,Mar 2023,0.11892963330029732,17.857094017094017,,False,-247016,0.1972945190755557,False
ICICIPRULI,Mar 2024,0.10904134484325306,31.021548821548823,,False,-288528,0.3020290902037117,False
INDUSINDBK,Mar 2013,8.332372214941023,1.4314013206162877,,True,43922,0.09525693317145702,False
INDUSINDBK,Mar 2014,8.3229016919164,1.3532522474881015,,True,53701,0.09484521867028245,False
INDUSINDBK,Mar 2015,8.901916572717024,1.2307692307692308,,True,71874,0.08670060024868724,False
INDUSINDBK,Mar 2016,6.667947558770344,1.2711555959963603,,True,83942,0.08308082045109415,False
INDUSINDBK,Mar 2017,7.218153637508476,1.3634619995204986,,True,112324,0.08063902198737181,False
INDUSINDBK,Mar 2018,7.966444360555346,1.3810526315789473,,True,139851,0.07797370344634655,False
INDUSINDBK,Mar 2019,9.075507756876265,1.6435275367451745,,False,182923,0.08012770904797728,False
INDUSINDBK,Mar 2020,7.57175785864523,1.813983599482089,,False,202813,0.09373799086817475,False
INDUSINDBK,Mar 2021,7.091617664014758,2.4375667022411953,,False,237833,0.07989574982161207,False
INDUSINDBK,Mar 2022,7.149251540945113,2.1593946004908644,,False,270034,0.07667641022451645,False
INDUSINDBK,Mar 2023,7.056662150781737,1.90191036002939,,False,302333,0.07944010974128667,False
INDUSINDBK,Mar 2024,6.885742949503957,1.8795270558159352,,False,325877,0.08884228106460039,False
INFY,Mar 2013,0.0,2780.6,,False,-2116,0.8720043219881145,False
INFY,Mar 2014,0.0,1783.7777777777778,,False,-4331,0.8800512586455078,False
INFY,Mar 2015,0.0,1526.0833333333333,,False,-2270,0.804341595136448,False
INFY,Mar 2016,0.0,,Debt Free,False,-1892,0.8314602253056007,False
INFY,Mar 2017,0.0,,Debt Free,False,-16423,0.8236397748592871,False
INFY,Mar 2018,0.0,,Debt Free,False,-12163,0.888757262221326,False
INFY,Mar 2019,0.0,,Debt Free,False,-11261,0.9834534770299527,False
INFY,Mar 2020,0.0707868601986249,147.47058823529412,,False,-4159,0.98900871459695,False
INFY,Mar 2021,0.06974368377624393,154.30769230769232,,False,-8880,0.9345276297309113,False
INFY,Mar 2022,0.07264764432647644,168.93,,False,-14850,1.0420803742000702,False
INFY,Mar 2023,0.11005609558794277,133.20774647887325,,False,-11179,1.1779431121384314,False
INFY,Mar 2024,0.09486358890553362,87.52340425531915,,False,-16264,1.129760329363329,False
IOC,Mar 2013,1.422513761758967,2.4232272473478504,,False,72320,1.9091442793474396,False
IOC,Mar 2014,1.39761165019952,3.7468056489576327,,False,79021,1.8362079013961115,False
IOC,Mar 2015,0.942773709902371,3.912163770530826,,False,48824,1.9219310509955834,False
IOC,Mar 2016,0.6507223827517226,7.816747920848867,,False,27367,1.4934078501607577,False
IOC,Mar 2017,0.6197206550697383,10.287202778519903,,False,19584,1.2983351539352401,False
IOC,Mar 2018,0.5765143931011468,11.868129032258064,,False,20844,1.424633272493747,False
IOC,Mar 2019,0.8603704131805209,7.991675126903553,,False,52653,1.5748845281083483,False
IOC,Mar 2020,1.3605107025304515,1.5345303867403315,,False,94219,1.4661173104781762,False
IOC,Mar 2021,1.043017578998194,15.214797136038186,,False,71932,1.0247926903095919,False
IOC,Mar 2022,0.9886546598270116,9.550788412174551,,False,79668,1.434282835461276,False
IOC,Mar 2023,1.0662463051366653,4.7188982604111755,,False,96787,1.9044468828832906,False
IOC,Mar 2024,0.7230954600718581,10.282324578099226,,False,67086,1.6084096601703395,False
IRCTC,Mar 2015,0.0,,Debt Free,False,0,0.9113597246127366,False
IRCTC,Mar 2016,0.0,,Debt Free,False,0,0.9512874043145442,False
IRCTC,Mar 2017,0.0,127.0,,False,0,0.8324205914567361,False
IRCTC,Mar 2018,0.0,124.33333333333333,,False,0,0.6321690383786115,False
IRCTC,Mar 2019,0.0,254.5,,False,0,0.7208943716268311,False
IRCTC,Mar 2020,0.0,78.0,,False,0,0.6985498302992903,False
IRCTC,Mar 2021,0.05425824175824176,39.0,,False,79,0.24643196955280686,False
IRCTC,Mar 2022,0.05614973262032086,86.0,,False,105,0.4837796086508754,False
IRCTC,Mar 2023,0.03389830508474576,89.0,,False,84,0.6958145018667715,False
IRCTC,Mar 2024,0.018575851393188854,82.73684210526316,,False,60,0.7010343129207027,False
IRFC,Mar 2013,9.188770722552393,1.3570552147239263,,True,58740,0.07843968624125504,False
IRFC,Mar 2014,9.245834435334567,1.3412198827870632,,True,69906,0.07383533897295365,False
IRFC,Mar 2015,8.208938032711357,1.3834134615384615,,True,71261,0.07916985179184684,False
IRFC,Mar 2016,7.592451193058569,1.3533248776952347,,True,87495,0.06925276752767527,False
IRFC,Mar 2017,8.85960529602798,1.3096689895470384,,True,106387,0.06978017740069417,False
IRFC,Mar 2018,9.621338311315336,1.3904790599578187,,True,133992,0.057392176778061285,False
IRFC,Mar 2019,6.94953651909861,1.354637663448613,,True,173920,0.05389053454918588,False
IRFC,Mar 2020,7.7354698174857255,1.3140804880448687,,True,234365,0.04871435623439224,False
IRFC,Mar 2021,8.997744612128974,1.3933434190620273,,True,323133,0.041450055455974265,False
IRFC,Mar 2022,9.474839622411396,1.433676731793961,,True,388430,0.045110893817503,False
IRFC,Mar 2023,9.376133031937513,1.354330257350834,,True,418921,0.048376801486258024,False
IRFC,Mar 2024,8.378352548852153,1.3194865927068304,,True,411985,0.05492885738906,False
ITC,Mar 2013,0.0044045254339753,111.78703703703704,,False,-5879,0.8949588157038127,False
ITC,Mar 2014,0.00888497264750156,484.3448275862069,,False,-7042,0.8643262828045437,False
ITC,Mar 2015,0.008476178472397277,170.12087912087912,,False,-6674,0.844729282729805,False
ITC,Mar 2016,0.0019681349578256793,205.30769230769232,,False,-11664,0.7587849218795377,False
ITC,Mar 2017,0.0009911016310085537,351.61224489795916,,False,-17535,0.7651078750581416,False
ITC,Mar 2018,0.0006855836983431727,163.1391304347826,,False,-22017,0.6763437679986302,False
ITC,Mar 2019,0.00021981366564650582,290.38028169014086,,False,-25030,0.6738315281785361,False
ITC,Mar 2020,0.004243714859130115,268.65432098765433,,False,-28386,0.6388224185432863,False
ITC,Mar 2021,0.004490695477819941,338.6551724137931,,False,-24600,0.6677919225607029,False
ITC,Mar 2022,0.003986870546793691,375.55,,False,-24592,0.7855976993626613,False
ITC,Mar 2023,0.004424842744559323,356.43589743589746,,False,-29109,0.8262632382239518,False
ITC,Mar 2024,0.004066731984914169,362.9625,,False,-30811,0.7723477995509732,False
JINDALSTEL,Mar 2013,1.1583850931677018,6.034676663542643,,False,23809,0.3470467646698088,False
JINDALSTEL,Mar 2014,1.6084918177797434,3.4023242944106253,,False,36026,0.27986011347641226,False
JINDALSTEL,Mar 2015,2.162389506700884,1.413913043478261,,True,43716,0.2568410183089082,False
JINDALSTEL,Mar 2016,1.4427487976322604,1.031960663798402,,True,46405,0.2107080239832031,False
JINDALSTEL,Mar 2017,1.5257395760540415,1.2632955536181343,,True,45482,0.23850952249516974,False
JINDALSTEL,Mar 2018,1.413921342767813,1.5222452146921883,,False,42816,0.3730359744480556,False
JINDALSTEL,Mar 2019,1.2329437431821724,1.6280487804878048,,False,39409,0.5277019359333042,False
JINDALSTEL,Mar 2020,1.1458443538600367,1.8325371549893843,,False,36643,0.4225780570970114,False
JINDALSTEL,Mar 2021,0.9401225836869401,4.084998183799492,,False,28754,0.44423175745118193,False
JINDALSTEL,Mar 2022,0.37900350877192984,7.243114406779661,,False,13032,0.6675799801680496,False
JINDALSTEL,Mar 2023,0.3370536867669095,6.502766251728907,,False,12139,0.7664453310671641,False
JINDALSTEL,Mar 2024,0.3716941962270963,8.004636785162287,,False,15653,0.6400172860847018,False
JIOFIN,Mar 2023,0.006510690501226779,,Debt Free,False,-107398,0.00039154267815191856,False
JIOFIN,Mar 2024,0.0,198.8,,False,-133292,0.012805202156520298,False
JSWENERGY,Mar 2013,1.6726305609284333,2.917964693665628,,False,9422,0.43527333398763374,False
JSWENERGY,Mar 2014,1.5379698676000608,2.5505804311774463,,False,9218,0.4493868218665558,False
JSWENERGY,Mar 2015,1.2362330407023145,3.3597185576077395,,False,7675,0.48130792996910404,False
JSWENERGY,Mar 2016,1.5315333882934872,2.916555407209613,,False,13850,0.3442307018465959,False
JSWENERGY,Mar 2017,1.3838364355289807,2.1038575667655786,,False,12770,0.2910634400648138,False
JSWENERGY,Mar 2018,1.0695769576957697,1.8956043956043955,,False,9468,0.30122375659593575,False
JSWENERGY,Mar 2019,0.8928269328370834,2.7290268456375837,,False,8104,0.3524647072436936,False
JSWENERGY,Mar 2020,0.844925296239052,3.1712654614652713,,False,7986,0.3318358669929004,False
JSWENERGY,Mar 2021,0.5770317777624595,3.5279017857142856,,False,4319,0.2641279047582707,False
JSWENERGY,Mar 2022,0.5135228251507321,5.337194337194338,,False,2320,0.2676476371501606,False
JSWENERGY,Mar 2023,1.3447313328681088,4.687203791469194,,False,19018,0.2133961211971002,False
JSWENERGY,Mar 2024,1.5156009984639016,2.8514369215781783,,False,24538,0.19883324389357246,False
JSWSTEEL,Mar 2013,1.2672135950776442,3.1545500762582614,,False,19875,0.6643715333924504,False
JSWSTEEL,Mar 2014,1.6778596391801266,2.4734251968503935,,False,34864,0.6597114889232355,False
JSWSTEEL,Mar 2015,1.7386271870794079,2.71027769825365,,False,38155,0.6184416372848903,False
JSWSTEEL,Mar 2016,2.225245175577349,1.237434046098306,,True,41009,0.5072338139597348,False
JSWSTEEL,Mar 2017,1.9134543206605732,3.271231422505308,,False,41968,0.6318277370603943,False
JSWSTEEL,Mar 2018,1.4069933566683335,3.982437179140773,,False,37924,0.7821354789605306,False
JSWSTEEL,Mar 2019,1.3621497341572064,4.882818483533316,,False,45502,0.7383206878228525,False
JSWSTEEL,Mar 2020,1.678269898084647,2.7019929660023445,,False,60164,0.5562585343650432,False
JSWSTEEL,Mar 2021,1.3341886921563595,5.218852666161233,,False,53811,0.5382997228908352,False
JSWSTEEL,Mar 2022,1.0734059467732588,8.19524959742351,,False,67297,0.7449474514593989,False
JSWSTEEL,Mar 2023,1.2307329324910572,2.9022022602144304,,False,76047,0.7882625071839422,False
JSWSTEEL,Mar 2024,1.1328071688833383,3.659099321406539,,False,80738,0.7679137157851319,False
KOTAKBANK,Mar 2013,5.60430994956442,1.288341158059468,,True,44654,0.09356412137954849,False
KOTAKBANK,Mar 2014,4.503091595053448,1.3330177962892844,,True,47146,0.09808751442343101,False
KOTAKBANK,Mar 2015,4.70563278570139,1.1890333660451422,,True,58669,0.08971198405000538,False
KOTAKBANK,Mar 2016,5.38541541781561,1.5109422094089897,,False,109405,0.08472450623743792,False
KOTAKBANK,Mar 2017,5.331757248259379,1.2704974271012006,,True,136768,0.08082900053586688,False
KOTAKBANK,Mar 2018,4.948502614482649,1.2270866832334455,,True,158863,0.07441371550396779,False
KOTAKBANK,Mar 2019,5.049462626122774,1.2225043349021552,,True,188276,0.07548883900893537,False
KOTAKBANK,Mar 2020,4.899335204165854,1.335721051385271,,True,215280,0.07553257982774221,False
KOTAKBANK,Mar 2021,3.878514091938486,1.262591148041377,,True,170164,0.06853863599343432,False
KOTAKBANK,Mar 2022,3.783654890601562,1.2298624754420433,,True,201218,0.061740390632719605,False
KOTAKBANK,Mar 2023,3.745568533457349,1.2877919279750683,,True,223469,0.06793836532727301,False
KOTAKBANK,Mar 2024,4.003739266919029,1.2363751084470385,,True,273928,0.07325702420450533,False
LICI,Mar 2019,332.59382716049384,,Debt Free,False,-2630886,0.16675415179930025,False
LICI,Mar 2020,252.90818363273453,,Debt Free,False,-2722686,0.1794493681700332,False
LICI,Mar 2021,0.0005810575246949448,,Debt Free,False,-3517441,0.18041772293371186,False
LICI,Mar 2022,8.819897689186806e-05,,Debt Free,False,-3926211,0.17009778190664493,False
LICI,Mar 2023,0.0,545.5454545454545,,False,-4243008,0.17137262036771503,False
LICI,Mar 2024,0.0,371.9375,,False,-4976133,0.15913440945875762,False
LODHA,Mar 2011,7.521505376344086,2.314487632508834,,False,5220,0.22926777801223888,True
LODHA,Mar 2012,3.782415630550622,3.338582677165354,,False,4078,0.3187311178247734,False
LODHA,Mar 2015,3.5980570734669097,3.841463414634146,,False,11257,0.22273019501392957,False
LODHA,Mar 2016,3.4822552227535866,2.668016194331984,,False,13224,0.26625996578548144,False
LODHA,Mar 2017,4.012645673196132,2.9864130434782608,,False,15003,0.23359170080457398,False
LODHA,Mar 2018,4.3897515527950315,5.043589743589743,,False,21232,0.2404163871705051,False
LODHA,Mar 2019,6.675605311116897,5.723591549295775,,False,24236,0.23878950746029198,True
LODHA,Mar 2020,4.047231985940246,2.7513513513513512,,False,16870,0.30577740643353896,False
LODHA,Mar 2021,3.9558599695586,1.0941901408450705,,True,16614,0.13862318103185103,False
LODHA,Mar 2022,0.9529985131339831,3.6031976744186047,,False,10963,0.24041766482658056,False
LODHA,Mar 2023,0.7154702677090736,2.1307053941908713,,False,8814,0.24206328919789377,False
LODHA,Mar 2024,0.4406663232010991,5.628630705394191,,False,5198,0.21856858341455146,False
LT,Mar 2013,0.17475728155339806,2.9980611805256356,,False,185,31.969931271477662,False
LT,Mar 2014,0.06832298136645963,2.374961502925778,,False,-59,31.903225806451612,False
LT,Mar 2015,0.10760118460019744,2.3542526837324527,,False,114,30.869375419744795,False
LT,Mar 2016,0.02588235294117647,2.4213654152775765,,False,12,32.23525661459993,False
LT,Mar 2017,0.0,2.6484111875823695,,False,-941,24.748019017432647,False
LT,Mar 2018,0.0,2.7969924812030076,,False,-1264,22.42514521266629,False
LT,Mar 2019,0.0,2.737659278295321,,False,-1740,20.29111644657863,False
LT,Mar 2020,0.1687638786084382,2.501406405952273,,False,-1307,16.500510493477027,False
LT,Mar 2021,0.1092552026286966,2.6868936170212767,,False,-2932,12.701195591257239,False
LT,Mar 2022,0.018057110862262037,2.8887926367081755,,False,-5790,7.608448376433988,False
LT,Mar 2023,0.09287608486017358,3.1823186871360507,,False,-3917,7.8080575784676975,False
LT,Mar 2024,0.10345688880007993,3.5441547518923464,,False,-6673,8.027628521638107,False
LTIM,Mar 2013,0.17475728155339806,42.476190476190474,,False,185,1.654209621993127,False
LTIM,Mar 2014,0.06832298136645963,44.0,,False,-59,1.8454613653413354,False
LTIM,Mar 2015,0.10760118460019744,110.4,,False,114,1.671591672263264,False
LTIM,Mar 2016,0.02588235294117647,202.5,,False,12,1.8635639145680587,False
LTIM,Mar 2017,0.0,472.3333333333333,,False,-941,1.4718134480416571,False
LTIM,Mar 2018,0.0,100.8125,,False,-1264,1.3689338579726438,False
LTIM,Mar 2019,0.0,198.63636363636363,,False,-1740,1.4174669867947178,False
LTIM,Mar 2020,0.1687638786084382,28.40963855421687,,False,-1307,1.2341463414634146,False
LTIM,Mar 2021,0.1092552026286966,37.962025316455694,,False,-2932,1.1554268634410612,False
LTIM,Mar 2022,0.018057110862262037,48.90243902439025,,False,-5790,1.2691522457709508,False
LTIM,Mar 2023,0.09287608486017358,44.43333333333333,,False,-3917,1.4131851284016865,False
LTIM,Mar 2024,0.10345688880007993,31.93243243243243,,False,-6673,1.2894641301190821,False
M&M,Mar 2013,1.438354791844096,4.3347845015237265,,False,22271,0.9022999829241701,False
M&M,Mar 2014,1.5088599991418887,3.7044685172647256,,False,27085,0.8419825006542343,False
M&M,Mar 2015,1.4661793711567468,3.0386442825467217,,False,27884,0.7570568788675087,False
M&M,Mar 2016,1.5685112486788464,3.4088479809976246,,False,29950,0.7595341104835156,False
M&M,Mar 2017,1.6375176304654442,3.513024403619413,,False,34100,0.7359160187991391,False
M&M,Mar 2018,1.52,4.412340105342363,,False,39880,0.675329437042143,False
M&M,Mar 2019,1.771953080059025,3.5616411073491334,,False,52580,0.6468691510850026,False
M&M,Mar 2020,2.053891766118742,1.8340807174887892,,False,62882,0.4548866735861353,False
M&M,Mar 2021,1.9389399259294888,2.0712881022615535,,False,51847,0.45025701954318414,False
M&M,Mar 2022,1.6468603442055896,3.564567556795536,,False,47545,0.5230700512796714,False
M&M,Mar 2023,1.6365716921548452,4.158833619210978,,False,56975,0.5936323629474797,False
M&M,Mar 2024,1.6414413053331318,3.7646901709401708,,False,73439,0.5925222177725139,False
MARUTI,Mar 2013,0.08245743115408871,26.050505050505052,,False,-5852,1.6100592361085875,False
MARUTI,Mar 2014,0.09322664681801265,32.79347826086956,,False,-8523,1.4151099250222392,False
MARUTI,Mar 2015,0.027387120651369355,35.362385321100916,,False,-12632,1.4734750703367463,False
MARUTI,Mar 2016,0.0075450744708649075,127.90243902439025,,False,-20445,1.347867808828348,False
MARUTI,Mar 2017,0.013054619015509103,144.04494382022472,,False,-28667,1.3103348729792148,False
MARUTI,Mar 2018,0.002843111915223572,41.2514450867052,,False,-36002,1.32467467799761,False
MARUTI,Mar 2019,0.00339760468869447,180.52631578947367,,False,-37344,1.345464209226344,False
MARUTI,Mar 2020,0.0037237164308987513,80.33582089552239,,False,-37304,1.1890991387439491,False
MARUTI,Mar 2021,0.010304565627321384,82.91176470588235,,False,-42404,0.985933647164313,False
MARUTI,Mar 2022,0.007698841559286501,59.94488188976378,,False,-41609,1.1831600942991856,False
MARUTI,Mar 2023,0.016729222520107237,61.654761904761905,,False,-47936,1.1828461830459713,False
MARUTI,Mar 2024,0.001389602503619973,117.90721649484536,,False,-57177,1.230295566502463,False
MOTHERSON,Mar 2013,2.142420270860638,7.192,,False,4832,1.9858701624931314,False
MOTHERSON,Mar 2014,1.6356877323420074,9.210884353741497,,False,4765,1.9951456310679612,False
MOTHERSON,Mar 2015,1.5436221419975933,9.61006289308176,,False,5066,1.9891535150645625,False
MOTHERSON,Mar 2016,1.3802592676825107,10.797101449275363,,False,5479,1.8924993643529113,False
MOTHERSON,Mar 2017,1.251088007736944,12.045333333333334,,False,9875,1.3265715001252192,False
MOTHERSON,Mar 2018,1.0495750708215297,12.781021897810218,,False,9582,1.5227727592362201,False
MOTHERSON,Mar 2019,1.0520842834990423,13.430260047281324,,False,10679,1.4857791083875194,False
MOTHERSON,Mar 2020,1.166503862889619,8.930860033726812,,False,12340,1.3485444007727667,False
MOTHERSON,Mar 2021,0.949765146087095,9.64453125,,False,11084,1.201491130704308,False
MOTHERSON,Mar 2022,0.6863221293957645,9.740331491712707,,False,7668,1.144420916627786,False
MOTHERSON,Mar 2023,0.6142882593978265,8.093469910371319,,False,7502,1.2846567748247186,False
MOTHERSON,Mar 2024,0.7616899254444657,5.224737713970182,,False,13401,1.1724203473591674,False
NAUKRI,Mar 2013,0.001644736842105263,48.333333333333336,,False,-260,0.5721212121212121,False
NAUKRI,Mar 2014,0.001488095238095238,48.333333333333336,,False,-537,0.5349056603773585,False
NAUKRI,Mar 2015,0.0007067137809187279,27.5,,False,-1174,0.3301759133964817,False
NAUKRI,Mar 2016,0.0006480881399870382,67.33333333333333,,False,-567,0.38857142857142857,False
NAUKRI,Mar 2017,0.000628140703517588,10.25,,False,-550,0.43253774963468095,False
NAUKRI,Mar 2018,0.0004889975550122249,124.0,,False,-1564,0.38058551617873654,False
NAUKRI,Mar 2019,0.00039323633503735744,106.57142857142857,,False,-1203,0.36092819065537785,False
NAUKRI,Mar 2020,0.03507972665148064,-4.571428571428571,,True,-1056,0.4535084687175942,False
NAUKRI,Mar 2021,0.012045959970348406,150.72727272727272,,False,-2259,0.1792752701843611,False
NAUKRI,Mar 2022,0.0037118663728105787,1296.0,,False,-15550,0.0775765268759459,False
NAUKRI,Mar 2023,0.00806090461262875,12.88888888888889,,False,-12295,0.14083323328130629,False
NAUKRI,Mar 2024,0.008129006675038002,28.97142857142857,,False,-30957,0.07027071960985341,False
NESTLEIND,Dec 2013,0.5021114864864865,55.270270270270274,,False,338,1.441400063351283,False
NESTLEIND,Dec 2014,0.007049700387733521,151.85714285714286,,False,-792,1.693298969072165,False
NESTLEIND,Dec 2015,0.006389776357827476,388.0,,False,-1307,1.343246795925074,False
NESTLEIND,Dec 2016,0.010054844606946984,21.86813186813187,,False,-1723,1.3422907488986784,False
NESTLEIND,Dec 2017,0.01023391812865497,24.717391304347824,,False,-1944,1.3595002037213093,False
NESTLEIND,Dec 2018,0.00952899537163082,25.6875,,False,-2623,1.3961424332344214,False
NESTLEIND,Dec 2019,0.09854014598540146,24.5968992248062,,False,-1562,1.7243831033040569,False
NESTLEIND,Dec 2020,0.07280832095096583,20.414634146341463,,False,-1317,1.6898734177215189,False
NESTLEIND,Dec 2021,0.1366906474820144,17.07920792079208,,False,-508,1.790259897983969,False
NESTLEIND,Dec 2022,0.11020740138267589,24.6,,False,-507,1.8818353936964027,False
NESTLEIND,Dec 2023,0.11020740138267589,38.54621848739496,,False,-507,2.130081300813008,False
NESTLEIND,Mar 2024,0.10329341317365269,41.186206896551724,,False,-119,2.318160220469448,False
NHPC,Mar 2013,0.6826648766571572,9.405891980360066,,False,18893,0.10232356761437437,False
NHPC,Mar 2014,0.7370601147065071,4.348295926849543,,False,19546,0.1202891236752568,False
NHPC,Mar 2015,0.669224266857403,5.193672839506172,,False,19564,0.13381405039390584,False
NHPC,Mar 2016,0.6300919634674336,5.135344827586207,,False,19332,0.13297677602152078,False
NHPC,Mar 2017,0.6626572462519387,6.292144748455428,,False,18207,0.14327014139265953,False
NHPC,Mar 2018,0.6192203987883226,5.87987012987013,,False,17477,0.12322628827483197,False
NHPC,Mar 2019,0.6190661731281252,7.493303571428571,,False,17783,0.13460904486468667,False
NHPC,Mar 2020,0.7401293776488959,6.56442417331813,,False,21828,0.1404099499137169,False
NHPC,Mar 2021,0.7068949868393186,11.029462738301559,,False,21523,0.13191861737037847,False
NHPC,Mar 2022,0.7472867329114287,8.522184300341298,,False,23710,0.11831073387848048,False
NHPC,Mar 2023,0.7992208003030221,14.583157894736843,,False,29041,0.12303534351764855,False
NHPC,Mar 2024,0.8413260296625498,11.243421052631579,,False,32082,0.10324018993108032,False
NTPC,Mar 2013,0.8668020679468242,9.203532717784022,,False,65496,0.4000425112990558,False
NTPC,Mar 2014,0.9327371205441491,6.901317805700276,,False,78155,0.3914190627529757,False
NTPC,Mar 2015,1.2455477866835578,5.366584900517852,,False,100350,0.3639173099330032,False
NTPC,Mar 2016,1.0857111657111658,5.869281045751634,,False,92951,0.32669085082233545,False
NTPC,Mar 2017,1.1628712770089331,6.179056754596323,,False,106159,0.33001476261157436,False
NTPC,Mar 2018,1.2557477091239149,6.31009669440072,,False,121173,0.3118070600229387,False
NTPC,Mar 2019,1.5540828147310004,4.554504906333631,,False,164926,0.2890756738526993,False
NTPC,Mar 2020,1.7080444294850219,4.859567712785444,,False,193677,0.28991786931660174,False
NTPC,Mar 2021,1.6717804340737559,4.235147441457069,,False,199619,0.2802131540467612,False
NTPC,Mar 2022,1.5564805649533884,4.817726109215017,,False,200081,0.3190454776098944,False
NTPC,Mar 2023,1.5161777408976826,4.381672053813226,,False,208978,0.39403250079943825,False
NTPC,Mar 2024,1.475521125007778,4.604991464108609,,False,221246,0.37243729109201756,False
ONGC,Mar 2013,0.1356210007342914,101.21694214876032,,False,18558,0.6391817665256645,False
ONGC,Mar 2014,0.285288582183187,90.22435897435898,,False,44367,0.5357964895869234,False
ONGC,Mar 2015,0.2989332520572996,16.85300279329609,,False,49195,0.47631916222432047,False
ONGC,Mar 2016,0.23001405360591262,10.674986723313861,,False,12113,0.36292030944606346,False
ONGC,Mar 2017,0.41170145998168595,18.247841826789195,,False,9283,0.6355233113998088,False
ONGC,Mar 2018,0.5222552801454766,13.46629325865173,,False,39215,0.7027079994425476,False
ONGC,Mar 2019,0.4966579697050716,14.457084118554052,,False,40833,0.8563623327639471,False
ONGC,Mar 2020,0.6312553631328497,7.088663372946989,,False,72718,0.7804014446341597,False
ONGC,Mar 2021,0.6027079251157339,11.959834613112818,,False,72867,0.5608677835451169,False
ONGC,Mar 2022,0.4700754904567577,15.216116573033707,,False,55344,0.8422418818365738,False
ONGC,Mar 2023,0.5068823112308345,9.569907466092026,,False,63382,1.0312763510923726,False
ONGC,Mar 2024,0.45444863084819176,11.361290955463998,,False,50974,0.8332173339682772,False
PFC,Mar 2013,5.889907094594594,0.5456116416552979,,True,139446,0.10225004429221048,False
PFC,Mar 2014,5.785008356950803,0.5845399525013407,,True,159188,0.11016364759160148,False
PFC,Mar 2015,5.794174817191694,0.546972049689441,,True,187267,0.10915985182078702,False
PFC,Mar 2016,5.569557011213501,0.5515398931380201,,True,198430,0.11269719278375535,False
PFC,Mar 2017,5.5093771203691135,0.3163764312977099,,True,199848,0.10627001159757568,False
PFC,Mar 2018,11.074735150876135,0.38938228399749086,,True,435658,0.09305476612870815,False
PFC,Mar 2019,11.448993017975,0.5162734282496317,,True,534884,0.08603699657639349,False
PFC,Mar 2020,12.076133603238866,0.3456236993512058,,True,592157,0.08954228885807629,False
PFC,Mar 2021,10.855925090921058,0.4457300152179751,,True,656183,0.09237508492252874,False
PFC,Mar 2022,9.214744126346336,0.523764790087007,,True,656702,0.09641213653603034,False
PFC,Mar 2023,8.925568573397657,0.564646829870047,,True,745185,0.08669005660006784,False
PFC,Mar 2024,8.521864217426122,0.5804147544943239,,True,850990,0.0880835748601615,False
PIDILITIND,Mar 2013,0.06723198061780739,41.5625,,False,-183,1.4059633027522935,False
PIDILITIND,Mar 2014,0.0235655737704918,44.375,,False,-214,1.462773224043716,False
PIDILITIND,Mar 2015,0.02555066079295154,50.6875,,False,-312,1.461236802413273,False
PIDILITIND,Mar 2016,0.030326004548900682,96.46153846153847,,False,-626,1.4434571890145396,False
PIDILITIND,Mar 2017,0.028233938346297897,98.35714285714286,,False,-1345,1.1775681341719078,False
PIDILITIND,Mar 2018,0.03497481813094572,93.375,,False,-1121,1.169070975187536,False
PIDILITIND,Mar 2019,0.027242044358727097,57.73076923076923,,False,-1435,1.1988482384823849,False
PIDILITIND,Mar 2020,0.06463195691202872,49.205882352941174,,False,-898,1.11819714855128,False
PIDILITIND,Mar 2021,0.059181119256213124,47.567567567567565,,False,-185,0.827433628318584,False
PIDILITIND,Mar 2022,0.06495940037476577,45.11904761904762,,False,-43,1.044975774173162,False
PIDILITIND,Mar 2023,0.05421519689406545,42.520833333333336,,False,-490,1.1231794383626845,False
PIDILITIND,Mar 2024,0.045438325205186154,54.333333333333336,,False,-1853,1.0254223252732693,False
PNB,Mar 2013,10.833333333333334,,,False,5918,5.626518615284128,False
PNB,Mar 2013,10.833333333333334,,,False,5918,5.626518615284128,False
PNB,Mar 2013,10.833333333333334,,,False,5918,5.626518615284128,False
PNB,Mar 2013,10.833333333333334,,,False,5918,5.626518615284128,False
PNB,Mar 2013,10.833333333333334,,,False,5918,5.626518615284128,False
PNB,Mar 2014,10.822269807280515,,,False,9463,3.895840554592721,False
PNB,Mar 2014,10.822269807280515,,,False,9463,3.895840554592721,False
PNB,Mar 2014,10.822269807280515,,,False,9463,3.895840554592721,False
PNB,Mar 2014,10.822269807280515,,,False,9463,3.895840554592721,False
PNB,Mar 2014,10.822269807280515,,,False,9463,3.895840554592721,False
PNB,Mar 2015,10.437618746041798,,,False,14895,2.5589703178355663,False
PNB,Mar 2015,10.437618746041798,,,False,14895,2.5589703178355663,False
PNB,Mar 2015,10.437618746041798,,,False,14895,2.5589703178355663,False
PNB,Mar 2015,10.437618746041798,,,False,14895,2.5589703178355663,False
PNB,Mar 2015,10.437618746041798,,,False,14895,2.5589703178355663,False
PNB,Mar 2016,12.122087604846225,,,False,24392,1.7122442789255503,False
PNB,Mar 2016,12.122087604846225,,,False,24392,1.7122442789255503,False
PNB,Mar 2016,12.122087604846225,,,False,24392,1.7122442789255503,False
PNB,Mar 2016,12.122087604846225,,,False,24392,1.7122442789255503,False
PNB,Mar 2016,12.122087604846225,,,False,24392,1.7122442789255503,False
PNB,Mar 2017,6.3637504481893155,,,False,32217,1.1186685288640597,False
PNB,Mar 2017,6.3637504481893155,,,False,32217,1.1186685288640597,False
PNB,Mar 2017,6.3637504481893155,,,False,32217,1.1186685288640597,False
PNB,Mar 2017,6.3637504481893155,,,False,32217,1.1186685288640597,False
PNB,Mar 2017,6.3637504481893155,,,False,32217,1.1186685288640597,False
PNB,Mar 2018,8.186481960724615,,,False,51364,0.7731917864737059,False
PNB,Mar 2018,8.186481960724615,,,False,51364,0.7731917864737059,False
PNB,Mar 2018,8.186481960724615,,,False,51364,0.7731917864737059,False
PNB,Mar 2018,8.186481960724615,,,False,51364,0.7731917864737059,False
PNB,Mar 2018,8.186481960724615,,,False,51364,0.7731917864737059,False
PNB,Mar 2019,9.664963012777404,,,False,67402,0.6226507462686567,False
PNB,Mar 2019,9.664963012777404,,,False,67402,0.6226507462686567,False
PNB,Mar 2019,9.664963012777404,,,False,67402,0.6226507462686567,False
PNB,Mar 2019,9.664963012777404,,,False,67402,0.6226507462686567,False
PNB,Mar 2019,9.664963012777404,,,False,67402,0.6226507462686567,False
PNB,Mar 2020,8.523467975336604,,,False,65688,0.6962750716332379,False
PNB,Mar 2020,8.523467975336604,,,False,65688,0.6962750716332379,False
PNB,Mar 2020,8.523467975336604,,,False,65688,0.6962750716332379,False
PNB,Mar 2020,8.523467975336604,,,False,65688,0.6962750716332379,False
PNB,Mar 2020,8.523467975336604,,,False,65688,0.6962750716332379,False
PNB,Mar 2021,6.69831961204466,,,False,57361,1.1486268627423493,False
PNB,Mar 2021,6.69831961204466,,,False,57361,1.1486268627423493,False
PNB,Mar 2021,6.69831961204466,,,False,57361,1.1486268627423493,False
PNB,Mar 2021,6.69831961204466,,,False,57361,1.1486268627423493,False
PNB,Mar 2021,6.69831961204466,,,False,57361,1.1486268627423493,False
PNB,Mar 2022,5.403632282420161,,,False,49489,1.161358131883197,False
PNB,Mar 2022,5.403632282420161,,,False,49489,1.161358131883197,False
PNB,Mar 2022,5.403632282420161,,,False,49489,1.161358131883197,False
PNB,Mar 2022,5.403632282420161,,,False,49489,1.161358131883197,False
PNB,Mar 2022,5.403632282420161,,,False,49489,1.161358131883197,False
PNB,Mar 2023,4.895553729571807,,,False,50433,1.299977546590824,False
PNB,Mar 2023,4.895553729571807,,,False,50433,1.299977546590824,False
PNB,Mar 2023,4.895553729571807,,,False,50433,1.299977546590824,False
PNB,Mar 2023,4.895553729571807,,,False,50433,1.299977546590824,False
PNB,Mar 2023,4.895553729571807,,,False,50433,1.299977546590824,False
PNB,Mar 2024,3.684256345007701,,,False,50672,1.5070262950629396,False
PNB,Mar 2024,3.684256345007701,,,False,50672,1.5070262950629396,False
PNB,Mar 2024,3.684256345007701,,,False,50672,1.5070262950629396,False
PNB,Mar 2024,3.684256345007701,,,False,50672,1.5070262950629396,False
PNB,Mar 2024,3.684256345007701,,,False,50672,1.5070262950629396,False
POWERGRID,Mar 2013,2.6221641480134834,4.541362062331666,,False,68647,0.11536901150074085,False
POWERGRID,Mar 2013,2.6221641480134834,4.541362062331666,,False,68647,0.11536901150074085,False
POWERGRID,Mar 2014,2.427229235114416,4.207744314689613,,False,83797,0.1099448685326548,False
POWERGRID,Mar 2014,2.427229235114416,4.207744314689613,,False,83797,0.1099448685326548,False
POWERGRID,Mar 2015,2.503785218137829,3.836804704729233,,False,96023,0.10909045676186685,False
POWERGRID,Mar 2015,2.503785218137829,3.836804704729233,,False,96023,0.10909045676186685,False
POWERGRID,Mar 2016,2.468614964748692,3.7042862760519073,,False,107626,0.11517355224413313,False
POWERGRID,Mar 2016,2.468614964748692,3.7042862760519073,,False,107626,0.11517355224413313,False
POWERGRID,Mar 2017,2.386154895118919,3.7690199871050933,,False,117823,0.13133362635565413,False
POWERGRID,Mar 2017,2.386154895118919,3.7690199871050933,,False,117823,0.13133362635565413,False
POWERGRID,Mar 2018,2.416179767023114,4.099672310212998,,False,130279,0.13291976179699494,False
POWERGRID,Mar 2018,2.416179767023114,4.099672310212998,,False,130279,0.13291976179699494,False
POWERGRID,Mar 2019,2.477212340706392,3.253405058944718,,False,145080,0.14172123858032176,False
POWERGRID,Mar 2019,2.477212340706392,3.253405058944718,,False,145080,0.14172123858032176,False
POWERGRID,Mar 2020,2.2917954742178805,3.75496897675886,,False,146839,0.14705206275738203,False
POWERGRID,Mar 2020,2.2917954742178805,3.75496897675886,,False,146839,0.14705206275738203,False
POWERGRID,Mar 2021,2.0480439258750858,4.385371850030731,,False,141746,0.15502057033804184,False
POWERGRID,Mar 2021,2.0480439258750858,4.385371850030731,,False,141746,0.15502057033804184,False
POWERGRID,Mar 2022,1.7665744226002336,5.042060726729717,,False,130908,0.16585774058577407,False
POWERGRID,Mar 2022,1.7665744226002336,5.042060726729717,,False,130908,0.16585774058577407,False
POWERGRID,Mar 2023,1.5487196781731023,4.22140336308906,,False,125095,0.1808028545941124,False
POWERGRID,Mar 2023,1.5487196781731023,4.22140336308906,,False,125095,0.1808028545941124,False
POWERGRID,Mar 2024,1.4173456039290386,4.60298643565485,,False,119353,0.18276594811604718,False
POWERGRID,Mar 2024,1.4173456039290386,4.60298643565485,,False,119353,0.18276594811604718,False
RECLTD,Mar 2013,6.147290359383914,1.6422120499814425,,False,107124,0.10441908554798192,False
RECLTD,Mar 2014,6.065134836321684,1.6597907324364722,,False,124483,0.1126098441259546,False
RECLTD,Mar 2015,6.021817166560306,1.638597972972973,,False,149383,0.1119832548403977,False
RECLTD,Mar 2016,5.856505035821825,1.5718386780562947,,False,166860,0.11657686825001812,False
RECLTD,Mar 2017,4.9850613287398655,1.6694399049175457,,False,165235,0.11576018454660039,False
RECLTD,Mar 2018,6.271234810359641,1.4473111827795695,,True,201419,0.09348516730618475,False
RECLTD,Mar 2019,7.0702541538817805,1.5178719866999169,,False,241786,0.08513204714964451,False
RECLTD,Mar 2020,8.087945306099387,1.3708072244747511,,True,283903,0.08628072500936518,False
RECLTD,Mar 2021,7.534114797550498,1.5021638978081808,,False,327742,0.08870024222497735,False
RECLTD,Mar 2022,6.490295046186226,1.5645548954695931,,False,330853,0.09559460643528209,False
RECLTD,Mar 2023,6.551789401238816,1.5866514979142965,,False,377620,0.08482437277525601,False
RECLTD,Mar 2024,6.4249170872386445,1.6004741552023507,,False,440216,0.08667964267928514,False
RELIANCE,Mar 2013,0.5889374090247452,11.814034074501876,,False,64371,1.0927262340730275,False
RELIANCE,Mar 2014,0.698389929889726,11.418143899895725,,False,78159,1.0109084210305403,False
RELIANCE,Mar 2015,0.7700309841234971,13.865199034981906,,False,91800,0.7420860043688031,False
RELIANCE,Mar 2016,0.8408937794745116,14.628285017610404,,False,110699,0.45506571819224473,False
RELIANCE,Mar 2017,0.8246779594173881,14.426864120550793,,False,134576,0.43004122795351457,False
RELIANCE,Mar 2018,0.8171655775350418,9.21311475409836,,False,156981,0.48174042523293636,False
RELIANCE,Mar 2019,0.7948965674016822,5.617217338587451,,False,72079,0.569687158565801,False
RELIANCE,Mar 2020,0.7906497820404929,4.441639805693013,,False,78366,0.5130449736245878,False
RELIANCE,Mar 2021,0.398419245556806,4.871489924017179,,False,-85866,0.35324548412388784,False
RELIANCE,Mar 2022,0.40944726325715053,8.789152495885903,,False,-75106,0.4635411731577409,False
RELIANCE,Mar 2023,0.6309284341334763,7.886055899034285,,False,216104,0.5457412188442239,False
RELIANCE,Mar 2024,0.5784524141094746,7.728912535686478,,False,233319,0.5122600635424216,False
SBILIFE,Mar 2013,0.0,179.75,,False,-50047,0.276836578917973,False
SBILIFE,Mar 2014,0.0,171.0,,False,-56275,0.2845976253298153,False
SBILIFE,Mar 2015,0.0,244.25,,False,-69385,0.31568651259427155,False
SBILIFE,Mar 2016,0.0,209.8,,False,-77843,0.23162209783168922,False
SBILIFE,Mar 2017,0.0,241.4,,False,-95830,0.2987871674491393,False
SBILIFE,Mar 2018,0.0,248.0,,False,-114436,0.2798882681564246,False
SBILIFE,Mar 2019,0.0,217.5,,False,-139325,0.30397862799351205,False
SBILIFE,Mar 2020,0.0,,Debt Free,False,-158813,0.26451262229737893,False
SBILIFE,Mar 2021,0.0,,Debt Free,False,-218756,0.36112066305162455,False
SBILIFE,Mar 2022,0.0,,Debt Free,False,-264437,0.3035922688841979,False
SBILIFE,Mar 2023,0.0,198.4,,False,-303988,0.2563135928594814,False
SBILIFE,Mar 2024,0.0,240.33333333333334,,False,-384943,0.33137919000549837,False
SHREECEM,Jun 2013,0.3350676378772112,9.05699481865285,,False,-915,0.8795454545454545,False
SHREECEM,Jun 2014,0.25472298874973465,11.581395348837209,,False,-1044,0.7797789602947196,False
SHREECEM,Jun 2015,0.17380591357088704,11.950413223140496,,False,-745,0.7825706426606651,False
SHREECEM,Mar 2017,0.16796570537802027,22.286821705426355,,False,-2749,0.769657890023285,False
SHREECEM,Mar 2018,0.3824884792626728,21.2,,False,-2031,0.649385814291375,False
SHREECEM,Mar 2019,0.2898355909419915,11.556451612903226,,False,517,0.810365971729168,False
SHREECEM,Mar 2020,0.2388943731490622,13.862542955326461,,False,-3212,0.6452065784195748,False
SHREECEM,Mar 2021,0.14483340910566994,17.99601593625498,,False,-6270,0.6303165527820388,False
SHREECEM,Mar 2022,0.12193585337915235,16.174904942965778,,False,-6904,0.6320266116468062,False
SHREECEM,Mar 2023,0.14622236531444516,13.0,,False,-5958,0.6779068884332042,False
SHREECEM,Mar 2024,0.07998840747717723,19.825581395348838,,False,-5900,0.7348612354521038,False
SHRIRAMFIN,Mar 2013,4.549741073862088,0.7069857697283312,,True,30106,0.1482633159876465,False
SHRIRAMFIN,Mar 2014,4.539365452408931,0.47318686510748875,,True,36195,0.16196590995948942,False
SHRIRAMFIN,Mar 2015,5.039391323116771,0.3597535061623459,,True,43658,0.14764938700646782,False
SHRIRAMFIN,Mar 2016,4.892885220125786,0.3590801886792453,,True,48450,0.15230911737461955,False
SHRIRAMFIN,Mar 2017,4.684080480056477,0.37804177045410997,,True,51562,0.1464551486983854,False
SHRIRAMFIN,Mar 2018,5.999342585829072,0.6135122484006865,,True,79675,0.1386811832374692,False
SHRIRAMFIN,Mar 2019,5.507360771784752,0.5051560021152829,,True,83788,0.14737381306975023,False
SHRIRAMFIN,Mar 2020,5.221860875316944,0.4305304944063515,,True,91799,0.14493375107205994,False
SHRIRAMFIN,Mar 2021,4.906110420407975,0.37583892617449666,,True,103199,0.13410822877376646,False
SHRIRAMFIN,Mar 2022,4.401073002490898,0.3769569221324056,,True,107875,0.13534315517192905,False
SHRIRAMFIN,Mar 2023,3.7737175951461666,0.6787556787556788,,True,156772,0.14480488951574988,False
SHRIRAMFIN,Mar 2024,3.994034363699512,0.6766743648960739,,True,186024,0.14656859980827017,False
SIEMENS,Sep 2011,0.0,56.53846153846154,,False,0,1.1769049025398701,False
SIEMENS,Sep 2014,0.0,35.61290322580645,,False,-8,1.037706511175899,False
SIEMENS,Sep 2015,0.004885675200312683,64.7,,False,-89,0.9987708018154312,False
SIEMENS,Sep 2016,0.003674849331177422,379.72727272727275,,False,-85,0.9041381611880527,False
SIEMENS,Sep 2017,0.0,234.25,,False,0,0.8422134267011722,False
SIEMENS,Sep 2018,0.0,200.875,,False,0,0.8925083705357143,False
SIEMENS,Sep 2019,0.0,157.33333333333334,,False,0,0.8519338455528064,False
SIEMENS,Sep 2020,0.0,43.93333333333333,,False,0,0.6271122320302648,False
SIEMENS,Sep 2021,0.0003865854837150865,73.875,,False,1,0.7326117124618373,False
SIEMENS,Sep 2022,0.015676141257536608,65.19444444444444,,False,181,0.8025262320354071,False
SIEMENS,Sep 2023,0.01337204859784519,129.69565217391303,,False,174,0.9033539684006283,False
SIEMENS,Sep 2024,0.018167610861496385,67.15,,False,278,0.8790861298865568,False
SUNPHARMA,Mar 2013,0.01734489659773182,109.16279069767442,,False,-2152,0.5462531285272612,False
SUNPHARMA,Mar 2014,0.13824561403508773,114.43181818181819,,False,-225,0.5526722804605603,False
SUNPHARMA,Mar 2015,0.35088540447772837,14.122625215889464,,False,6280,0.5621985509923445,False
SUNPHARMA,Mar 2016,0.25761756056150137,15.548757170172085,,False,6667,0.5139460200620625,False
SUNPHARMA,Mar 2017,0.2683406113537118,26.78,,False,8640,0.5168671740731647,False
SUNPHARMA,Mar 2018,0.2710497468288354,10.61003861003861,,False,3242,0.4119787859464672,False
SUNPHARMA,Mar 2019,0.25390615566664254,11.025225225225226,,False,2611,0.4500077411363988,False
SUNPHARMA,Mar 2020,0.18369601237158953,24.306930693069308,,False,-1828,0.48153796521688125,False
SUNPHARMA,Mar 2021,0.08327055936982115,35.60992907801418,,False,-5743,0.4953713288574724,False
SUNPHARMA,Mar 2022,0.02686884255691404,53.173228346456696,,False,-11559,0.5539727126805778,False
SUNPHARMA,Mar 2023,0.12297526564871863,70.40116279069767,,False,-7938,0.5437357518089008,False
SUNPHARMA,Mar 2024,0.051423814535002436,58.331932773109244,,False,-11752,0.5684929901064378,False
TATACONSUM,Mar 2013,0.28877338877338876,9.833333333333334,,False,811,0.835910848305663,False
TATACONSUM,Mar 2014,0.24585399213540776,10.597701149425287,,False,827,0.7807486631016043,False
TATACONSUM,Mar 2015,0.24103404332787184,8.71951219512195,,False,702,0.8451046732924509,False
TATACONSUM,Mar 2016,0.21674403713782617,3.452991452991453,,False,-12,0.6707427993936331,False
TATACONSUM,Mar 2017,0.12561851556264964,20.441860465116278,,False,-664,0.7098733116951105,False
TATACONSUM,Mar 2018,0.1518987341772152,17.53846153846154,,False,-93,0.6514673549373865,False
TATACONSUM,Mar 2019,0.15561920349154393,11.666666666666666,,False,-47,0.6664828600312471,False
TATACONSUM,Mar 2020,0.11480275063336953,16.36231884057971,,False,263,0.5216802901531965,False
TATACONSUM,Mar 2021,0.11242603550295859,22.397260273972602,,False,828,0.5738450885349689,False
TATACONSUM,Mar 2022,0.09325056135252939,20.770114942528735,,False,615,0.5895610913404508,False
TATACONSUM,Mar 2023,0.09829821220126558,16.8,,False,167,0.6055267551181794,False
TATACONSUM,Mar 2024,0.21654107242947002,25.32183908045977,,False,2606,0.5454284586965099,False
TATAMOTORS,Mar 2013,1.427212583362117,6.968820224719101,,False,44951,1.1215647834610587,False
TATAMOTORS,Mar 2014,0.9243643680263398,7.305959149294588,,False,49955,1.0659628432512613,False
TATAMOTORS,Mar 2015,1.3083431090256301,8.219090722073647,,False,58273,1.10890167077513,False
TATAMOTORS,Mar 2016,0.8785084608369642,7.307220290447944,,False,45593,1.0374718827892273,False
TATAMOTORS,Mar 2017,1.3537942199717543,7.422840962718263,,False,58266,0.9894086139848852,False
TATAMOTORS,Mar 2018,0.9321163599782034,7.986117043998291,,False,68137,0.8910670187535148,False
TATAMOTORS,Mar 2019,1.7643197793250136,-0.35110262198298314,,True,90404,0.9876841247877842,False
TATAMOTORS,Mar 2020,1.9782812029360008,2.4974458097473424,,False,108480,0.8153813960315949,False
TATAMOTORS,Mar 2021,2.5726464785418215,2.6144250957144624,,False,117511,0.7313142254881869,False
TATAMOTORS,Mar 2022,3.2864836965059134,2.9149484536082473,,False,117069,0.846207845961691,False
TATAMOTORS,Mar 2023,2.9591147786946737,3.763325183374083,,False,107734,1.0337432845097019,False
TATAMOTORS,Mar 2024,1.2631244259167667,6.530242339274985,,False,84291,1.1851234435931923,False
TATAPOWER,Mar 2013,3.0710985002026754,2.259651778955337,,False,34762,0.49328694410990676,False
TATAPOWER,Mar 2014,3.2394968147730023,2.07703488372093,,False,37154,0.5004833083507277,False
TATAPOWER,Mar 2015,2.836080458164548,1.9889159232224927,,False,37162,0.4468045487796768,False
TATAPOWER,Mar 2016,3.3395512765408752,1.9051297898640296,,False,27064,0.42100004282227327,False
TATAPOWER,Mar 2017,3.694187982442864,2.011887072808321,,False,36942,0.33307175023240654,False
TATAPOWER,Mar 2018,2.962924568571254,2.3613400691305504,,False,36160,0.32774874224588485,False
TATAPOWER,Mar 2019,2.649877082764272,2.4594724220623503,,False,34964,0.3554173159040358,False
TATAPOWER,Mar 2020,2.6544004906470406,2.021584334668447,,False,37401,0.3249102303900796,False
TATAPOWER,Mar 2021,2.092371097074766,2.1685785536159603,,False,33559,0.3314885206020982,False
TATAPOWER,Mar 2022,2.281213795561893,2.466182948950505,,False,37035,0.38041759218125276,False
TATAPOWER,Mar 2023,1.8383701542309296,3.0347666971637692,,False,36253,0.43021640019985014,False
TATAPOWER,Mar 2024,1.659321300531586,3.054392402331103,,False,37373,0.4419074604110633,False
TATASTEEL,Mar 2013,2.0054137890670725,1.3634072580645162,,True,65271,0.9171818404640649,False
TATASTEEL,Mar 2014,2.0139396032764236,3.896702789946968,,False,76536,0.8660287638982774,False
TATASTEEL,Mar 2015,2.574276691441513,1.939562706270627,,False,77246,0.8767825830091321,False
TATASTEEL,Mar 2016,1.8747599012165006,2.3030087656953326,,False,71273,0.5764512335768074,False
TATASTEEL,Mar 2017,2.195034242047648,1.8444400630914826,,False,70557,0.6512087771895133,False
TATASTEEL,Mar 2018,1.5138078888140494,5.926856095325389,,False,74248,0.5904935751861328,False
TATASTEEL,Mar 2019,1.4626913311570549,4.026370757180157,,False,95078,0.6773508955076405,False
TATASTEEL,Mar 2020,1.5810590409916276,1.93535112173105,,False,110043,0.5611782507656061,False
TATASTEEL,Mar 2021,1.19210926871321,4.033653214144866,,False,77819,0.6407881627984208,False
TATASTEEL,Mar 2022,0.6602500808262629,11.861955327718784,,False,62421,0.8638101847589778,False
TATASTEEL,Mar 2023,0.8235482431462331,5.376885219876171,,False,76483,0.8526853915261602,False
TATASTEEL,Mar 2024,0.9461835171402184,2.1634256792754396,,False,80824,0.8509498277091255,False
TCS,Mar 2013,0.008613085663882115,400.375,,False,-1565,1.2129130401294,False
TCS,Mar 2014,0.006037198902327472,686.9230769230769,,False,-3137,1.224154184560595,False
TCS,Mar 2015,0.007070208353905401,271.1730769230769,,False,-1304,1.2909244660247143,False
TCS,Mar 2016,0.0034472084646555608,1023.060606060606,,False,-22577,1.23054444960415,False
TCS,Mar 2017,0.003352123785000116,1141.625,,False,-41691,1.152765969921726,False
TCS,Mar 2018,0.002901513015694014,695.3461538461538,,False,-35761,1.1710138310218214,False
TCS,Mar 2019,0.000693155646982537,221.2979797979798,,False,-29268,1.2858798430215714,False
TCS,Mar 2020,0.09716377814231035,50.54220779220779,,False,-18182,1.3065255937466183,False
TCS,Mar 2021,0.09018546157139055,76.0784929356358,,False,-21578,1.2629777217059512,False
TCS,Mar 2022,0.08770571803587655,72.79974489795919,,False,-22667,1.3606908688371038,False
TCS,Mar 2023,0.08502167566132886,80.49807445442876,,False,-29475,1.5781854835887132,False
TCS,Mar 2024,0.0886406082507266,87.09511568123393,,False,-23741,1.6559406621205455,False
TECHM,Mar 2013,0.25433099889421307,12.436893203883495,,False,-2719,0.765026714158504,False
TECHM,Mar 2013,0.25433099889421307,12.436893203883495,,False,-2719,0.765026714158504,False
TECHM,Mar 2014,0.03953387061642344,55.2,,False,-1109,1.1795483061480552,False
TECHM,Mar 2014,0.03953387061642344,55.2,,False,-1109,1.1795483061480552,False
TECHM,Mar 2015,0.057152188112344876,62.30434782608695,,False,-1403,1.1397118097541314,False
TECHM,Mar 2015,0.057152188112344876,62.30434782608695,,False,-1403,1.1397118097541314,False
TECHM,Mar 2016,0.07477211979987664,48.58762886597938,,False,-206,1.176204217536071,False
TECHM,Mar 2016,0.07477211979987664,48.58762886597938,,False,-206,1.176204217536071,False
TECHM,Mar 2017,0.08310518951146803,38.44186046511628,,False,-1030,1.1183559120389914,False
TECHM,Mar 2017,0.08310518951146803,38.44186046511628,,False,-1030,1.1183559120389914,False
TECHM,Mar 2018,0.12720904314599585,37.82098765432099,,False,-2444,1.0112385396470704,False
TECHM,Mar 2018,0.12720904314599585,37.82098765432099,,False,-2444,1.0112385396470704,False
TECHM,Mar 2019,0.09839783090953907,51.16541353383459,,False,-5346,1.0387490282843987,False
TECHM,Mar 2019,0.09839783090953907,51.16541353383459,,False,-5346,1.0387490282843987,False
TECHM,Mar 2020,0.16824829230275523,34.869791666666664,,False,-2178,0.9879414759633421,False
TECHM,Mar 2020,0.16824829230275523,34.869791666666664,,False,-2178,0.9879414759633421,False
TECHM,Mar 2021,0.11667001809772773,43.58620689655172,,False,-7337,0.9558860663602848,False
TECHM,Mar 2021,0.11667001809772773,43.58620689655172,,False,-7337,0.9558860663602848,False
TECHM,Mar 2022,0.09737409804359146,56.04294478527607,,False,-2266,1.0051783141210375,False
TECHM,Mar 2022,0.09737409804359146,56.04294478527607,,False,-2266,1.0051783141210375,False
TECHM,Mar 2023,0.09812347801174617,26.773006134969325,,False,-648,1.162851594038449,False
TECHM,Mar 2023,0.09812347801174617,26.773006134969325,,False,-648,1.162851594038449,False
TECHM,Mar 2024,0.09512917619708275,13.85969387755102,,False,-701,1.2050337203643189,False
TECHM,Mar 2024,0.09512917619708275,13.85969387755102,,False,-701,1.2050337203643189,False
TITAN,Mar 2013,0.0,21.823529411764707,,False,-3,1.720428280081577,False
TITAN,Mar 2014,0.31985731272294887,13.379310344827585,,False,804,1.7880870561282933,False
TITAN,Mar 2015,0.0324254215304799,15.061728395061728,,False,97,2.030163599182004,False
TITAN,Mar 2016,0.03222127174222983,24.0,,False,83,1.7779880163986124,False
TITAN,Mar 2017,0.44460193716040636,29.526315789473685,,False,1451,1.5771883920076117,False
TITAN,Mar 2018,0.33222003929273086,32.339622641509436,,False,1655,1.6930994643419808,False
TITAN,Mar 2019,0.3942339373970346,40.9811320754717,,False,2285,1.689069171648164,False
TITAN,Mar 2020,0.5341130604288499,15.759036144578314,,False,3404,1.554341405788541,False
TITAN,Mar 2021,0.7520341469921302,9.38423645320197,,False,2814,1.3162247628314279,False
TITAN,Mar 2022,0.782005804579168,16.15137614678899,,False,6981,1.3592127619407213,False
TITAN,Mar 2023,0.7903974348156274,17.293333333333333,,False,6852,1.5016654330125834,False
TITAN,Mar 2024,1.653145959757266,9.411954765751211,,False,13183,1.619298190002219,False
TORNTPHARM,Mar 2013,0.4873417721518987,20.529411764705884,,False,633,0.8534505728750333,False
TORNTPHARM,Mar 2014,0.5948502364687336,16.76271186440678,,False,946,0.8307447232178415,False
TORNTPHARM,Mar 2015,1.099959855479727,7.462857142857143,,False,2442,0.5928388746803069,False
TORNTPHARM,Mar 2016,0.6731539782484258,15.027173913043478,,False,1572,0.7525320729237002,False
TORNTPHARM,Mar 2017,0.5768788784187543,7.766990291262136,,False,1706,0.6057702322674722,False
TORNTPHARM,Mar 2018,1.3977936404931863,5.35064935064935,,False,5970,0.4177490697184582,False
TORNTPHARM,Mar 2019,1.2778835978835978,3.3392857142857144,,False,5685,0.5436831290299724,False
TORNTPHARM,Mar 2020,1.199004975124378,5.0798226164079825,,False,5782,0.5666666666666667,False
TORNTPHARM,Mar 2021,0.8348749571771155,7.186968838526912,,False,4693,0.5687388987566607,False
TORNTPHARM,Mar 2022,0.6836888963547791,8.403921568627451,,False,3844,0.6592282659228266,False
TORNTPHARM,Mar 2023,0.8662471765085511,8.66966966966967,,False,5170,0.6584531143052703,False
TORNTPHARM,Mar 2024,0.5866394399066511,9.926553672316384,,False,3849,0.7396070320579111,False
TRENT,Mar 2013,0.2786352558895207,2.1724137931034484,,False,26,0.965142598460842,False
TRENT,Mar 2014,0.3350151362260343,3.1153846153846154,,False,32,1.2050619834710743,False
TRENT,Mar 2015,0.1877637130801688,13.454545454545455,,False,-473,1.0348889895786135,False
TRENT,Mar 2016,0.273224043715847,3.6666666666666665,,False,-667,0.7816411682892906,False
TRENT,Mar 2017,0.25339366515837103,4.673913043478261,,False,-688,0.8154815481548154,False
TRENT,Mar 2018,0.245141065830721,5.340909090909091,,False,-632,0.9233732876712328,False
TRENT,Mar 2019,0.3001215066828676,5.313725490196078,,False,-389,1.0277452129738178,False
TRENT,Mar 2020,0.12562814070351758,2.570342205323194,,False,-1215,0.633012529507899,False
TRENT,Mar 2021,0.1297016861219196,1.1992337164750957,,True,-1187,0.453004891684137,False
TRENT,Mar 2022,1.998730964467005,2.2984615384615386,,False,3441,0.582190007765985,False
TRENT,Mar 2023,1.7195685670261942,3.5574572127139366,,False,3354,1.0197970799307101,False
TRENT,Mar 2024,0.4309242871189774,8.043478260869565,,False,337,1.7278693102485339,False
TVSMOTOR,Mar 2013,1.1879866518353726,5.514563106796117,,False,720,2.2212363206152026,False
TVSMOTOR,Mar 2014,0.6270456503014643,6.7,,False,289,2.3083700440528636,False
TVSMOTOR,Mar 2015,0.8445283018867924,11.048387096774194,,False,580,2.2442013129102847,False
TVSMOTOR,Mar 2016,0.59978009895547,13.028571428571428,,False,148,2.210843373493976,False
TVSMOTOR,Mar 2017,0.591339648173207,17.233333333333334,,False,156,2.033779373368146,False
TVSMOTOR,Mar 2018,2.5870052277819267,4.8579881656804735,,False,6507,1.238817285822593,False
TVSMOTOR,Mar 2019,2.9321980447808262,3.300150829562594,,False,8858,1.2074748442740777,False
TVSMOTOR,Mar 2020,3.5306122448979593,2.6619883040935672,,False,11220,0.9780510585305106,False
TVSMOTOR,Mar 2021,3.182388293702639,2.5743473325766173,,False,11711,0.8882231877429683,False
TVSMOTOR,Mar 2022,3.5970454545454547,2.925531914893617,,False,15222,0.9047512909097664,False
TVSMOTOR,Mar 2023,4.064668483197093,3.04312865497076,,False,21409,0.9128907922912206,False
TVSMOTOR,Mar 2024,3.833431603773585,2.9076763485477177,,False,24883,0.931491528650295,False
ULTRACEMCO,Mar 2013,0.4821065073215576,20.408730158730158,,False,2633,0.6934622405516868,False
ULTRACEMCO,Mar 2014,0.4267256431148877,12.069252077562327,,False,2470,0.6440888612707784,False
ULTRACEMCO,Mar 2015,0.5162018801533533,8.13458262350937,,False,5329,0.6124615667621476,False
ULTRACEMCO,Mar 2016,0.4837548416495785,9.478798586572438,,False,5521,0.6106134537421407,False
ULTRACEMCO,Mar 2017,0.3474089865529682,9.15625,,False,1783,0.6011751048354617,False
ULTRACEMCO,Mar 2018,0.7383822303085437,5.159127625201939,,False,14033,0.542150119878896,False
ULTRACEMCO,Mar 2019,0.7507036828538414,4.329021372328459,,False,22416,0.5418098660568441,False
ULTRACEMCO,Mar 2020,0.5895656182768159,4.968373493975903,,False,17090,0.5356376398111445,False
ULTRACEMCO,Mar 2021,0.49165817770232034,8.20121130551817,,False,9541,0.5190076123282584,False
ULTRACEMCO,Mar 2022,0.22402648901578237,12.892063492063492,,False,4963,0.6275906503919533,False
ULTRACEMCO,Mar 2023,0.20355269213069488,13.520048602673148,,False,3761,0.6920551543007223,False
ULTRACEMCO,Mar 2024,0.1893305439330544,13.983471074380166,,False,3154,0.7034733176582636,False
UNIONBANK,Mar 2013,16.605404469080202,0.18167852062588905,,True,205781,0.0804347548192463,True
UNIONBANK,Mar 2014,17.552753032091875,0.10429962267666651,,True,232442,0.082796967998355,True
UNIONBANK,Mar 2015,17.72038795919393,0.12622673434856177,,True,266800,0.08385519050176501,True
UNIONBANK,Mar 2016,16.259718847622352,0.08395413074411986,,True,284181,0.07932934837308066,True
UNIONBANK,Mar 2017,17.366870045241356,0.025240839678599976,,True,304979,0.07201748591668294,True
UNIONBANK,Mar 2018,18.05674798035799,-0.26577478590601167,,True,330484,0.0670956181788565,True
UNIONBANK,Mar 2019,17.17021910866001,-0.14893706059591563,,True,332389,0.06882332058381688,True
UNIONBANK,Mar 2020,14.861724036481318,-0.144521422765801,,True,350899,0.06746785380614896,True
UNIONBANK,Mar 2021,15.100497389477587,0.07335872324990932,,True,638517,0.06403591354953034,True
UNIONBANK,Mar 2022,15.32031724079536,0.2317437403554184,,True,733774,0.05715525488244765,True
UNIONBANK,Mar 2023,14.758882797827521,0.26837799013178437,,True,819332,0.06299729034731832,True
UNIONBANK,Mar 2024,12.823705403799257,0.35356038128906003,,True,907615,0.07159506874484663,True
INDIGO,Mar 2013,2.5,28.23310810810811,,False,11,353.96153846153845,False
INDIGO,Mar 2014,3.1818181818181817,27.335038363171357,,False,14,317.62857142857143,False
INDIGO,Mar 2015,0.15151515151515152,30.470886075949366,,False,3,228.27868852459017,False
INDIGO,Mar 2016,0.061823802163833076,25.23495145631068,,False,-116,82.34693877551021,False
INDIGO,Mar 2017,0.5306122448979592,20.752851711026615,,False,36,75.52845528455285,False
INDIGO,Mar 2018,0.54,21.123548046462513,,False,39,82.51254480286738,False
INDIGO,Mar 2019,0.6821705426356589,21.620377358490565,,False,68,76.39946380697052,False
INDIGO,Mar 2020,0.41899441340782123,20.70411495754409,,False,54,84.72985781990522,False
INDIGO,Mar 2021,0.015957446808510637,14.12934362934363,,False,-41,18.053020961775587,False
INDIGO,Mar 2022,0.018461538461538463,35.0,,False,-161,28.18586956521739,False
INDIGO,Mar 2023,0.015444015444015444,33.49965059399022,,False,-120,51.26741996233522,False
INDIGO,Mar 2024,0.018579234972677595,22.612639724849526,,False,-171,56.38625204582652,False
