company_id,year,net_profit_margin_pct,operating_profit_margin_pct,return_on_equity_pct,return_on_capital_employed_pct,return_on_assets_pct
ABB,Dec 2012,8.771929824561402,12.220205686630369,22.411128284389488,36.321483771251934,15.986769570011026
ABB,Mar 2014,8.699472759226714,11.731107205623902,25.12690355329949,40.10152284263959,17.383669885864794
ABB,Mar 2014,8.699472759226714,11.731107205623902,25.12690355329949,40.10152284263959,17.383669885864794
ABB,Mar 2014,8.699472759226714,11.731107205623902,25.12690355329949,40.10152284263959,17.383669885864794
ABB,Mar 2014,8.699472759226714,11.731107205623902,25.12690355329949,40.10152284263959,17.383669885864794
ABB,Mar 2014,8.699472759226714,11.731107205623902,25.12690355329949,40.10152284263959,17.383669885864794
ABB,Mar 2014,8.699472759226714,11.731107205623902,25.12690355329949,40.10152284263959,17.383669885864794
ABB,Mar 2014,8.699472759226714,11.731107205623902,25.12690355329949,40.10152284263959,17.383669885864794
ABB,Mar 2014,8.699472759226714,11.731107205623902,25.12690355329949,40.10152284263959,17.383669885864794
ABB,Mar 2015,10.004368719965049,13.630406290956751,24.439701173959445,38.4204909284952,16.666666666666664
ABB,Mar 2015,10.004368719965049,13.630406290956751,24.439701173959445,38.4204909284952,16.666666666666664
ABB,Mar 2015,10.004368719965049,13.630406290956751,24.439701173959445,38.4204909284952,16.666666666666664
ABB,Mar 2015,10.004368719965049,13.630406290956751,24.439701173959445,38.4204909284952,16.666666666666664
ABB,Mar 2015,10.004368719965049,13.630406290956751,24.439701173959445,38.4204909284952,16.666666666666664
ABB,Mar 2015,10.004368719965049,13.630406290956751,24.439701173959445,38.4204909284952,16.666666666666664
ABB,Mar 2015,10.004368719965049,13.630406290956751,24.439701173959445,38.4204909284952,16.666666666666664
ABB,Mar 2015,10.004368719965049,13.630406290956751,24.439701173959445,38.4204909284952,16.666666666666664
ABB,Mar 2016,9.755164498852334,13.963274674827849,21.338912133891213,34.72803347280335,15.77970297029703
ABB,Mar 2016,9.755164498852334,13.963274674827849,21.338912133891213,34.72803347280335,15.77970297029703
ABB,Mar 2016,9.755164498852334,13.963274674827849,21.338912133891213,34.72803347280335,15.77970297029703
ABB,Mar 2016,9.755164498852334,13.963274674827849,21.338912133891213,34.72803347280335,15.77970297029703
ABB,Mar 2016,9.755164498852334,13.963274674827849,21.338912133891213,34.72803347280335,15.77970297029703
ABB,Mar 2016,9.755164498852334,13.963274674827849,21.338912133891213,34.72803347280335,15.77970297029703
ABB,Mar 2016,9.755164498852334,13.963274674827849,21.338912133891213,34.72803347280335,15.77970297029703
ABB,Mar 2016,9.755164498852334,13.963274674827849,21.338912133891213,34.72803347280335,15.77970297029703
ABB,Mar 2017,9.541853255253187,13.709955218739237,19.971160778658977,32.804614275414565,13.407550822846078
ABB,Mar 2017,9.541853255253187,13.709955218739237,19.971160778658977,32.804614275414565,13.407550822846078
ABB,Mar 2017,9.541853255253187,13.709955218739237,19.971160778658977,32.804614275414565,13.407550822846078
ABB,Mar 2017,9.541853255253187,13.709955218739237,19.971160778658977,32.804614275414565,13.407550822846078
ABB,Mar 2017,9.541853255253187,13.709955218739237,19.971160778658977,32.804614275414565,13.407550822846078
ABB,Mar 2017,9.541853255253187,13.709955218739237,19.971160778658977,32.804614275414565,13.407550822846078
ABB,Mar 2017,9.541853255253187,13.709955218739237,19.971160778658977,32.804614275414565,13.407550822846078
ABB,Mar 2017,9.541853255253187,13.709955218739237,19.971160778658977,32.804614275414565,13.407550822846078
ABB,Mar 2018,12.15888417222559,15.918738629472406,23.685764914353218,37.92085056113408,16.5976821192053
ABB,Mar 2018,12.15888417222559,15.918738629472406,23.685764914353218,37.92085056113408,16.5976821192053
ABB,Mar 2018,12.15888417222559,15.918738629472406,23.685764914353218,37.92085056113408,16.5976821192053
ABB,Mar 2018,12.15888417222559,15.918738629472406,23.685764914353218,37.92085056113408,16.5976821192053
ABB,Mar 2018,12.15888417222559,15.918738629472406,23.685764914353218,37.92085056113408,16.5976821192053
ABB,Mar 2018,12.15888417222559,15.918738629472406,23.685764914353218,37.92085056113408,16.5976821192053
ABB,Mar 2018,12.15888417222559,15.918738629472406,23.685764914353218,37.92085056113408,16.5976821192053
ABB,Mar 2018,12.15888417222559,15.918738629472406,23.685764914353218,37.92085056113408,16.5976821192053
ABB,Mar 2019,12.231584669747214,16.444686055993476,22.410358565737052,35.756972111553786,15.300918055083304
ABB,Mar 2019,12.231584669747214,16.444686055993476,22.410358565737052,35.756972111553786,15.300918055083304
ABB,Mar 2019,12.231584669747214,16.444686055993476,22.410358565737052,35.756972111553786,15.300918055083304
ABB,Mar 2019,12.231584669747214,16.444686055993476,22.410358565737052,35.756972111553786,15.300918055083304
ABB,Mar 2019,12.231584669747214,16.444686055993476,22.410358565737052,35.756972111553786,15.300918055083304
ABB,Mar 2019,12.231584669747214,16.444686055993476,22.410358565737052,35.756972111553786,15.300918055083304
ABB,Mar 2019,12.231584669747214,16.444686055993476,22.410358565737052,35.756972111553786,15.300918055083304
ABB,Mar 2019,12.231584669747214,16.444686055993476,22.410358565737052,35.756972111553786,15.300918055083304
ABB,Mar 2020,14.488150500855118,18.49499144881505,24.39325380501851,33.42287029930929,16.718353538201296
ABB,Mar 2020,14.488150500855118,18.49499144881505,24.39325380501851,33.42287029930929,16.718353538201296
ABB,Mar 2020,14.488150500855118,18.49499144881505,24.39325380501851,33.42287029930929,16.718353538201296
ABB,Mar 2020,14.488150500855118,18.49499144881505,24.39325380501851,33.42287029930929,16.718353538201296
ABB,Mar 2020,14.488150500855118,18.49499144881505,24.39325380501851,33.42287029930929,16.718353538201296
ABB,Mar 2020,14.488150500855118,18.49499144881505,24.39325380501851,33.42287029930929,16.718353538201296
ABB,Mar 2020,14.488150500855118,18.49499144881505,24.39325380501851,33.42287029930929,16.718353538201296
ABB,Mar 2020,14.488150500855118,18.49499144881505,24.39325380501851,33.42287029930929,16.718353538201296
ABB,Mar 2021,16.03248259860789,21.392111368909514,26.5564950038432,36.40653357531761,17.994791666666668
ABB,Mar 2021,16.03248259860789,21.392111368909514,26.5564950038432,36.40653357531761,17.994791666666668
ABB,Mar 2021,16.03248259860789,21.392111368909514,26.5564950038432,36.40653357531761,17.994791666666668
ABB,Mar 2021,16.03248259860789,21.392111368909514,26.5564950038432,36.40653357531761,17.994791666666668
ABB,Mar 2021,16.03248259860789,21.392111368909514,26.5564950038432,36.40653357531761,17.994791666666668
ABB,Mar 2021,16.03248259860789,21.392111368909514,26.5564950038432,36.40653357531761,17.994791666666668
ABB,Mar 2021,16.03248259860789,21.392111368909514,26.5564950038432,36.40653357531761,17.994791666666668
ABB,Mar 2021,16.03248259860789,21.392111368909514,26.5564950038432,36.40653357531761,17.994791666666668
ABB,Mar 2022,16.26297577854671,22.023203745165887,28.333333333333332,39.19919246298789,18.915719696969695
ABB,Mar 2022,16.26297577854671,22.023203745165887,28.333333333333332,39.19919246298789,18.915719696969695
ABB,Mar 2022,16.26297577854671,22.023203745165887,28.333333333333332,39.19919246298789,18.915719696969695
ABB,Mar 2022,16.26297577854671,22.023203745165887,28.333333333333332,39.19919246298789,18.915719696969695
ABB,Mar 2022,16.26297577854671,22.023203745165887,28.333333333333332,39.19919246298789,18.915719696969695
ABB,Mar 2022,16.26297577854671,22.023203745165887,28.333333333333332,39.19919246298789,18.915719696969695
ABB,Mar 2022,16.26297577854671,22.023203745165887,28.333333333333332,39.19919246298789,18.915719696969695
ABB,Mar 2022,16.26297577854671,22.023203745165887,28.333333333333332,39.19919246298789,18.915719696969695
ABB,Mar 2023,17.74163395027108,22.546270330902974,29.767879548306148,41.19963647379582,20.82967515364355
ABB,Mar 2023,17.74163395027108,22.546270330902974,29.767879548306148,41.19963647379582,20.82967515364355
ABB,Mar 2023,17.74163395027108,22.546270330902974,29.767879548306148,41.19963647379582,20.82967515364355
ABB,Mar 2023,17.74163395027108,22.546270330902974,29.767879548306148,41.19963647379582,20.82967515364355
ABB,Mar 2023,17.74163395027108,22.546270330902974,29.767879548306148,41.19963647379582,20.82967515364355
ABB,Mar 2023,17.74163395027108,22.546270330902974,29.767879548306148,41.19963647379582,20.82967515364355
ABB,Mar 2023,17.74163395027108,22.546270330902974,29.767879548306148,41.19963647379582,20.82967515364355
ABB,Mar 2023,17.74163395027108,22.546270330902974,29.767879548306148,41.19963647379582,20.82967515364355
ABB,Mar 2024,20.533424517011454,24.84185330825782,32.46823465801568,44.97620306716023,23.127286732139417
ABB,Mar 2024,20.533424517011454,24.84185330825782,32.46823465801568,44.97620306716023,23.127286732139417
ABB,Mar 2024,20.533424517011454,24.84185330825782,32.46823465801568,44.97620306716023,23.127286732139417
ABB,Mar 2024,20.533424517011454,24.84185330825782,32.46823465801568,44.97620306716023,23.127286732139417
ABB,Mar 2024,20.533424517011454,24.84185330825782,32.46823465801568,44.97620306716023,23.127286732139417
ABB,Mar 2024,20.533424517011454,24.84185330825782,32.46823465801568,44.97620306716023,23.127286732139417
ABB,Mar 2024,20.533424517011454,24.84185330825782,32.46823465801568,44.97620306716023,23.127286732139417
ABB,Mar 2024,20.533424517011454,24.84185330825782,32.46823465801568,44.97620306716023,23.127286732139417
ADANIENSOL,Mar 2014,,,0.0,0.0,
ADANIENSOL,Mar 2015,-5.343511450381679,77.09923664122137,-0.6463527239150507,0.9643916913946587,-0.06091193873999304
ADANIENSOL,Mar 2016,16.773017319963536,87.83044667274385,13.77245508982036,17.740072843564008,3.1329814404903797
ADANIENSOL,Mar 2017,14.464534075104313,68.94993045897078,14.116050220563285,16.817648045629927,3.2472094293966123
ADANIENSOL,Mar 2018,28.98073022312373,71.65314401622717,18.87072808320951,17.81619654231119,6.620330147697655
ADANIENSOL,Mar 2019,7.652292950034223,38.02874743326489,6.950142981474575,11.050390347764372,1.716935929725413
ADANIENSOL,Mar 2020,6.184302733006307,37.29852838121934,8.30685963054477,13.800580241258206,1.7778449296164793
ADANIENSOL,Mar 2021,12.996171670360667,39.79447914567802,14.46350487722839,14.06397512078636,2.9837627792940737
ADANIENSOL,Mar 2022,10.978859477704743,37.360099484810796,12.46847573892868,13.79379630792415,2.604078880836002
ADANIENSOL,Mar 2023,9.636650868878357,33.98781313473256,10.90305557919823,13.257567526456462,2.3752132314766743
ADANIENSOL,Mar 2024,7.201782380923707,34.38911302462817,9.461276797721698,12.71750719156726,2.043117291332126
ADANIENT,Mar 2013,2.6264150943396225,12.983288409703503,5.692652832305104,8.592716691649766,1.0887540113166057
ADANIENT,Mar 2014,4.815549529546654,17.07645549347553,11.1377699204445,11.009327637172671,2.240436233086654
ADANIENT,Mar 2015,3.564725044597844,19.312805398278137,8.931902985074627,12.11538989377762,1.757982833274683
ADANIENT,Mar 2016,2.9404845918607387,4.951776052693484,7.4749588877261175,8.381724890158846,2.399289810216176
ADANIENT,Mar 2017,2.5319574083705145,5.206251881860236,6.543576683644596,7.5781830655765825,1.9428283379891202
ADANIENT,Mar 2018,1.653490702594366,5.673087629439929,3.936642587315263,7.3366742039968225,1.0530981295984398
ADANIENT,Mar 2019,1.2531266252259838,4.876297085118502,3.429113580916238,9.511904304011692,1.1895805905585857
ADANIENT,Mar 2020,2.3961477317236133,5.285348939013432,6.136779370980115,10.781175509092147,2.2186666666666666
ADANIENT,Mar 2021,2.645623087234742,6.338366593317652,6.0959263360335685,8.985802432157191,2.026464149408141
ADANIENT,Mar 2022,1.135119562085854,5.3500432152117545,3.5404591813811384,7.400447847669156,0.7756974386234324
ADANIENT,Mar 2023,1.899012074643249,6.913909361768857,7.328068742246831,11.19059489165343,1.7143504296493437
ADANIENT,Mar 2024,3.458790097592848,11.799296833677312,8.534650424813185,11.996819496867396,2.076768834144944
ADANIGREEN,Mar 2017,-9.362549800796813,80.2788844621514,-3.906899418121363,8.702702702702702,-0.762987012987013
ADANIGREEN,Mar 2018,-9.324324324324325,56.95945945945946,-10.290827740492169,7.898259705488621,-0.8784773060029283
ADANIGREEN,Mar 2019,-23.080660835762874,74.14965986394559,-24.573202276254527,12.22944550669216,-3.240551234820576
ADANIGREEN,Mar 2020,-2.6677128285602194,56.88505296194586,-2.8850233347475602,7.774487603785636,-0.36908380373425964
ADANIGREEN,Mar 2021,5.8258642765685025,71.73495518565942,8.272727272727273,9.96629936763982,0.6343231562804963
ADANIGREEN,Mar 2022,9.526592635885448,68.42002727449834,18.706962509563887,7.248494030227609,0.8294602571496421
ADANIGREEN,Mar 2023,12.512860082304528,63.91460905349794,13.321467688937568,9.161831391096593,1.4542139323558863
ADANIGREEN,Mar 2024,13.665943600867678,79.3709327548807,12.812690665039659,11.487173994537567,1.430420271098699
ADANIPORTS,Mar 2013,45.820519988817445,66.59211629857423,25.633406318423525,15.132674586432774,7.791775612075114
ADANIPORTS,Mar 2014,36.04554865424431,60.43478260869565,19.86309184255562,16.57468727005151,7.055152571220165
ADANIPORTS,Mar 2015,37.77633289986996,63.42652795838751,21.58848118903855,16.075120002802983,7.243937410385887
ADANIPORTS,Mar 2016,40.17442678295119,64.38317625545083,21.147723065531284,14.804586157837477,7.44040640875342
ADANIPORTS,Mar 2017,46.23770588932338,64.20191965872733,22.264064817984707,16.24308002013085,8.997209988701607
ADANIPORTS,Mar 2018,32.588536606906295,63.20763048662016,17.652968473424867,18.489589351327616,7.812334596574429
ADANIPORTS,Mar 2019,37.02517162471396,60.37528604118994,16.596914492040046,15.139006220720375,7.183321198344907
ADANIPORTS,Mar 2020,31.8790533142424,50.08843594710688,14.868209136976077,14.138494407439989,6.113022271750893
ADANIPORTS,Mar 2021,40.23107569721115,69.22709163346613,16.586183108307875,16.071859539037046,6.769729961652946
ADANIPORTS,Mar 2022,28.93276476429698,55.65745662713943,11.843332297171278,12.656535496234236,5.037222357822797
ADANIPORTS,Mar 2023,25.85363514291195,52.498561289084975,11.8773271056864,11.408275401475365,4.789317981930119
ADANIPORTS,Mar 2024,30.339560480700833,58.36172363445772,15.3548827162833,15.902511540568032,6.926554927819896
ADANIPORTS,Mar 2013,45.820519988817445,66.59211629857423,25.633406318423525,15.132674586432774,7.791775612075114
ADANIPORTS,Mar 2014,36.04554865424431,60.43478260869565,19.86309184255562,16.57468727005151,7.055152571220165
ADANIPORTS,Mar 2015,37.77633289986996,63.42652795838751,21.58848118903855,16.075120002802983,7.243937410385887
ADANIPORTS,Mar 2016,40.17442678295119,64.38317625545083,21.147723065531284,14.804586157837477,7.44040640875342
ADANIPORTS,Mar 2017,46.23770588932338,64.20191965872733,22.264064817984707,16.24308002013085,8.997209988701607
ADANIPORTS,Mar 2018,32.588536606906295,63.20763048662016,17.652968473424867,18.489589351327616,7.812334596574429
ADANIPORTS,Mar 2019,37.02517162471396,60.37528604118994,16.596914492040046,15.139006220720375,7.183321198344907
ADANIPORTS,Mar 2020,31.8790533142424,50.08843594710688,14.868209136976077,14.138494407439989,6.113022271750893
ADANIPORTS,Mar 2021,40.23107569721115,69.22709163346613,16.586183108307875,16.071859539037046,6.769729961652946
ADANIPORTS,Mar 2022,28.93276476429698,55.65745662713943,11.843332297171278,12.656535496234236,5.037222357822797
ADANIPORTS,Mar 2023,25.85363514291195,52.498561289084975,11.8773271056864,11.408275401475365,4.789317981930119
ADANIPORTS,Mar 2024,30.339560480700833,58.36172363445772,15.3548827162833,15.902511540568032,6.926554927819896
ADANIPOWER,Mar 2013,-34.294680215182304,14.34548714883443,-53.459119496855344,2.5494705780246485,-4.1965330602691635
ADANIPOWER,Mar 2014,-1.8984864300626305,29.964770354906058,-4.447501146263182,9.330676819284713,-0.49541190691023
ADANIPOWER,Mar 2015,-4.367606915377617,25.03880533104962,-14.253275109170305,11.623437097509264,-1.3954920135444813
ADANIPOWER,Mar 2016,2.171257437837412,34.6849509398274,7.378146759507231,14.28808744621825,0.7269704725967755
ADANIPOWER,Mar 2017,-27.299257163070394,26.44145737530951,-205.79999999999998,4.170571696344892,-8.633636783152241
ADANIPOWER,Mar 2018,-10.35756501182033,26.773049645390074,-236.55793025871765,11.52185243094334,-3.0246807041767347
ADANIPOWER,Mar 2019,-4.119912912409982,20.86333947412494,-12.759336099585061,13.58699627002121,-1.4473780981098772
ADANIPOWER,Mar 2020,-8.595284872298626,21.66389602538915,-35.102607622280516,9.820038910505836,-3.032322559146951
ADANIPOWER,Mar 2021,4.84344609282636,33.13374775942947,9.685045374818882,16.146087274500243,1.6115524198665077
ADANIPOWER,Mar 2022,17.725812854101257,35.6573201977554,26.613209080565635,20.397325522913523,5.991632207462705
ADANIPOWER,Mar 2023,27.666159440848016,26.038738297268715,35.90507430713616,19.815578877412566,12.499271740017011
ADANIPOWER,Mar 2024,41.36759945184802,36.20186292228556,48.27674122146251,36.15051246768946,22.638002804073516
AMBUJACEM,Dec 2012,13.252641296543235,25.36670427736178,14.686825053995682,28.70046291069211,10.46577561765897
AMBUJACEM,Dec 2013,13.950442091474729,18.218535094422005,13.506658211794548,21.650893796004205,9.864155603581352
AMBUJACEM,Dec 2014,14.937217478653944,19.427423405323957,14.766633565044687,23.28780680918448,10.714800403516357
AMBUJACEM,Dec 2015,8.562043022146868,16.33993853979019,7.866809463538117,18.3873471764021,5.717115969716267
AMBUJACEM,Dec 2016,7.136458644371454,15.830596197870012,7.234751021643711,18.24685138539043,4.368754569826956
AMBUJACEM,Dec 2017,8.238383667245541,16.34122580371892,9.408862229102168,20.259953614224973,5.477484581373736
AMBUJACEM,Dec 2018,11.416612265273992,15.402634307438271,13.29012069736254,18.93351182507809,7.951111229975128
AMBUJACEM,Dec 2019,10.267857142857142,16.960596221959857,11.558268959215882,21.55147394170571,6.926676290507243
AMBUJACEM,Dec 2020,12.673356175558819,20.41931799641051,13.65294195192688,22.791458584467023,7.822649680245733
AMBUJACEM,Dec 2021,12.812014500258934,21.439668565510097,14.636743709079436,25.016453098989587,8.209268886185155
AMBUJACEM,Mar 2024,14.288299155609169,19.300361881785282,11.428984947896565,18.505515359981022,7.2600787606687
APOLLOHOSP,Mar 2013,8.039267710267975,16.23772884054126,11.030214779759739,16.28787878787879,6.294142085583713
APOLLOHOSP,Mar 2014,7.229745237548772,15.515262795501492,10.581121934833725,16.061096968294375,5.887850467289719
APOLLOHOSP,Mar 2015,6.531487619418989,14.369272762721778,10.561160151324085,15.182029434546862,5.1865613872116425
APOLLOHOSP,Mar 2016,3.8211382113821135,11.121951219512196,7.052821128451381,12.585144339928641,3.192934782608696
APOLLOHOSP,Mar 2017,1.8054024255788312,10.115766262403527,3.952926976463488,12.331107314800436,1.6166851783290141
APOLLOHOSP,Mar 2018,0.7278903311901006,9.717335921387845,1.8450184501845017,12.352148525228328,0.6979990693345742
APOLLOHOSP,Mar 2019,2.0796506186960593,11.126130810023916,5.9988002399520095,15.64150135578707,2.181976871045167
APOLLOHOSP,Mar 2020,3.841024273139504,14.145994487418868,12.934131736526947,26.13898500576701,3.826733988838692
APOLLOHOSP,Mar 2021,1.2973484848484849,10.795454545454545,2.976319791440365,14.184639963482827,1.2025983146067416
APOLLOHOSP,Mar 2022,7.556434563186251,14.928732183045762,19.704783923172684,26.385305953977916,8.355327652514893
APOLLOHOSP,Mar 2023,5.080664579821816,12.430772935227546,13.617295901903839,20.322886989553655,5.854605993340733
APOLLOHOSP,Mar 2024,4.905818773282963,12.56099480560365,13.480392156862745,20.368408183226016,5.5847568988173455
ASIANPAINT,Mar 2013,11.043412033511043,16.536557501904035,34.2789598108747,50.92159559834938,17.099056603773587
ASIANPAINT,Mar 2013,11.043412033511043,16.536557501904035,34.2789598108747,50.92159559834938,17.099056603773587
ASIANPAINT,Mar 2014,10.335515548281506,16.399345335515548,31.27011636543699,49.62686567164179,15.640866873065015
ASIANPAINT,Mar 2014,10.335515548281506,16.399345335515548,31.27011636543699,49.62686567164179,15.640866873065015
ASIANPAINT,Mar 2015,10.481087036356959,16.47447668013221,30.09278785322649,46.22093023255814,16.008525914292125
ASIANPAINT,Mar 2015,10.481087036356959,16.47447668013221,30.09278785322649,46.22093023255814,16.008525914292125
ASIANPAINT,Mar 2016,12.634013033424427,19.09466750753276,27.632183908045977,42.90303738317757,17.075480632635667
ASIANPAINT,Mar 2016,12.634013033424427,19.09466750753276,27.632183908045977,42.90303738317757,17.075480632635667
ASIANPAINT,Mar 2017,13.384676669764971,19.87783826849024,26.512361914781696,40.813326800587944,16.251511487303507
ASIANPAINT,Mar 2017,13.384676669764971,19.87783826849024,26.512361914781696,40.813326800587944,16.251511487303507
ASIANPAINT,Mar 2018,12.469539375928678,19.043090638930163,24.94649227110583,39.5840322039584,15.243769526992661
ASIANPAINT,Mar 2018,12.469539375928678,19.043090638930163,24.94649227110583,39.5840322039584,15.243769526992661
ASIANPAINT,Mar 2019,11.476091476091476,19.56860706860707,23.3132720937599,37.42933926420165,13.588528524832297
ASIANPAINT,Mar 2019,11.476091476091476,19.56860706860707,23.3132720937599,37.42933926420165,13.588528524832297
ASIANPAINT,Mar 2020,13.725199148978279,20.568007520657066,27.38400789733465,40.11379800853485,17.189242781013757
ASIANPAINT,Mar 2020,13.725199148978279,20.568007520657066,27.38400789733465,40.11379800853485,17.189242781013757
ASIANPAINT,Mar 2021,14.769953484087875,22.36448210749321,25.042948617835393,37.32642636160875,15.755342667649227
ASIANPAINT,Mar 2021,14.769953484087875,22.36448210749321,25.042948617835393,37.32642636160875,15.755342667649227
ASIANPAINT,Mar 2022,10.60101027456101,16.50802377925157,22.335650159281784,33.11903370348724,13.437581670877256
ASIANPAINT,Mar 2022,10.60101027456101,16.50802377925157,22.335650159281784,33.11903370348724,13.437581670877256
ASIANPAINT,Mar 2023,12.163298442981821,18.150714720635566,26.231865932966482,37.32775453277545,16.272935334962565
ASIANPAINT,Mar 2023,12.163298442981821,18.150714720635566,26.231865932966482,37.32775453277545,16.272935334962565
ASIANPAINT,Mar 2024,15.658543456824905,21.3692069305536,29.677488252883382,39.64720309404773,18.588007090063876
ASIANPAINT,Mar 2024,15.658543456824905,21.3692069305536,29.677488252883382,39.64720309404773,18.588007090063876
ATGL,Mar 2018,11.790393013100436,26.637554585152838,15.94488188976378,18.890300720033885,5.779521940777738
ATGL,Mar 2019,13.321698662012798,26.46887725421757,20.780399274047188,34.35828877005348,11.181640625
ATGL,Mar 2020,23.253333333333334,31.733333333333334,29.63970088375255,33.649289099526065,17.60904684975767
ATGL,Mar 2021,27.299528301886795,41.509433962264154,23.94002068252327,29.80105562322371,14.450686641697876
ATGL,Mar 2022,16.754443712969056,25.44437129690586,21.06788079470199,23.732251521298174,11.528878822197056
ATGL,Mar 2023,12.47144814984011,19.872087711283694,18.56511390683441,21.178088471235387,9.67227635075288
ATGL,Mar 2024,14.927374301675977,24.670391061452516,18.65921787709497,22.698072805139187,10.133495145631068
BAJAJ-AUTO,Mar 2013,15.645443196004994,18.257178526841447,38.84686918784873,54.34543454345434,24.782471127986078
BAJAJ-AUTO,Mar 2013,15.645443196004994,18.257178526841447,38.84686918784873,54.34543454345434,24.782471127986078
BAJAJ-AUTO,Mar 2013,15.645443196004994,18.257178526841447,38.84686918784873,54.34543454345434,24.782471127986078
BAJAJ-AUTO,Mar 2013,15.645443196004994,18.257178526841447,38.84686918784873,54.34543454345434,24.782471127986078
BAJAJ-AUTO,Mar 2013,15.645443196004994,18.257178526841447,38.84686918784873,54.34543454345434,24.782471127986078
BAJAJ-AUTO,Mar 2013,15.645443196004994,18.257178526841447,38.84686918784873,54.34543454345434,24.782471127986078
BAJAJ-AUTO,Mar 2013,15.645443196004994,18.257178526841447,38.84686918784873,54.34543454345434,24.782471127986078
BAJAJ-AUTO,Mar 2013,15.645443196004994,18.257178526841447,38.84686918784873,54.34543454345434,24.782471127986078
BAJAJ-AUTO,Mar 2014,16.785022595222724,20.673387297015445,33.24481164551982,47.30099745746138,22.07995819179514
BAJAJ-AUTO,Mar 2014,16.785022595222724,20.673387297015445,33.24481164551982,47.30099745746138,22.07995819179514
BAJAJ-AUTO,Mar 2014,16.785022595222724,20.673387297015445,33.24481164551982,47.30099745746138,22.07995819179514
BAJAJ-AUTO,Mar 2014,16.785022595222724,20.673387297015445,33.24481164551982,47.30099745746138,22.07995819179514
BAJAJ-AUTO,Mar 2014,16.785022595222724,20.673387297015445,33.24481164551982,47.30099745746138,22.07995819179514
BAJAJ-AUTO,Mar 2014,16.785022595222724,20.673387297015445,33.24481164551982,47.30099745746138,22.07995819179514
BAJAJ-AUTO,Mar 2014,16.785022595222724,20.673387297015445,33.24481164551982,47.30099745746138,22.07995819179514
BAJAJ-AUTO,Mar 2014,16.785022595222724,20.673387297015445,33.24481164551982,47.30099745746138,22.07995819179514
BAJAJ-AUTO,Mar 2015,14.012502894188469,19.115536003704563,27.273546642631818,38.86856429017578,18.95277464612301
BAJAJ-AUTO,Mar 2015,14.012502894188469,19.115536003704563,27.273546642631818,38.86856429017578,18.95277464612301
BAJAJ-AUTO,Mar 2015,14.012502894188469,19.115536003704563,27.273546642631818,38.86856429017578,18.95277464612301
BAJAJ-AUTO,Mar 2015,14.012502894188469,19.115536003704563,27.273546642631818,38.86856429017578,18.95277464612301
BAJAJ-AUTO,Mar 2015,14.012502894188469,19.115536003704563,27.273546642631818,38.86856429017578,18.95277464612301
BAJAJ-AUTO,Mar 2015,14.012502894188469,19.115536003704563,27.273546642631818,38.86856429017578,18.95277464612301
BAJAJ-AUTO,Mar 2015,14.012502894188469,19.115536003704563,27.273546642631818,38.86856429017578,18.95277464612301
BAJAJ-AUTO,Mar 2015,14.012502894188469,19.115536003704563,27.273546642631818,38.86856429017578,18.95277464612301
BAJAJ-AUTO,Mar 2016,17.989722689820148,21.23239124656685,28.96576319543509,42.34686660065073,23.55568445475638
BAJAJ-AUTO,Mar 2016,17.989722689820148,21.23239124656685,28.96576319543509,42.34686660065073,23.55568445475638
BAJAJ-AUTO,Mar 2016,17.989722689820148,21.23239124656685,28.96576319543509,42.34686660065073,23.55568445475638
BAJAJ-AUTO,Mar 2016,17.989722689820148,21.23239124656685,28.96576319543509,42.34686660065073,23.55568445475638
BAJAJ-AUTO,Mar 2016,17.989722689820148,21.23239124656685,28.96576319543509,42.34686660065073,23.55568445475638
BAJAJ-AUTO,Mar 2016,17.989722689820148,21.23239124656685,28.96576319543509,42.34686660065073,23.55568445475638
BAJAJ-AUTO,Mar 2016,17.989722689820148,21.23239124656685,28.96576319543509,42.34686660065073,23.55568445475638
BAJAJ-AUTO,Mar 2016,17.989722689820148,21.23239124656685,28.96576319543509,42.34686660065073,23.55568445475638
BAJAJ-AUTO,Mar 2017,18.7497127097219,20.358538267065043,22.843862007168457,32.80485091232755,18.8510952953138
BAJAJ-AUTO,Mar 2017,18.7497127097219,20.358538267065043,22.843862007168457,32.80485091232755,18.8510952953138
BAJAJ-AUTO,Mar 2017,18.7497127097219,20.358538267065043,22.843862007168457,32.80485091232755,18.8510952953138
BAJAJ-AUTO,Mar 2017,18.7497127097219,20.358538267065043,22.843862007168457,32.80485091232755,18.8510952953138
BAJAJ-AUTO,Mar 2017,18.7497127097219,20.358538267065043,22.843862007168457,32.80485091232755,18.8510952953138
BAJAJ-AUTO,Mar 2017,18.7497127097219,20.358538267065043,22.843862007168457,32.80485091232755,18.8510952953138
BAJAJ-AUTO,Mar 2017,18.7497127097219,20.358538267065043,22.843862007168457,32.80485091232755,18.8510952953138
BAJAJ-AUTO,Mar 2017,18.7497127097219,20.358538267065043,22.843862007168457,32.80485091232755,18.8510952953138
BAJAJ-AUTO,Mar 2018,16.735422451408173,19.22253074176914,20.656058751529986,30.419546383724327,16.781353168131737
BAJAJ-AUTO,Mar 2018,16.735422451408173,19.22253074176914,20.656058751529986,30.419546383724327,16.781353168131737
BAJAJ-AUTO,Mar 2018,16.735422451408173,19.22253074176914,20.656058751529986,30.419546383724327,16.781353168131737
BAJAJ-AUTO,Mar 2018,16.735422451408173,19.22253074176914,20.656058751529986,30.419546383724327,16.781353168131737
BAJAJ-AUTO,Mar 2018,16.735422451408173,19.22253074176914,20.656058751529986,30.419546383724327,16.781353168131737
BAJAJ-AUTO,Mar 2018,16.735422451408173,19.22253074176914,20.656058751529986,30.419546383724327,16.781353168131737
BAJAJ-AUTO,Mar 2018,16.735422451408173,19.22253074176914,20.656058751529986,30.419546383724327,16.781353168131737
BAJAJ-AUTO,Mar 2018,16.735422451408173,19.22253074176914,20.656058751529986,30.419546383724327,16.781353168131737
BAJAJ-AUTO,Mar 2019,16.2329534224916,17.12234007510376,21.211208195239532,30.935867796900418,17.09093431365749
BAJAJ-AUTO,Mar 2019,16.2329534224916,17.12234007510376,21.211208195239532,30.935867796900418,17.09093431365749
BAJAJ-AUTO,Mar 2019,16.2329534224916,17.12234007510376,21.211208195239532,30.935867796900418,17.09093431365749
BAJAJ-AUTO,Mar 2019,16.2329534224916,17.12234007510376,21.211208195239532,30.935867796900418,17.09093431365749
BAJAJ-AUTO,Mar 2019,16.2329534224916,17.12234007510376,21.211208195239532,30.935867796900418,17.09093431365749
BAJAJ-AUTO,Mar 2019,16.2329534224916,17.12234007510376,21.211208195239532,30.935867796900418,17.09093431365749
BAJAJ-AUTO,Mar 2019,16.2329534224916,17.12234007510376,21.211208195239532,30.935867796900418,17.09093431365749
BAJAJ-AUTO,Mar 2019,16.2329534224916,17.12234007510376,21.211208195239532,30.935867796900418,17.09093431365749
BAJAJ-AUTO,Mar 2020,17.42036832781844,17.076105484808984,24.06056689133044,31.856985496603635,19.660505469634103
BAJAJ-AUTO,Mar 2020,17.42036832781844,17.076105484808984,24.06056689133044,31.856985496603635,19.660505469634103
BAJAJ-AUTO,Mar 2020,17.42036832781844,17.076105484808984,24.06056689133044,31.856985496603635,19.660505469634103
BAJAJ-AUTO,Mar 2020,17.42036832781844,17.076105484808984,24.06056689133044,31.856985496603635,19.660505469634103
BAJAJ-AUTO,Mar 2020,17.42036832781844,17.076105484808984,24.06056689133044,31.856985496603635,19.660505469634103
BAJAJ-AUTO,Mar 2020,17.42036832781844,17.076105484808984,24.06056689133044,31.856985496603635,19.660505469634103
BAJAJ-AUTO,Mar 2020,17.42036832781844,17.076105484808984,24.06056689133044,31.856985496603635,19.660505469634103
BAJAJ-AUTO,Mar 2020,17.42036832781844,17.076105484808984,24.06056689133044,31.856985496603635,19.660505469634103
BAJAJ-AUTO,Mar 2021,17.508381096571863,17.800367686817346,17.808821911780882,23.75702708622326,14.454496756145469
BAJAJ-AUTO,Mar 2021,17.508381096571863,17.800367686817346,17.808821911780882,23.75702708622326,14.454496756145469
BAJAJ-AUTO,Mar 2021,17.508381096571863,17.800367686817346,17.808821911780882,23.75702708622326,14.454496756145469
BAJAJ-AUTO,Mar 2021,17.508381096571863,17.800367686817346,17.808821911780882,23.75702708622326,14.454496756145469
BAJAJ-AUTO,Mar 2021,17.508381096571863,17.800367686817346,17.808821911780882,23.75702708622326,14.454496756145469
BAJAJ-AUTO,Mar 2021,17.508381096571863,17.800367686817346,17.808821911780882,23.75702708622326,14.454496756145469
BAJAJ-AUTO,Mar 2021,17.508381096571863,17.800367686817346,17.808821911780882,23.75702708622326,14.454496756145469
BAJAJ-AUTO,Mar 2021,17.508381096571863,17.800367686817346,17.808821911780882,23.75702708622326,14.454496756145469
BAJAJ-AUTO,Mar 2022,18.60310755770101,15.866646553024587,20.650390167118793,26.449202855046362,17.561447979265758
BAJAJ-AUTO,Mar 2022,18.60310755770101,15.866646553024587,20.650390167118793,26.449202855046362,17.561447979265758
BAJAJ-AUTO,Mar 2022,18.60310755770101,15.866646553024587,20.650390167118793,26.449202855046362,17.561447979265758
BAJAJ-AUTO,Mar 2022,18.60310755770101,15.866646553024587,20.650390167118793,26.449202855046362,17.561447979265758
BAJAJ-AUTO,Mar 2022,18.60310755770101,15.866646553024587,20.650390167118793,26.449202855046362,17.561447979265758
BAJAJ-AUTO,Mar 2022,18.60310755770101,15.866646553024587,20.650390167118793,26.449202855046362,17.561447979265758
BAJAJ-AUTO,Mar 2022,18.60310755770101,15.866646553024587,20.650390167118793,26.449202855046362,17.561447979265758
BAJAJ-AUTO,Mar 2022,18.60310755770101,15.866646553024587,20.650390167118793,26.449202855046362,17.561447979265758
BAJAJ-AUTO,Mar 2023,16.62323412426279,17.734192840488273,20.638921054424088,27.70128196432205,17.247267759562842
BAJAJ-AUTO,Mar 2023,16.62323412426279,17.734192840488273,20.638921054424088,27.70128196432205,17.247267759562842
BAJAJ-AUTO,Mar 2023,16.62323412426279,17.734192840488273,20.638921054424088,27.70128196432205,17.247267759562842
BAJAJ-AUTO,Mar 2023,16.62323412426279,17.734192840488273,20.638921054424088,27.70128196432205,17.247267759562842
BAJAJ-AUTO,Mar 2023,16.62323412426279,17.734192840488273,20.638921054424088,27.70128196432205,17.247267759562842
BAJAJ-AUTO,Mar 2023,16.62323412426279,17.734192840488273,20.638921054424088,27.70128196432205,17.247267759562842
BAJAJ-AUTO,Mar 2023,16.62323412426279,17.734192840488273,20.638921054424088,27.70128196432205,17.247267759562842
BAJAJ-AUTO,Mar 2023,16.62323412426279,17.734192840488273,20.638921054424088,27.70128196432205,17.247267759562842
BAJAJ-AUTO,Mar 2024,17.178515712057056,19.534209939826162,26.61418410330778,33.895834682904706,19.59129727531517
BAJAJ-AUTO,Mar 2024,17.178515712057056,19.534209939826162,26.61418410330778,33.895834682904706,19.59129727531517
BAJAJ-AUTO,Mar 2024,17.178515712057056,19.534209939826162,26.61418410330778,33.895834682904706,19.59129727531517
BAJAJ-AUTO,Mar 2024,17.178515712057056,19.534209939826162,26.61418410330778,33.895834682904706,19.59129727531517
BAJAJ-AUTO,Mar 2024,17.178515712057056,19.534209939826162,26.61418410330778,33.895834682904706,19.59129727531517
BAJAJ-AUTO,Mar 2024,17.178515712057056,19.534209939826162,26.61418410330778,33.895834682904706,19.59129727531517
BAJAJ-AUTO,Mar 2024,17.178515712057056,19.534209939826162,26.61418410330778,33.895834682904706,19.59129727531517
BAJAJ-AUTO,Mar 2024,17.178515712057056,19.534209939826162,26.61418410330778,33.895834682904706,19.59129727531517
AXISBANK,Mar 2013,19.05234889452967,30.58161350844278,15.6191567645817,2.525105339210472,1.52073949224508
AXISBANK,Mar 2014,20.293071374955126,31.474168597630626,16.194395249505156,2.5968854593785986,1.6094215089944353
AXISBANK,Mar 2015,20.739028721215366,31.36221426759492,16.369663396293575,2.4659700124228556,1.5747694454491559
AXISBANK,Mar 2016,20.064409095344978,32.611983995315704,15.355029033402415,2.5441831887983657,1.5051602618656739
AXISBANK,Mar 2017,8.259620133806294,53.450675766692115,6.525363604114934,4.0757634669768095,0.6016727122862908
AXISBANK,Mar 2018,0.6028833551769331,63.11708169506335,0.42985967262136526,4.273480237762569,0.0392210918526708
AXISBANK,Mar 2019,8.505801476739535,49.385298075873855,6.898026606884752,3.481029702563997,0.574537556845682
AXISBANK,Mar 2020,2.5975892073122058,55.984673106090845,1.8844104702339586,3.966381381432356,0.17534746171885776
AXISBANK,Mar 2021,10.400025258106274,50.119976004799035,6.359441666505782,3.3270624485796185,0.6581385707364099
AXISBANK,Mar 2022,19.33152262641554,44.4691808777476,11.01377461716035,2.6305209602494375,1.0892480968473273
AXISBANK,Mar 2023,11.248884505189986,34.15645108261707,7.381666037401469,2.270601387559398,0.712575999428749
AXISBANK,Mar 2024,22.73130411725443,34.69264599658038,15.832712405189048,2.6133269068562477,1.6374892227113123
BAJAJFINSV,Mar 2013,27.48603351955307,48.80198634388579,28.377339143809277,18.915019477708846,3.386874713171179
BAJAJFINSV,Mar 2014,36.37722065415906,74.5641706790636,23.528780068728523,15.593879038134565,2.9455655190029977
BAJAJFINSV,Mar 2015,21.25275694750772,48.619320688134096,21.724231220128054,14.75628993877169,2.730425715192456
BAJAJFINSV,Mar 2016,13.514829786197827,32.82033799249987,20.405912199426428,13.570004631400897,2.6695269886773576
BAJAJFINSV,Mar 2017,14.077610478638755,35.553107275472314,21.360906445421335,13.522573836388185,2.6824451459405663
BAJAJFINSV,Mar 2018,12.707686689793682,32.82819061530034,20.387638529512277,12.51943651511987,2.585534380920539
BAJAJFINSV,Mar 2019,12.61354301138364,35.29397957986152,22.636899747262003,12.177919575040082,2.5783483984877273
BAJAJFINSV,Mar 2020,11.028315946348734,33.59275818292212,19.148936170212767,11.518225519512471,2.385159010600707
BAJAJFINSV,Mar 2021,12.158370742012146,32.415170319514125,20.56098241696902,11.950745932522171,2.63252872125641
BAJAJFINSV,Mar 2022,12.153904628248984,31.364207818027655,20.657440306109773,10.655526098914738,2.4936040286371557
BAJAJFINSV,Mar 2023,14.877181011794521,36.39243590993274,26.310685887904846,11.547055730809674,3.011832728582317
BAJAJFINSV,Mar 2024,14.128209309488865,37.04045949520755,25.850351412279537,11.705286304511525,2.9018542467180857
BAJAJHLDNG,Mar 2013,550.7418397626113,95.54896142433235,17.941034316094733,3.141614306428226,17.22505800464037
BAJAJHLDNG,Mar 2014,469.97635933806146,94.56264775413712,16.56804733727811,3.375281273439453,15.97043701799486
BAJAJHLDNG,Mar 2015,387.2137404580153,92.36641221374046,15.149705069812589,3.8751586649742404,14.604477074785862
BAJAJHLDNG,Mar 2016,481.9148936170213,91.27659574468086,14.810697704832275,2.8509775714379124,14.639348500517062
BAJAJHLDNG,Mar 2017,293.70546318289786,74.58432304038006,13.879223257380177,3.5694241777977322,13.824137738274917
BAJAJHLDNG,Mar 2018,632.1428571428571,84.52380952380952,10.535296218404032,10.892424903773659,10.506945268906566
BAJAJHLDNG,Mar 2019,707.1925754060325,80.51044083526682,11.308993766696348,11.776491540516473,11.285545023696683
BAJAJHLDNG,Mar 2020,708.0459770114943,69.19540229885057,11.093901955840508,12.026064229708926,9.410614439793456
BAJAJHLDNG,Mar 2021,799.562363238512,77.02407002188184,9.831301961417386,10.19489049138139,8.032534622994064
BAJAJHLDNG,Mar 2022,852.4793388429752,75.82644628099173,9.630736193455022,9.924108389980445,7.69948495931925
BAJAJHLDNG,Mar 2023,947.5095785440614,72.79693486590038,11.194604137431535,11.412761151891587,9.299090020305332
BAJAJHLDNG,Mar 2024,432.7262044653349,91.7743830787309,13.576787656460265,13.8630086540232,11.302773131167417
BAJFINANCE,Mar 2015,16.654302670623146,32.49258160237389,18.708333333333332,5.649340327451916,2.7394752898108603
BAJFINANCE,Mar 2016,17.522948349088914,32.25099328675161,17.220950585700823,5.356339422298209,2.7228407808741193
BAJFINANCE,Mar 2017,18.415245737211634,32.59779338014042,19.125,5.57179269328802,2.8808586088402817
BAJFINANCE,Mar 2018,19.58261415345991,32.28463831790366,15.749621403331652,5.031248103877192,2.9434656477747114
BAJFINANCE,Mar 2019,21.609779845296696,29.501812084167252,20.2822764888054,4.524879416250979,3.215731729894634
BAJFINANCE,Mar 2020,19.959050580116784,34.72738302874043,16.283098243009157,5.66691748800375,3.2021217706565444
BAJFINANCE,Mar 2021,16.5710643722116,40.63659880778315,11.972479549271359,6.444895343870141,2.577710386656558
BAJFINANCE,Mar 2022,22.211687367655887,37.546221674409786,16.07759705350811,5.700543205149681,3.3072007378615194
BAJFINANCE,Mar 2023,27.7897177078554,30.65127623095313,21.16530567203708,4.697080372756048,4.181291011750343
BAJFINANCE,Mar 2024,26.287928399912687,29.285818234737686,18.841921351830603,4.360315856037963,3.845990067652804
BANKBARODA,Mar 2013,13.251193677624718,30.047747104988748,14.509344390361157,2.019082942223959,0.8632663969666795
BANKBARODA,Mar 2014,12.4459382645874,29.777821713664338,13.306206568552328,1.840353074127241,0.744855820997953
BANKBARODA,Mar 2015,8.794389402204164,29.981075364577535,9.400733019182256,1.9036015496797885,0.5381720679159525
BANKBARODA,Mar 2016,-10.98932291098059,55.440075110810284,-11.841517069383338,3.825566821861157,-0.7281823798093965
BANKBARODA,Mar 2017,4.171070087468801,43.28468958694039,4.307242204007709,2.782091658641402,0.25791973482236213
BANKBARODA,Mar 2018,-3.986451276706618,56.654941809970474,-3.9427908774642444,3.6269069673949788,-0.24552150586523597
BANKBARODA,Mar 2019,2.203908819415567,48.79408762711223,2.1201541930322207,3.268723114261538,0.14225236985616163
BANKBARODA,Mar 2020,1.2434248051207302,51.439254705621394,1.2890255439924314,3.542793766401621,0.08175442836486976
BANKBARODA,Mar 2021,2.1799391770056786,51.22857065963344,1.9662580410243962,3.3109103198345804,0.13470062785459316
BANKBARODA,Mar 2022,10.810111058118144,51.12488928255093,8.635121749447583,2.9372063889758846,0.5919614721357251
BANKBARODA,Mar 2023,15.877802821074463,40.45480037670762,14.282994621864736,2.641389786322218,0.9833727752870327
BANKBARODA,Mar 2024,15.93948250956673,37.4889127294537,15.761863790899902,2.820637646379921,1.1402758683204666
BHARTIARTL,Mar 2013,2.9461837368578374,29.838720158030853,4.50498787806526,20.60431580925695,1.43508261062227
BHARTIARTL,Mar 2014,3.516025342401938,30.87673530233858,5.05221233014258,21.667944446082625,1.6634342009565162
BHARTIARTL,Mar 2015,5.252806942695706,34.96529692719118,12.690750936470824,28.285115916617965,2.7745563073337767
BHARTIARTL,Mar 2016,7.140637301620188,35.2049061451125,10.323498577205331,23.2008888039375,3.0707616094657686
BHARTIARTL,Mar 2017,4.442326224494071,37.00716470440357,6.286967994426079,21.19831754842771,1.8254835960434226
BHARTIARTL,Mar 2018,2.6428199760403683,36.398068708479045,3.1408643129359315,17.601136734321525,0.8752770307909956
BHARTIARTL,Mar 2019,2.0896261450854174,31.894033176528847,2.3633843439788302,15.3608566885614,0.6159999416113799
BHARTIARTL,Mar 2020,-35.02895852134477,41.821359622568224,-39.748525503921186,-0.5169208378998371,-8.53933961029377
BHARTIARTL,Mar 2021,-12.28830404707005,45.00178897988392,-20.972639221074417,18.519153234898845,-3.58983441583894
BHARTIARTL,Mar 2022,7.125880546045801,49.36549203325697,12.478588815097515,26.32581530021335,2.299235618357341
BHARTIARTL,Mar 2023,8.830356822020196,51.22282511049624,15.84131609143535,23.813257000556685,2.7638750486439307
BHARTIARTL,Mar 2024,5.706018055499993,52.20093077836007,10.35839213740181,25.104372407456466,1.9361158683224027
BEL,Mar 2013,14.522556990275785,10.664753706360592,15183.333333333334,4303.333333333333,2024.4444444444443
BEL,Mar 2014,14.605707272169377,14.191469776004908,13600.0,4867.857142857143,2069.5652173913045
BEL,Mar 2015,16.875793035387,16.622021711546594,17100.0,5109.090909090909,2442.8571428571427
BEL,Mar 2016,18.18058199619255,18.94207234158281,11141.666666666668,5313.513513513513,2571.153846153846
BEL,Mar 2017,17.594731977818853,20.70240295748614,10153.333333333334,5027.272727272727,1977.922077922078
BEL,Mar 2018,13.758292471877704,19.603884241899816,4616.129032258064,2829.1139240506327,1182.6446280991736
BEL,Mar 2019,15.512989148306477,23.914830647813222,3851.020408163265,3106.25,1497.6190476190477
BEL,Mar 2020,14.073103022825418,21.275447254781,3318.181818181818,2886.868686868687,1495.9016393442623
BEL,Mar 2021,14.88411652136934,22.779785952229073,3559.322033898305,3091.666666666667,1381.578947368421
BEL,Mar 2022,15.616866215512754,21.759500260281104,3478.260869565217,2815.748031496063,1472.3926380368098
BEL,Mar 2023,16.837712867937295,23.063042742754032,3981.333333333333,3834.2105263157896,2073.611111111111
BEL,Mar 2024,19.661535425300965,24.921057825143084,4744.047619047619,4504.72440944882,2475.1552795031057
BHEL,Mar 2013,13.686276915526655,19.39144837740016,21.90906412648532,31.927692724155566,9.319390682001726
BHEL,Mar 2014,8.852152372285838,11.574530471929426,10.557414609146544,16.363828438622438,4.648816556265016
BHEL,Mar 2015,4.629186220987772,6.835232895955048,4.238898471073172,9.314051418439716,2.042742628516687
BHEL,Mar 2016,-2.768084689276612,-5.320525387178984,-2.1847439269689,0.41505257332595463,-1.0765969775988533
BHEL,Mar 2017,1.5984542420516425,3.846829439662744,1.4047979252215257,5.678291596251344,0.7374631268436578
BHEL,Mar 2018,1.5194088875013008,5.734207513789156,1.3545693520952529,7.1875481584219445,0.6850172036284017
BHEL,Mar 2019,3.2916132847146935,6.675207778982293,3.2422987315557856,8.041310966509462,1.553729260350442
BHEL,Mar 2020,-6.839677584680613,-0.6196710618273308,-5.12212142358688,1.3544754001185537,-2.4348576072714003
BHEL,Mar 2021,-15.59882142238142,-17.615113524755905,-10.391409767925182,-8.586021852977305,-4.824874910650465
BHEL,Mar 2022,2.0979680354533023,3.9036349064164817,1.678865162604693,3.9347715088077613,0.7808250425505782
BHEL,Mar 2023,2.7990584207147444,4.468221699122619,2.682746738862909,5.323142933762403,1.1341564927857937
BHEL,Mar 2024,1.180262001423011,2.9757669610346125,1.1539405843358703,3.9616747762359585,0.4716665551615709
BOSCHLTD,Dec 2012,11.063633213996997,15.59071486314817,17.19002332675399,29.622608995347232,12.123513034674765
BOSCHLTD,Dec 2013,10.106200753682767,14.71965284914925,14.061010486177311,25.351242859348467,9.95388595208638
BOSCHLTD,Mar 2015,11.070660268078768,16.390865464173423,18.211514904042467,33.76240278895146,12.82714984181766
BOSCHLTD,Mar 2016,15.781878156891041,19.3588289867024,16.056633455689564,26.09285341679708,12.314003056382209
BOSCHLTD,Mar 2017,16.684235745088642,18.811691423095354,19.786339356745085,32.67416751903626,14.754237288135593
BOSCHLTD,Mar 2018,11.72797262617622,17.904191616766468,13.736098587315901,25.15779981965735,9.844187549364545
BOSCHLTD,Mar 2019,13.223003723624327,17.823748448489862,17.508491289580366,30.174208392681056,12.572777340676634
BOSCHLTD,Mar 2020,6.604348709611868,15.068075594391384,7.011866235167206,14.747431506849315,4.87987987987988
BOSCHLTD,Mar 2021,4.959868285655484,11.967483021197777,4.9068512674335745,9.33481826465526,3.262488154866658
BOSCHLTD,Mar 2022,10.329315905618742,12.408759124087592,11.386601796407184,17.21958925750395,7.897469175859831
BOSCHLTD,Mar 2023,9.538482148837831,12.124053854913257,12.930173431399256,20.61268751129586,8.758226213174241
BOSCHLTD,Mar 2024,14.886112273569676,12.524660728164047,20.639920424403183,30.2486986697513,14.34745030250648
BPCL,Mar 2013,0.7994021000821699,2.770242091658718,11.540983606557377,16.424337098453897,2.4313055709047067
BPCL,Mar 2014,1.5327829484042492,3.5602316003645704,20.848765432098766,20.455582598113782,4.581731856206195
BPCL,Mar 2015,2.0948235352311233,4.031360522345609,22.524598883077743,24.75756440670912,5.887259331340794
BPCL,Mar 2016,4.306897745121529,6.906264142906584,29.103403612290425,29.080536125981794,9.359885214412996
BPCL,Mar 2017,4.723951682227666,6.84866162155716,30.847853596807163,24.801635008415484,8.715142181398162
BPCL,Mar 2018,4.150999385319739,6.493143135717163,26.740216827330077,24.561781415762407,8.13586360463957
BPCL,Mar 2019,2.859576294488073,5.067297955241997,21.999226106023475,21.63413233816564,6.228181645560376
BPCL,Mar 2020,1.2882504251999494,3.1538591287969298,10.035037775101282,10.163908713042115,2.4300676123558262
BPCL,Mar 2021,7.524840227483046,9.124086005621908,32.340584445896745,26.358396476912116,10.759234181068221
BPCL,Mar 2022,3.3685995311297003,5.518309298684223,22.50650226375108,20.676920962907616,6.229436513819196
BPCL,Mar 2023,0.45035049568141133,2.3033177158290488,3.9815403011845594,10.524988201598074,1.1328538241126156
BPCL,Mar 2024,5.994201967046283,9.837909494446341,35.511337343822305,36.17642090391142,13.26907686075349
BRITANNIA,Mar 2013,4.203718674211803,6.806790622473727,46.59498207885305,50.42643923240938,13.807753584705257
BRITANNIA,Mar 2014,5.713872414291914,9.069868363951974,49.49874686716792,69.72573839662446,18.74703369719981
BRITANNIA,Mar 2015,8.768134385339781,11.071519470603207,55.34136546184739,78.99280575539568,24.668814894378805
BRITANNIA,Mar 2016,9.824937477670597,14.576634512325832,39.4359464627151,60.23391812865497,23.611906124785346
BRITANNIA,Mar 2017,9.774685222001326,14.115308151093439,32.826409495548965,50.65579581708614,21.538087125821367
BRITANNIA,Mar 2018,10.127092999798265,15.14020576961872,29.47739283617146,46.215691710562794,19.35235158057055
BRITANNIA,Mar 2019,10.44776119402985,15.66711895070104,27.157300728897248,43.955545475164435,18.515549855722988
BRITANNIA,Mar 2020,12.017241379310345,15.887931034482758,31.66023166023166,35.44857768052516,17.803320561941252
BRITANNIA,Mar 2021,14.091047503045068,19.10018270401949,52.17023675310034,49.77072310405644,23.1375
BRITANNIA,Mar 2022,10.724391624221845,15.570175438596493,59.26505082095387,48.08493748759675,20.14082635844294
BRITANNIA,Mar 2023,14.207717317955954,17.36703269738053,65.53480475382003,52.48813351707242,24.767404555662495
BRITANNIA,Mar 2024,12.725863199952292,18.886039716142882,54.14869322506978,56.24375624375625,23.522927689594354
CANBK,Mar 2013,8.790724977986498,21.182858820076316,11.896250397203687,1.7992801882277876,0.7142448321584265
CANBK,Mar 2014,6.7525903462218855,24.351781652767247,8.854718981972429,2.01510597399229,0.5332375421580954
CANBK,Mar 2015,6.689795266245178,23.513569032022456,9.020682014034225,1.936350990638746,0.52474407313117
CANBK,Mar 2016,-5.756261495492632,40.38465905220373,-7.821659981487196,3.295543494793386,-0.44968734755421524
CANBK,Mar 2017,3.403526545577345,37.84885544057698,4.06804093988756,2.7525577524436255,0.23668182481519193
CANBK,Mar 2018,-9.367517233039061,61.874470915467406,-10.496788356776973,4.253703885604501,-0.6133647960597687
CANBK,Mar 2019,1.4514817209234425,56.72874392609122,1.8466926689484995,4.0094120423984485,0.09778261071141064
CANBK,Mar 2020,-3.8606081311923472,53.87769046805603,-4.661942435567636,3.7755717701190905,-0.2590904186447993
CANBK,Mar 2021,4.2090729221527905,61.82938806883692,4.73802275276398,3.8642238616780364,0.25069094731844616
CANBK,Mar 2022,8.720650295975302,58.39493584841533,8.802046854676176,3.4272780264546348,0.4892003346073091
CANBK,Mar 2023,13.209524363975083,49.80147872154625,14.534809234632434,3.2511819369319364,0.821488309450193
CANBK,Mar 2024,13.935160470145405,41.753906568101414,16.716051794688113,3.1560701628619485,1.0033107103630055
CHOLAFIN,Mar 2013,11.98443579766537,26.770428015564203,15.778688524590164,4.099645781313513,1.6897081413210446
CHOLAFIN,Mar 2014,11.222933821286977,28.42329978652028,16.09094884127678,4.6655534819762305,1.708132194578537
CHOLAFIN,Mar 2015,11.951547779273216,28.559892328398384,16.598130841121495,4.773480662983425,1.860231271995978
CHOLAFIN,Mar 2016,13.64499288087328,30.042714760322735,15.66757493188011,4.909215746109246,2.0617447739252035
CHOLAFIN,Mar 2017,15.296122709842352,28.163613123135917,16.70544439274081,4.744615601536889,2.3465585986012156
CHOLAFIN,Mar 2018,16.51376146788991,26.101816873538407,17.912195121951218,3.398918421355425,2.078474879434872
CHOLAFIN,Mar 2019,16.840180078784467,22.960045019696118,19.281572164948454,2.9220607661822986,2.0821012349973906
CHOLAFIN,Mar 2020,12.098255280073463,27.789256198347108,12.853658536585366,3.8620362313108143,1.6453838708670268
CHOLAFIN,Mar 2021,15.871856412396953,30.397579046227698,15.84375,4.002454657029865,2.0376721504742514
CHOLAFIN,Mar 2022,21.225857311785575,28.83326763894363,18.302319653326535,3.6507171713427966,2.6116055190475036
CHOLAFIN,Mar 2023,20.684570009313877,28.104625892579943,18.576606719643106,3.265773830838645,2.3453932604046575
CHOLAFIN,Mar 2024,17.846892448990243,28.10102802275218,17.455213596692694,3.5107874445050236,2.1827093677801463
CIPLA,Mar 2013,18.661674115231307,73.25763981157145,17.130502272979268,61.005407570598834,13.252702007205352
CIPLA,Mar 2014,13.80123857269242,78.89511451882434,13.968759327430105,71.21869191963891,10.477611940298507
CIPLA,Mar 2015,10.832966064345527,80.94314676068753,11.377522680985003,73.58656537385045,7.84301212507977
CIPLA,Mar 2016,10.029006526468455,82.01595358955765,12.00833550403751,67.7552485196483,6.570383391134971
CIPLA,Mar 2017,7.190496040016674,82.65944143393081,8.250956632653061,71.53148826319266,4.959509320044084
CIPLA,Mar 2018,9.349432567959884,81.3473211929269,9.958535385480358,67.37600261908659,6.249724341728047
CIPLA,Mar 2019,9.118689646742451,81.07199608849774,9.938715694111377,68.7293046357616,6.278932749768538
CIPLA,Mar 2020,8.755545178613122,81.28648143824422,9.515955084692001,75.05786102588945,6.403961917773129
CIPLA,Mar 2021,12.468684759916492,77.80271398747391,13.036123540325221,73.39724680432646,9.611748139207403
CIPLA,Mar 2022,11.703349722005237,79.08376602490466,12.221102634230602,78.69571174133443,9.483561082771716
CIPLA,Mar 2023,12.45110534874522,77.90621017008746,12.103216986371597,73.30855018587361,9.668941979522184
CIPLA,Mar 2024,16.11701714906495,75.59168153953597,15.554557028383135,71.54593801577114,12.768573448498447
COALINDIA,Mar 2013,25.41030408620412,73.51946473800565,35.80623865324311,100.934166382064,15.638431111071066
COALINDIA,Mar 2014,21.402673917969636,74.83854520734195,35.63814734459013,124.15339814945281,14.400884331700622
COALINDIA,Mar 2015,18.519967620075555,76.60145709660011,34.01729735087849,139.3488874168936,12.336991201344514
COALINDIA,Mar 2016,18.323679377351947,75.96486045645446,40.95828668216921,164.21791740674956,12.563402606551602
COALINDIA,Mar 2017,11.872473261347935,84.0745100046057,37.84974304592544,238.74763911085282,7.8254783407962085
COALINDIA,Mar 2018,8.25629956360565,89.10421847871991,34.87957181088314,349.82040891508564,5.60926429214719
COALINDIA,Mar 2019,17.536601530335588,74.88904062820076,66.01398601398601,260.26164311878597,13.128754106494464
COALINDIA,Mar 2020,17.38134887593672,77.53955037468776,51.93270516528283,193.10720116089243,11.131849086788428
COALINDIA,Mar 2021,14.109257325661476,79.3081998533757,34.78284681526918,168.4330927786425,7.886942645497388
COALINDIA,Mar 2022,15.839219796746114,77.46889668687052,40.27999907285075,182.2191739717513,9.684790120154261
COALINDIA,Mar 2023,22.94578016954547,68.00624945751237,52.13911214108443,144.30908030809832,14.328623823375308
COALINDIA,Mar 2024,26.25628846856468,66.29380849329698,45.16982956605826,105.75106719101879,15.802850255846407
DABUR,Mar 2013,12.47557003257329,16.156351791530945,36.563245823389025,33.64140480591497,16.266723295816522
DABUR,Mar 2014,12.978180787758573,16.463587418532164,34.48795180722892,38.28775267538644,17.24397590361446
DABUR,Mar 2015,13.701090442591404,16.93393200769724,31.84257602862254,36.05675146771038,17.490992466426466
DABUR,Mar 2016,16.118251928020566,19.511568123393317,30.064732678014867,34.86736334405145,18.09001731102135
DABUR,Mar 2017,16.811137378513266,19.858156028368796,26.408087476789767,31.054620405358985,16.554578375581997
DABUR,Mar 2018,17.586117586117584,20.94017094017094,23.79950928846828,28.717639975918118,15.605607906228453
DABUR,Mar 2019,16.981796829125074,20.434527304756312,25.67471590909091,30.990364871268362,17.13879340997985
DABUR,Mar 2020,16.672423719055843,20.63327576280944,21.91946715107478,28.01627384960718,15.50819320981043
DABUR,Mar 2021,17.72641706755909,20.937042459736457,22.116388308977037,28.471797381622416,15.646635281085572
DABUR,Mar 2022,15.997795940857745,20.681421618146754,20.782629444046766,27.19932001699957,14.181048518397915
DABUR,Mar 2023,14.752818733738074,18.751084128360798,18.956870611835505,25.69232285404553,12.459712862584237
DABUR,Mar 2024,14.600128990648178,19.348597226701063,18.355969997972835,25.66111655239961,11.980682720296375
DIVISLAB,Mar 2013,28.065268065268068,38.04195804195804,24.070371851259495,33.97790055248619,19.17808219178082
DIVISLAB,Mar 2014,30.529225908372826,40.20537124802528,26.07962213225371,36.41851106639839,20.835579514824797
DIVISLAB,Mar 2015,27.351524879614768,37.65650080256822,24.37070938215103,34.37411297189895,19.3416572077185
DIVISLAB,Mar 2016,29.81991525423729,37.6853813559322,26.22874446773818,34.97116493656286,22.988975091874234
DIVISLAB,Mar 2017,26.08267716535433,35.67913385826771,19.787194325182007,28.221768959762656,17.221770917952885
DIVISLAB,Mar 2018,22.539193009509123,32.61372397841172,14.801687763713081,22.979291917167668,12.92557111274871
DIVISLAB,Mar 2019,27.355438738374442,37.88920339668419,19.448037947391118,28.71301146821464,16.83673469387755
DIVISLAB,Mar 2020,25.528364849833146,33.852428624397476,18.83720930232558,27.377874540753844,16.14113234087446
DIVISLAB,Mar 2021,28.46893384990673,41.13933132443679,21.34480903711673,31.44086021505376,18.419831027759727
DIVISLAB,Mar 2022,33.035714285714285,43.359375,25.2387448840382,34.069212410501194,22.15568862275449
DIVISLAB,Mar 2023,23.483970645036695,30.513711857860176,14.286833241951907,21.25127241406311,12.64471403812825
DIVISLAB,Mar 2024,20.395156150414277,28.170809432759718,11.78984599513669,18.7490791218506,10.34928848641656
DLF,Mar 2013,8.580985462498392,33.87366525151164,2.5924054568774535,7.475778249154389,1.031757080761675
DLF,Mar 2014,7.1101470233791275,30.04338394793926,2.1536776784084686,7.036950784039746,0.9143742735373886
DLF,Mar 2015,6.628317427114655,39.40384363969146,1.8524608133289489,6.781196976708315,0.7651444266698862
DLF,Mar 2016,3.07273826314729,39.955671972597216,1.2671901616186798,9.064926114365637,0.4940951578674529
DLF,Mar 2017,8.612090986497993,41.9170417224182,2.881211085337566,8.518828451882845,1.1070456890890328
DLF,Mar 2018,66.75115550916952,35.455494259728646,12.678768655659708,22.915798643990758,7.3896178922175455
DLF,Mar 2019,15.706430791298112,25.67535261773847,3.913509649749821,5.7718807827079806,1.9764451062677677
DLF,Mar 2020,-9.699161597895776,18.839388459641622,-1.7127761488663744,5.36075205640423,-1.0556450169976739
DLF,Mar 2021,20.003694126339123,27.133357960842257,3.0641693073789047,4.38550793274923,2.024753215674544
DLF,Mar 2022,26.237537169844323,30.488018191359107,4.125185633353501,4.779992107340174,2.931576992983759
DLF,Mar 2023,35.71553994732221,30.307287093942055,5.397086528511158,4.980375905024256,3.8689796850034237
DLF,Mar 2024,42.38369379181578,33.04807841916913,6.908270142781061,5.9979667909183325,4.611555976908361
DMART,Mar 2013,2.8135288835677943,6.435199042202933,11.913814955640051,17.490494296577946,6.3002680965147455
DMART,Mar 2014,3.4357661118224496,7.276995305164319,16.84100418410042,22.35441452723857,8.904867256637168
DMART,Mar 2015,3.292436713775431,7.081845006988663,17.666666666666668,22.623574144486692,9.00212314225053
DMART,Mar 2016,3.727865796831314,7.735321528424977,21.038790269559502,25.101363803907113,10.31592520954223
DMART,Mar 2017,4.025886703647672,8.144225920322743,12.467464862051015,18.67390897171755,8.23165492352638
DMART,Mar 2018,5.361537949843678,9.000199560965875,17.262797172842152,28.21064996084573,14.270538243626063
DMART,Mar 2019,4.508872781804548,8.162959260184955,16.144621442634687,26.73771274057579,12.874678846702825
DMART,Mar 2020,5.231202251708886,8.556493767591476,11.74187725631769,19.1711206518882,10.77343491222259
DMART,Mar 2021,4.5520440707451435,7.227767883030278,9.020026263952726,15.41703108849487,8.048333943610398
DMART,Mar 2022,4.8166322314049586,8.077221074380166,10.908027489399034,18.26178010471204,9.64384978346584
DMART,Mar 2023,5.550887021475257,8.494397759103641,14.790396815524318,22.52855690449136,13.134493233913282
DMART,Mar 2024,4.993207190533383,8.084427730414067,13.56294790886726,22.037325038880248,11.978084262233137
DRREDDY,Mar 2013,12.904588861658075,22.555564945491422,23.97550635892605,28.00716346632176,11.41255605381166
DRREDDY,Mar 2014,14.632873648900485,24.23406634364517,24.958677685950413,27.718360071301245,12.341254872375204
DRREDDY,Mar 2015,15.549490780802769,23.35086201158224,23.708515173043743,26.597021246558906,12.656444709324374
DRREDDY,Mar 2016,13.688335046248715,23.028006166495373,16.95441164770467,24.370328496953707,10.482046237088047
DRREDDY,Mar 2017,9.101155255001409,17.413355874894336,10.536617191322787,15.389988358556462,5.966565068809458
DRREDDY,Mar 2018,6.631188292136406,16.462432602758913,7.532612153993,14.203933571388086,4.237326054857041
DRREDDY,Mar 2019,12.622993267736923,20.572242361470742,13.904734740444951,19.92498040532975,8.698367383352663
DRREDDY,Mar 2020,11.565907404235885,14.140549180795798,12.988012052054618,17.67084058622045,8.724109718813246
DRREDDY,Mar 2021,10.247795044099119,20.338093238135237,11.06513236211099,20.360874613003098,7.341657890777794
DRREDDY,Mar 2022,10.127639823624971,17.488976560686933,11.35748490526754,19.131704726500264,7.335440059167619
DRREDDY,Mar 2023,18.269152817186868,26.22618565058776,19.35497723954307,30.207445296959364,13.992983327641342
DRREDDY,Mar 2024,19.913605369319196,28.321016743422227,19.74233736816026,29.223955579058696,14.383702939659617
EICHERMOT,Dec 2012,7.433489827856025,8.607198748043817,27.065527065527068,38.582677165354326,10.624021471706554
EICHERMOT,Dec 2013,7.709251101321586,10.499265785609397,25.547445255474454,37.77466105656849,9.83698707138842
EICHERMOT,Dec 2014,8.033875028610666,12.794689860379949,27.90143084260731,47.51359751359751,10.963610807434016
EICHERMOT,Mar 2016,21.675036449052325,27.37728819050705,36.627429509991785,54.84221980413493,27.090504150637777
EICHERMOT,Mar 2017,23.702545144319636,30.911417602729983,31.18802619270346,47.461975444383356,23.783706662862034
EICHERMOT,Mar 2018,21.862799776910204,31.3329615170106,27.880512091038405,46.58125609246623,20.583910943079182
EICHERMOT,Mar 2019,22.486475451668877,29.641727059303868,24.702848172235928,39.593629873695775,19.34662334240801
EICHERMOT,Mar 2020,19.958488092637097,23.847498361372075,18.30477908025248,26.930596285434994,14.674698795180724
EICHERMOT,Mar 2021,15.447247706422019,20.44724770642202,11.776534359153699,19.430385176288926,9.252009066556768
EICHERMOT,Mar 2022,16.284715478733737,21.149737813167604,13.301078680203046,21.02862535388487,10.390334572490707
EICHERMOT,Mar 2023,20.177260767206757,23.8609610857222,19.43962641761174,28.498494567351745,15.178664444212938
EICHERMOT,Mar 2024,24.195694242864054,26.179245283018872,22.172346910501524,31.683275563258235,17.309106640709494
GAIL,Mar 2013,8.567112645662494,14.570173029387531,15.166354101548935,18.366986259002342,7.301576685783076
GAIL,Mar 2014,7.7487250060714,12.932890795758114,14.746117821050037,18.110328868668248,7.157705825170119
GAIL,Mar 2015,5.21822415245141,9.298677279257559,9.288107695020868,12.57048917095177,4.53573325295325
GAIL,Mar 2016,3.6001767429350853,8.71419514725376,5.147927368623465,11.587284127158728,3.1728831925232375
GAIL,Mar 2017,6.949250288350635,12.40113692535838,8.584149599287622,15.772602381263901,5.788200579849376
GAIL,Mar 2018,8.817160892542573,14.31664709336465,11.528587538088725,19.20755131160136,7.831727869867815
GAIL,Mar 2019,8.600866255414097,13.04370652316577,14.244413529258326,24.170606286804347,9.57676906439073
GAIL,Mar 2020,13.120880333158663,12.44104911883946,19.31273849151579,22.815948736205055,12.697840766541225
GAIL,Mar 2021,10.70731367217458,12.628111273792095,11.550900680681433,16.50642862992384,7.581142786622238
GAIL,Mar 2022,13.262908267758974,16.342567640400993,19.19081635836167,24.66384835674349,12.739170048869378
GAIL,Mar 2023,3.841612433753467,5.14869429112777,8.61891046868021,12.474771279745719,5.190853856500163
GAIL,Mar 2024,7.433122166511544,10.743987750322754,12.861540060002339,17.19387393588485,7.939231170080571
GODREJCP,Mar 2013,13.178415470991892,15.517779164067374,25.505584062782976,20.610157739642922,10.981156595191683
GODREJCP,Mar 2014,10.777733912356888,15.383603105671797,21.695364238410598,20.0227716330514,9.84375
GODREJCP,Mar 2015,11.797413272089932,16.66868125226641,22.639758756668986,20.66021627774616,10.695890410958905
GODREJCP,Mar 2016,9.864672364672366,19.669990503323838,19.475041012420906,19.488683989941325,8.585597685711335
GODREJCP,Mar 2017,14.113077255071213,20.576176089771256,24.669935873255376,21.315704611415672,10.108191653786708
GODREJCP,Mar 2018,16.593886462882097,21.163806235401644,26.110578459571748,24.23714929346713,11.785920369301788
GODREJCP,Mar 2019,22.70700019391119,20.67093271281753,32.22787945507087,23.420039440323034,16.617000141904356
GODREJCP,Mar 2020,15.104429421854505,21.733427504792655,18.95416561154723,19.053429791684824,10.060483870967742
GODREJCP,Mar 2021,15.604315894460061,21.751745398494876,18.23286365081047,21.427939485092455,12.082280258354395
GODREJCP,Mar 2022,14.524275008145976,19.623655913978492,15.429214260989962,18.755656108597286,11.08692948638229
GODREJCP,Mar 2023,12.781616100931211,18.34635025533193,12.338697984630999,17.133476279817746,9.760853357802374
GODREJCP,Mar 2024,-3.9798524404086266,20.977582292849036,-4.45308779171297,4.7281921618204805,-3.050239234449761
GRASIM,Mar 2013,13.536851911569745,21.226127772403167,19.219616421630974,23.104050398876982,8.56242775876527
GRASIM,Mar 2014,10.42674102573153,17.348487522501856,13.66643534582466,17.545373210633947,6.1882017764370705
GRASIM,Mar 2015,8.136383689418288,16.209743492783765,11.158167675021607,16.179070430567435,4.778561249606722
GRASIM,Mar 2016,10.018267753066374,17.13979180560791,12.596157351708046,18.107377172334353,5.799315160467302
GRASIM,Mar 2017,11.772208051458357,20.480758567150936,13.527893713958008,20.844827586206897,6.766857379635679
GRASIM,Mar 2018,6.598203742798869,20.775038465667155,6.429455553424801,9.661579509929199,1.773938306581561
GRASIM,Mar 2019,3.5556994818652847,21.554404145077722,4.731127197518097,10.381244430098171,1.1384042434070012
GRASIM,Mar 2020,9.727187481685519,15.19808943327668,11.722847103279006,12.339297079414468,2.718884761713647
GRASIM,Mar 2021,9.144809172294645,24.39008428878069,10.668152807890799,13.671388650637745,2.613437865860729
GRASIM,Mar 2022,11.709386526786554,21.34878423422953,14.803365962562253,14.675990242151512,3.8755105499240874
GRASIM,Mar 2023,9.417905752930874,18.353779319373952,14.068730791699474,13.929948674503937,3.2889677961421873
GRASIM,Mar 2024,7.578371940325857,20.763028905617738,11.196462612658342,12.39017218167647,2.4085451668947577
HAL,Mar 2016,11.92266380236305,14.786967418546364,1664.9999999999998,2953.6231884057975,1135.2272727272727
HAL,Mar 2017,14.573816155988858,18.027855153203344,1966.9172932330828,3170.3703703703704,1538.8235294117646
HAL,Mar 2018,10.729521032453155,18.683514228630056,1528.4615384615386,3173.684210526316,1196.987951807229
HAL,Mar 2019,11.72530987604958,22.835865653738505,1763.9097744360904,3507.0921985815603,1340.5714285714287
HAL,Mar 2020,13.252506411750991,22.75588715318256,2059.4202898550725,3782.142857142857,1642.7745664739884
HAL,Mar 2021,14.155231186085132,23.341491128397866,2249.3055555555557,3800.666666666667,1741.3978494623657
HAL,Mar 2022,20.65800162469537,22.014622258326565,3324.183006535948,3882.424242424243,2517.8217821782177
HAL,Mar 2023,21.57976827094474,24.766042780748663,3283.050847457627,3723.6607142857147,2144.280442804428
HAL,Mar 2024,24.999177117277245,32.08913465652875,3816.5829145728644,3617.391304347826,1687.7777777777776
HAVELLS,Mar 2013,8.142957252978276,9.446391030133146,40.29126213592233,36.96369636963696,13.032750112157917
HAVELLS,Mar 2014,5.539684511240839,9.650975034157247,26.770708283313326,29.852941176470587,8.364591147786946
HAVELLS,Mar 2015,4.546528105810109,8.915918752952292,21.177117711771174,35.81623550401427,8.04093567251462
HAVELLS,Mar 2016,17.118777982617857,10.481959441664472,42.94681202510737,55.20404935147105,29.63300661043994
HAVELLS,Mar 2017,8.05872756933116,13.295269168026099,15.079365079365079,24.59816303099885,9.558823529411764
HAVELLS,Mar 2018,8.144406111384919,12.727944800394283,17.721179624664877,29.388816644993497,10.003026634382566
HAVELLS,Mar 2019,7.822892881961679,11.803832026208678,18.770843258694615,30.59179869524697,11.024062674874092
HAVELLS,Mar 2020,7.786016949152542,11.302966101694915,17.045454545454543,26.779197080291972,10.39163014279655
HAVELLS,Mar 2021,9.983742947308023,15.195562780912308,20.166119374154917,31.16883116883117,11.793944871215544
HAVELLS,Mar 2022,8.58085808580858,12.73496914908882,19.923371647509576,29.21891524399456,11.365580157749692
HAVELLS,Mar 2023,6.3390692448702035,9.58547690852108,16.178690009055238,26.266608263980146,9.608317648113292
HAVELLS,Mar 2024,6.837009144701453,10.118343195266272,17.067275412917954,27.483870967741936,10.222794176787582
HCLTECH,Jun 2013,15.792971345920801,22.203979516047063,30.689759951382555,42.314189189189186,18.036519487477122
HCLTECH,Jun 2014,20.3086112493778,24.99688899950224,33.39130434782609,42.35705950991832,21.774516344229486
HCLTECH,Jun 2015,20.004904498515028,23.121985776954308,30.30878467635403,38.645866838211646,20.831323591998867
HCLTECH,Mar 2017,18.091994618230743,21.84241506895392,26.119153843819237,34.17434612746414,18.805996241423014
HCLTECH,Mar 2018,17.24772093575115,22.238921078130872,23.97075798383994,33.77094442790244,18.174998437141845
HCLTECH,Mar 2019,16.747480430933194,23.04598937561024,24.46453609244307,32.63536796821843,17.343913348986273
HCLTECH,Mar 2020,15.644631841077594,24.50053766483672,21.56748005539626,30.217879263497206,13.350801144664873
HCLTECH,Mar 2021,14.817124132716009,26.596266864776663,18.64203094487006,31.410515596687482,12.980115518263274
HCLTECH,Mar 2022,15.78849050215409,23.96819651842944,21.841586717059148,31.63924579164042,15.207881152933503
HCLTECH,Mar 2023,14.631958681595963,22.303264469326606,22.697041510587876,34.16857789997009,15.919571045576408
HCLTECH,Mar 2024,14.293122742532729,22.015594151738192,23.01393141233172,34.71042001594142,15.867725188372422
HDFCBANK,Mar 2013,19.249323777920306,35.22210758205293,18.838523046693776,3.3960094672394296,1.6930612204854767
HDFCBANK,Mar 2014,20.60392433321584,31.742450945834804,19.851925645844183,2.933964638793171,1.7409951947897222
HDFCBANK,Mar 2015,21.12462006079027,31.903051355938892,16.947461760141874,2.823799649512319,1.7629802156821726
HDFCBANK,Mar 2016,20.298597257844907,31.751686140400874,17.25479112833764,2.7723787144749696,1.6820779520658296
HDFCBANK,Mar 2017,20.904587080836894,32.558583887213224,16.686275791446064,2.8646033330773366,1.7164905014209766
HDFCBANK,Mar 2018,21.76273332708001,34.62620767282619,16.935373497933377,2.8023095248934005,1.6824905319683174
HDFCBANK,Mar 2019,21.34441475451926,33.145367579235646,14.60633943503413,2.8261426297584586,1.7362233776761555
HDFCBANK,Mar 2020,22.339163099788035,37.203839952859916,15.477608047267491,3.0125235275762074,1.726687879152091
HDFCBANK,Mar 2021,24.78141141328023,40.80605513722074,15.183737667413375,3.048404975982264,1.7703182038191572
HDFCBANK,Mar 2022,28.06541313559322,41.60560852165725,15.425327602728373,2.783648256135791,1.7970883692097823
HDFCBANK,Mar 2023,27.026599669700268,36.91977933167012,15.944347321360706,2.596504230745476,1.8237597374677526
HDFCBANK,Mar 2024,23.07288232992184,61.41252040373843,14.33974005030719,4.887343889375092,1.6238920508541275
HDFCLIFE,Mar 2013,3.1792318634423897,96.26600284495022,33.43305908750935,1012.64023934181,1.0663676702132736
HDFCLIFE,Mar 2014,4.223464988931609,96.47559128509845,37.60373443983403,859.1804979253112,1.3868962219033953
HDFCLIFE,Mar 2015,2.8881131728826013,96.78853573397024,30.932703659976386,1036.7571822117277,1.1340518547374798
HDFCLIFE,Mar 2016,4.503610605810043,94.74119398048619,26.32935868514341,554.0444730905575,1.067359949832776
HDFCLIFE,Mar 2017,2.8942473977877117,96.82513786014944,23.183481442760062,775.6664924202822,0.9327318422242553
HDFCLIFE,Mar 2018,3.4314941103533787,96.67079975201489,23.52816153028693,662.8905419766206,1.0019641030746813
HDFCLIFE,Mar 2019,3.289151975292755,96.87298931926392,22.651542006380716,667.1924849344205,0.9829257037378865
HDFCLIFE,Mar 2020,4.414567733151804,96.11640571817563,19.05391508741002,414.9111209049508,0.9809111810261374
HDFCLIFE,Mar 2021,1.9027513700928307,98.27480147634493,15.752314814814813,760.7792207792209,0.7575631070663216
HDFCLIFE,Mar 2022,1.976879301611894,98.84098560915294,8.498783143332906,409.2080917725422,0.5751211351599678
HDFCLIFE,Mar 2023,1.9485236514877435,99.88605124845101,10.528746247979681,502.9548877572975,0.5514594729692142
HDFCLIFE,Mar 2024,1.5510139729213062,99.47675449833469,10.732306013909723,646.4651639344262,0.5200091183301563
HEROMOTOCO,Mar 2014,8.316518298714143,85.94263105835806,37.38218033078428,367.9702048417132,20.766646907725747
HEROMOTOCO,Mar 2015,8.584501416224853,87.21766286585809,36.14678899082569,361.91265060240966,22.18884925849446
HEROMOTOCO,Mar 2016,10.935797870471237,84.45373721755631,35.22752999773602,265.2658283697331,24.13151364764268
HEROMOTOCO,Mar 2017,12.394267738552953,83.9741349178609,34.373788290034895,227.29507421764205,23.15830721003135
HEROMOTOCO,Mar 2018,11.467126748413333,83.56645511122065,31.089208152355496,222.4590163934426,21.39449330344312
HEROMOTOCO,Mar 2019,10.202820052397634,85.2079715051073,26.417682926829265,215.6119714115545,18.731085170773888
HEROMOTOCO,Mar 2020,12.50769125589663,86.0873726669857,25.39913924753575,169.5807254862373,18.598149842431635
HEROMOTOCO,Mar 2021,9.483510449303918,86.89557156238897,19.045147898287492,168.21875,12.712157949428473
HEROMOTOCO,Mar 2022,7.881289973266556,88.98176034651958,14.696788035590332,159.89545344031123,10.361242103389982
HEROMOTOCO,Mar 2023,8.197201241290474,88.00281046899701,16.810758885686838,174.59359033906176,11.707153907262617
HEROMOTOCO,Mar 2024,9.902352536452407,86.14676228532112,21.14243742584327,177.91860147500682,14.308109968263679
HINDALCO,Mar 2013,3.749703839487237,90.39941141994937,8.511180300028306,78.568719454709,2.493573264781491
HINDALCO,Mar 2014,2.5029933291521753,90.85010547921775,5.405871342724855,75.62642369020502,1.5907872041280746
HINDALCO,Mar 2015,0.248367391950595,91.51906867022755,0.6757285606198962,89.37048793505436,0.18272120553666418
HINDALCO,Mar 2016,-0.7108212922366569,92.12426209256877,-1.7286808342978157,84.12366749567774,-0.4973573462939084
HINDALCO,Mar 2017,1.8785434799968057,87.70562165615267,4.086063527215094,79.9801594524737,1.2877709656229472
HINDALCO,Mar 2018,5.281161282480921,88.1102245991162,11.089841755997957,94.92546246937134,4.137701171317017
HINDALCO,Mar 2019,4.209373228539474,88.11800033705627,9.556355541642754,104.66447105062046,3.6157976469349618
HINDALCO,Mar 2020,3.188481852654388,87.89104821235102,6.459522952140885,81.95492281953345,2.2340438150138184
HINDALCO,Mar 2021,2.6384764559723655,86.69853342221684,5.234996167315468,85.58610427773499,1.8445943798921738
HINDALCO,Mar 2022,7.038895923797416,85.46747394378112,17.559565678914453,116.85625573848624,6.188726871154583
HINDALCO,Mar 2023,4.523704984722359,89.84507307282192,10.650169820475497,129.30359710374796,4.517895735360577
HINDALCO,Mar 2024,4.702216130615571,88.94620349876368,9.567011474761177,118.21454505175322,4.401381743475944
HINDUNILVR,Mar 2013,14.216412383350615,84.37268552806991,133.99650959860384,788.9273356401384,31.74826331458816
HINDUNILVR,Mar 2014,13.532188547581583,83.72100978312923,111.84619734238055,683.5333519397153,28.762541806020064
HINDUNILVR,Mar 2015,13.68697610409108,83.07268860252721,108.66650111745717,652.997542997543,30.325710325710325
HINDUNILVR,Mar 2016,12.896911700739452,81.63797924563475,63.15228966986155,389.5407407407407,28.06056918812952
HINDUNILVR,Mar 2017,13.539593510644716,80.91791809902901,66.57769869513642,382.4668850591084,28.587800840443144
HINDUNILVR,Mar 2018,14.705303136868759,78.90279926853285,71.78958934212334,385.4827633566818,29.26324039861158
HINDUNILVR,Mar 2019,15.41592470109387,77.41032816077335,77.03063429515699,382.28722068792365,32.52992645874711
HINDUNILVR,Mar 2020,16.982128044642185,75.21303069150139,82.09989063069631,363.92028192976056,33.52354488165534
HINDUNILVR,Mar 2021,17.00901590541805,75.27855745513311,16.778537567646936,74.31094516927466,11.636601687518185
HINDUNILVR,Mar 2022,16.954581855622926,75.48526103039318,18.12437577709382,79.06354782053329,12.611692621904519
HINDUNILVR,Mar 2023,16.743149554308353,76.64740838560581,20.16340648854962,90.16555712982552,13.879880126441973
HINDUNILVR,Mar 2024,16.611735814915342,76.31672482874498,20.074973642078955,89.67591362756632,13.099924830230988
ICICIBANK,Mar 2013,22.568786899855187,70.58928372507519,14.731759812689965,5.68812879433236,1.5011365960208765
ICICIBANK,Mar 2014,23.599911073384668,66.39584470179268,15.278032186314276,5.298917649337756,1.5615931272249726
ICICIBANK,Mar 2015,23.546321228440434,70.52980132450331,15.278909155303703,5.680645009913302,1.5666782474799628
ICICIBANK,Mar 2016,18.428508786723782,88.12358754680069,11.610757509749126,6.819398980623487,1.1893255663092268
ICICIBANK,Mar 2017,18.608467344929437,104.76042008532984,10.837984555394144,7.917880189595111,1.1504222780187172
ICICIBANK,Mar 2018,14.63916862391815,117.12300119043788,8.225616921269095,7.856102861438625,0.8094061893779224
ICICIBANK,Mar 2019,7.903364730071407,116.38326248228724,4.979300324717951,8.321353939878357,0.45923696756684323
ICICIBANK,Mar 2020,13.231411193361309,100.6188410580414,9.128985035783995,7.49897151537101,0.8150050969583792
ICICIBANK,Mar 2021,22.83907001783251,102.40682794432668,12.922385729787356,7.234584323944232,1.2939283726391717
ICICIBANK,Mar 2022,27.815569088222038,84.68770635278334,14.577073709304432,5.628489060438837,1.5141754966944097
ICICIBANK,Mar 2023,29.290392922926973,72.57469004765956,16.53208887728557,5.441677114356365,1.810629617715689
ICICIBANK,Mar 2024,28.888011233982798,62.41380175029464,17.99027109750765,5.219877597590544,1.9492289334082888
ICICIGI,Mar 2013,8.798604187437686,104.46161515453637,18.877005347593585,223.90374331550805,2.793384505816254
ICICIGI,Mar 2014,11.948529411764707,105.19301470588236,21.72096908939014,191.01921470342523,3.5268583830710796
ICICIGI,Mar 2015,13.816721776098253,105.24326877657062,20.27027027027027,154.22730422730422,3.9942646456370343
ICICIGI,Mar 2016,8.403779214321233,87.33631692358695,15.66265060240964,163.17578004324992,3.2342434294462876
ICICIGI,Mar 2017,9.335106382978724,87.77925531914894,17.9953857985132,150.7751937984496,3.006295233608839
ICICIGI,Mar 2018,12.471064814814815,103.79050925925925,18.982602950891874,142.65817747711898,2.8974789915966386
ICICIGI,Mar 2019,9.39711547075159,85.04882200125414,19.425925925925927,161.5802888700085,3.1404364877406223
ICICIGI,Mar 2020,10.367283146652774,84.61404879742989,19.46527551353114,147.45429823236137,3.2233680686787967
ICICIGI,Mar 2021,12.112490749116027,82.97015048104596,19.38412949072246,125.0247402276101,3.7482823553361495
ICICIGI,Mar 2022,7.93086234868339,93.660302009235,13.8257369737844,158.93310753598647,2.4996066708621774
ICICIGI,Mar 2023,9.672186171402998,92.92906690534795,16.554959785522787,158.59337723065178,3.1387285335656974
ICICIGI,Mar 2024,9.366915605017816,87.42129155073948,15.7230643179025,146.4297385620915,3.0312124849939974
ICICIPRULI,Mar 2013,7.5655430711610485,96.27965043695382,38.24791719262812,486.8467558697299,2.014091996809359
ICICIPRULI,Mar 2014,7.131761695906433,93.12865497076024,35.614875655943415,465.2292950034223,1.915948646193878
ICICIPRULI,Mar 2015,4.760107973180855,95.1963544538937,31.14909781576448,623.0389363722697,1.6203131946845823
ICICIPRULI,Mar 2016,7.91404863542616,91.16984028010936,30.99755776817584,299.3860201511335,1.5749534672839212
ICICIPRULI,Mar 2017,4.447852760736196,95.22424370636767,26.256634405245084,562.2073056509523,1.3483938721029975
ICICIPRULI,Mar 2018,4.169241862381541,95.44190358467245,24.627319744447824,563.8424094919379,1.141595977971922
ICICIPRULI,Mar 2019,2.747027470274703,98.69522224634011,16.57691747926066,595.5901615485374,0.698404522767129
ICICIPRULI,Mar 2020,5.074910820451843,101.51724137931035,14.792735338971303,295.88243449327604,0.6838384679967442
ICICIPRULI,Mar 2021,1.1492871053833762,100.46885143420452,10.495114721703809,810.6702880977787,0.44010680416167947
ICICIPRULI,Mar 2022,1.194072116292241,103.40444276634572,8.287835772002621,634.5336937632748,0.31050945642435474
ICICIPRULI,Mar 2023,1.6106026387733272,103.48072427592219,8.057482656095145,462.6395039858282,0.3177630730386045
ICICIPRULI,Mar 2024,0.942341125272681,102.02531365231931,7.732848705134029,754.8873412535846,0.28461443272764975
INDUSINDBK,Mar 2013,15.194042675068022,27.881999140770443,13.905635648754917,2.7399376457040137,1.4473379077032207
INDUSINDBK,Mar 2014,17.058395929246426,30.95468863581294,15.570054185557892,3.035335144175454,1.617907292073633
INDUSINDBK,Mar 2015,18.510111432108957,32.32562938505985,16.85456595264938,2.9754449884246084,1.6048377718339342
INDUSINDBK,Mar 2016,19.255390835579515,35.27628032345013,12.918173598553345,3.0886124458332107,1.599753668726425
INDUSINDBK,Mar 2017,19.908371511870055,39.455782312925166,13.891310665504214,3.3517610448394546,1.605391608078456
INDUSINDBK,Mar 2018,20.866847983334296,37.931832648573575,15.125204479677864,3.068733071680178,1.6270654165125031
INDUSINDBK,Mar 2019,14.82862405103095,41.70073222227214,12.369781908116616,3.4517898651789864,1.1881836735428464
INDUSINDBK,Mar 2020,15.349338150991903,43.81405690859187,12.729420577981386,4.238319327731093,1.4388161194302054
INDUSINDBK,Mar 2021,9.779310344827588,55.16206896551724,6.5398362734924484,4.556374735318174,0.7813253327382478
INDUSINDBK,Mar 2022,14.960093439750827,51.39186295503212,9.667071994632899,4.074318953030978,1.1470862615834319
INDUSINDBK,Mar 2023,20.320061592608887,42.68862736471624,13.5293471495002,3.5292032422040984,1.6142279228665544
INDUSINDBK,Mar 2024,19.56369677362945,38.55469091544986,14.252273197764223,3.563199589661572,1.7380834474254032
INFY,Mar 2013,23.366871530531323,28.59337827121332,24.81707638048113,36.59261988735064,20.376012965964343
INFY,Mar 2014,21.255460475136136,26.70895418187621,23.92993487536492,36.05209970806198,18.705894744233404
INFY,Mar 2015,23.20373600405109,27.913126652787934,24.385052034058656,36.0946862188584,18.663730030623483
INFY,Mar 2016,21.602793036626576,27.352220496148366,21.84665716506867,32.7141098730241,17.961863165463793
INFY,Mar 2017,20.958180012849716,27.165469306699375,20.80687715635963,31.390797599373748,17.26199066724395
INFY,Mar 2018,22.729077451008195,26.68954368849437,24.689247262141308,34.09115413643855,20.200632648174523
INFY,Mar 2019,18.639250075597218,24.396734200181434,23.726673646609594,35.49300979244934,18.33083529607689
INFY,Mar 2020,18.32670639160269,24.525558700752278,25.422459893048128,35.771870496411395,18.125272331154683
INFY,Mar 2021,19.331754120550997,27.757982323433396,25.43909051616875,36.840687594887115,18.066058356819305
INFY,Mar 2022,18.20603250548746,25.88847510296693,29.39084273390843,41.80194001781649,18.97214916601701
INFY,Mar 2023,16.426035825492104,23.93589839677857,31.970506716883047,45.19508756839414,19.34893576037754
INFY,Mar 2024,17.08075746730006,23.703390381987376,29.788006718416632,42.63902565431459,19.297162182032054
IOC,Mar 2013,0.7854389536142752,3.0016458053618607,5.753763662610847,11.368101212772087,1.4995162850693324
IOC,Mar 2014,1.4266553358793475,3.526605166429471,10.258713353849778,13.686751131555189,2.619635800310581
IOC,Mar 2015,1.0838540890353208,2.352577379217676,7.078103207810321,12.290147691157225,2.083092828465515
IOC,Mar 2016,3.587105723244087,6.3685358840613215,13.79528784174261,18.35092774620957,5.357011846449302
IOC,Mar 2017,5.736129596852938,9.609177807354964,19.966502115655853,23.284573101041925,7.447418703122545
IOC,Mar 2018,5.36807341539104,9.883461607812247,19.869329258654304,25.617187674071435,7.647535996755223
IOC,Mar 2019,3.2706122031664764,6.676411225428754,15.358898896584835,18.810996300792414,5.150836556209242
IOC,Mar 2020,-0.3877931962551911,3.31836043682547,-1.9664982494391918,3.9469243476561804,-0.5685503179153963
IOC,Mar 2021,5.9793927737326555,10.971012501717269,19.458502476796795,19.530651634447473,6.12763800701122
IOC,Mar 2022,4.365532536597202,8.103902626921492,19.266110008611975,19.61552220820546,6.261408384889092
IOC,Mar 2023,1.3904266794653084,3.6451180627165116,8.37669355358178,12.402926241262497,2.6479937555854702
IOC,Mar 2024,5.559462717942377,9.743776019125345,23.53162465856491,25.640336028097266,8.941893540895371
IRCTC,Mar 2015,12.370160528800756,14.353163361661943,29.504504504504503,52.702702702702695,11.273666092943202
IRCTC,Mar 2016,13.825896122896856,13.89904901243599,34.87084870848708,60.70110701107011,13.152400835073069
IRCTC,Mar 2017,15.06578947368421,20.657894736842106,29.09783989834816,48.41168996188056,12.54107338444688
IRCTC,Mar 2018,15.075034106412005,18.69031377899045,23.141361256544503,39.05759162303665,9.529969814575248
IRCTC,Mar 2019,16.524064171122994,20.481283422459892,28.851540616246496,47.52567693744164,11.912104857363145
IRCTC,Mar 2020,22.659010600706715,31.051236749116605,39.04109589041096,59.3607305936073,15.828448009873497
IRCTC,Mar 2021,24.066924066924066,24.195624195624195,12.843406593406591,20.325732899022803,5.930859498889946
IRCTC,Mar 2022,35.125066524747204,46.514103246407664,35.294117647058826,47.89873417721519,16.992790937178167
IRCTC,Mar 2023,28.410053657158997,36.0350183563965,40.597255851493145,55.5815768930523,19.768127333464335
IRCTC,Mar 2024,26.01873536299766,34.33255269320843,34.39628482972136,47.78115501519757,18.240026268264653
IRFC,Mar 2013,9.405405405405405,99.6036036036036,8.163903659680951,8.488495249205643,0.7377570489718042
IRFC,Mar 2014,11.311925125060514,99.69340003227369,9.270034382438508,7.975064210947483,0.8352198260455141
IRFC,Mar 2015,10.923764231157227,99.5100158524283,8.730707210320203,8.637682609565738,0.8648327951897954
IRFC,Mar 2016,11.309444518449448,99.48048488077794,7.366594360086768,7.542311265500666,0.783210332103321
IRFC,Mar 2017,10.323864264397038,99.71261191555212,7.7775002081772,7.618830444917402,0.7204010798303123
IRFC,Mar 2018,22.17546131434121,99.58994280781268,14.754451464675475,6.239268863141671,1.2726979958877302
IRFC,Mar 2019,20.25327824681157,99.55990659241961,9.009908902029727,5.571443649760506,1.0914599910940737
IRFC,Mar 2020,23.783622680873258,99.50823336562105,10.535001155153635,5.045791836056159,1.158603867820431
IRFC,Mar 2021,28.000760890241583,99.27715427049648,12.29604054129309,4.360564698280784,1.160633091709989
IRFC,Mar 2022,30.001477905315532,99.39898517168334,14.854745469180672,4.698943034717549,1.3533934841548514
IRFC,Mar 2023,25.996964842761994,99.4351235140376,13.802287325708914,5.096674834345665,1.2576500074435262
IRFC,Mar 2024,24.064552448864703,99.50459748545694,13.038085361638096,5.750642863027896,1.3218383695952436
ITC,Mar 2013,24.36586754380416,35.48927825921943,33.26712151308403,51.90455717970765,21.80644796059894
ITC,Mar 2014,25.49425026907608,37.04752733246474,33.04695818188493,51.11539721241676,22.035350567959263
ITC,Mar 2015,25.192570265605273,36.715871911791226,30.813587093521555,48.370567098890795,21.28090181058496
ITC,Mar 2016,24.242192284139623,37.07644417228006,22.261012183692596,37.447385651482556,18.394609978509614
ITC,Mar 2017,24.497287691732136,36.171904227459784,22.57341693060134,37.08431089778084,18.743067730509143
ITC,Mar 2018,26.45170199544293,38.02389007802251,21.88725956960579,35.70395463022875,17.890443797574758
ITC,Mar 2019,26.553578816714936,38.347124534546964,21.70406317106576,34.853095310545356,17.89263859267623
ITC,Mar 2020,31.57244674819794,39.16740908722767,23.88889740015014,33.19755911517925,20.169186791012923
ITC,Mar 2021,27.16974237164261,34.64482205574842,22.17674449434106,32.402916625424794,18.143734493838206
ITC,Mar 2022,25.563525434908072,34.00610108005606,24.822672324073334,35.935506506761925,20.082646769262656
ITC,Mar 2023,27.463726222873987,36.24416587938352,28.16426867182416,40.02533795943047,22.692267362607915
ITC,Mar 2024,29.282025230717128,37.0177518132814,27.851074395694365,38.814329635075524,22.61590775334045
JINDALSTEL,Mar 2013,14.903821881153128,30.82748523249356,13.890457368718238,14.037497274907345,5.172323165069297
JINDALSTEL,Mar 2014,9.830965467178263,30.068443430467696,8.385670057496682,10.424225982569773,2.7512951112271993
JINDALSTEL,Mar 2015,-7.48415030153085,28.163496726972838,-6.900484744796122,6.108831883143231,-1.9222367846221056
JINDALSTEL,Mar 2016,-15.855976167240229,17.653705891417122,-9.517203107658158,4.238133101106862,-3.3409814065239503
JINDALSTEL,Mar 2017,-11.74836828218303,21.797898440031478,-8.44564240790656,5.727197270128193,-2.802097709080872
JINDALSTEL,Mar 2018,-4.85489394940816,19.43459712792165,-5.3184136909659365,8.023504710485774,-1.8110500952594417
JINDALSTEL,Mar 2019,-5.135630030234638,17.910829110420305,-7.517531556802244,9.689576238065992,-2.7100819091920316
JINDALSTEL,Mar 2020,-1.0547688737705352,18.01281544181631,-1.2446712512057752,10.012905845332869,-0.4457221813643556
JINDALSTEL,Mar 2021,12.339859452268719,31.61745568119379,13.411912619833414,18.219522073714053,5.481757451181911
JINDALSTEL,Mar 2022,13.223625063518742,30.322870656295198,18.992280701754385,27.836016854275652,8.827827357653566
JINDALSTEL,Mar 2023,7.468240246560925,18.683755543862286,10.267142045160957,18.169346112227547,5.723997868264508
JINDALSTEL,Mar 2024,11.802438733764944,20.260555268697622,13.410506363390198,17.039547279068238,7.553764807565204
JIOFIN,Mar 2023,68.88888888888889,86.66666666666667,0.027164388363126533,0.04265951611920288,0.0269729400504655
JIOFIN,Mar 2024,86.52291105121293,84.04312668463612,1.153456416595399,1.42870489482346,1.1079433671814058
JSWENERGY,Mar 2013,10.15783540022548,31.578354002254795,14.522888459058672,16.947108135818105,4.421434880753754
JSWENERGY,Mar 2014,8.788159111933396,37.638760407030524,11.565971693806118,18.444564370090543,3.949282893369362
JSWENERGY,Mar 2015,14.528725794372527,38.7717984380015,18.063314711359403,22.721865334285035,6.992790937178167
JSWENERGY,Mar 2016,14.861563517915311,41.01180781758957,15.045342126957955,17.784743140926484,5.115806440309751
JSWENERGY,Mar 2017,7.53963451530921,40.22752027108798,6.00829395312952,14.34177522453273,2.194511958857304
JSWENERGY,Mar 2018,1.0560318051931916,33.70605044104858,0.7650765076507651,12.00365328578263,0.3181018674450806
JSWENERGY,Mar 2019,7.485226526592252,31.243160428977895,5.785823041786499,14.53724806721187,2.6382781763480674
JSWENERGY,Mar 2020,13.066602199927473,35.74277771062492,9.282156963764383,15.512426696453504,4.335967269664273
JSWENERGY,Mar 2021,11.889627275353943,42.08321294423577,5.67312331977666,13.816767199930064,3.140382340596024
JSWENERGY,Mar 2022,21.341986041386065,43.73699032692543,10.008613264427218,15.73336368464982,5.71213213606869
JSWENERGY,Mar 2023,14.3244289585753,31.765389082462253,7.944602501476193,9.056776556776557,3.0567775781233864
JSWENERGY,Mar 2024,15.018283127285393,46.857043357130415,8.280529953917052,11.170689819673695,2.98613395191026
JSWSTEEL,Mar 2013,2.431300706621303,17.042658989793246,5.443891004980955,16.037735849056602,1.6152869785961435
JSWSTEEL,Mar 2014,0.7848496680983992,17.90121046466224,1.8985548313969962,13.296061797851891,0.517774343122102
JSWSTEEL,Mar 2015,3.2507739938080498,17.677263459941102,7.7254374158815615,15.508485682458554,2.010413991173792
JSWSTEEL,Mar 2016,-1.1577528522601455,15.457565108554375,-2.536117262469683,7.284616642144842,-0.5872513948746749
JSWSTEEL,Mar 2017,6.235162937918135,22.135098194374507,15.30887093213229,18.681135478395294,3.939548889267655
JSWSTEEL,Mar 2018,8.49818581179709,20.735962631893567,21.83370240731481,21.870872965232746,6.646732630205501
JSWSTEEL,Mar 2019,8.877142890852673,22.334438453461072,21.623796522488863,23.270187733450136,6.55417824507609
JSWSTEEL,Mar 2020,5.344625371628072,16.1102473883752,10.707942839968306,11.75654444920528,2.9729934759520558
JSWSTEEL,Mar 2021,9.861095454602388,25.273362642317664,16.835600034214355,18.91879511891238,5.30822495061254
JSWSTEEL,Mar 2022,14.304746158733629,26.722506507436584,31.112828209281247,29.178551464159273,10.656284194722243
JSWSTEEL,Mar 2023,2.4939744516751023,11.129187756085804,6.300327269959662,13.668559106913774,1.9659065541301135
JSWSTEEL,Mar 2024,5.127252779904689,16.089162657280323,11.5528718021347,17.903086572534153,3.937287733986257
KOTAKBANK,Mar 2013,20.64956634065326,60.92452482007751,14.659068579288661,6.531915737691911,1.9320585315319203
KOTAKBANK,Mar 2014,21.08293008509928,58.84365092608043,13.241458813665899,6.704373411032079,2.067972208810364
KOTAKBANK,Mar 2015,23.312561003078308,72.96343569337037,14.014262502256724,7.667663391712944,2.091416100872939
KOTAKBANK,Mar 2016,17.27281639054995,56.567983531026364,10.562282699916077,5.412052965833189,1.4634308400192688
KOTAKBANK,Mar 2017,22.482530012542558,66.439706145852,13.03907305414112,6.0782366794954905,1.8172404304314451
KOTAKBANK,Mar 2018,24.901516055867255,66.86960327881899,12.395024560291553,5.59022135798194,1.853014331398792
KOTAKBANK,Mar 2019,24.149374811437767,66.2331132043847,12.467766220729997,5.6476437873343555,1.8230082673070647
KOTAKBANK,Mar 2020,25.670669773555595,67.44936368524826,12.89523838107958,5.739556464537005,1.938971913902697
KOTAKBANK,Mar 2021,30.438756855575868,90.83485679463742,11.845053889659587,7.238321152803871,2.086230876216968
KOTAKBANK,Mar 2022,35.82881360955514,90.98426246999199,12.50607769099467,6.633478369938496,2.2120849481608347
KOTAKBANK,Mar 2023,35.40841261180043,79.44058266707789,13.348060171356002,6.307892073626939,2.4055896716793193
KOTAKBANK,Mar 2024,32.386151466116615,83.66733645109092,14.013018188532914,7.231227684955393,2.372513081844081
LICI,Mar 2019,0.4596611071061123,1.0358560160137742,324.32098765432096,3.1586426903419924,0.07665039803060705
LICI,Mar 2020,0.43149911709867,-1.1061344525772918,270.45908183632736,5.472533174014213,0.0774322439292835
LICI,Mar 2021,0.43044431000095523,-0.03647342505724301,43.201626961069145,182.46225319396052,0.07765978226014512
LICI,Mar 2022,0.5700616081127022,0.4596424020806903,36.38207796789557,110.8916130170209,0.09696621509010571
LICI,Mar 2023,4.5877791768838225,4.359645590012082,77.85997015119071,90.85934289360414,0.7862197392110195
LICI,Mar 2024,4.836600998148862,3.87474201090824,49.44710986501021,57.534412123702374,0.7696696436280568
LODHA,Mar 2011,12.149102623101703,23.469857340082832,35.483870967741936,10.33123028391167,2.7853977632411904
LODHA,Mar 2012,12.897765741367637,24.509140148950575,33.83658969804618,15.747446610956361,4.110919292188174
LODHA,Mar 2015,12.796664528543939,23.524695317511224,24.225865209471767,12.478542189356926,2.8502035859704264
LODHA,Mar 2016,8.522245120620681,25.772820947993697,17.694437452806444,14.802336028751123,2.2691326942319487
LODHA,Mar 2017,7.368155437799646,20.36336109008327,14.480535581453013,10.87257617728532,1.7211399605080901
LODHA,Mar 2018,8.20502221762943,17.381419861527334,15.411490683229815,7.083693460097955,1.9726217982161933
LODHA,Mar 2019,13.80700428319476,26.698580666834637,42.80135381411091,11.02706736313683,3.2969677522862186
LODHA,Mar 2020,5.96319215623242,15.406252511452223,16.300527240773285,8.861806311207834,1.823409431597572
LODHA,Mar 2021,0.8808955771701229,25.380803817214172,1.0437051532941943,5.453667953667954,0.12211254706421083
LODHA,Mar 2022,13.08350481966858,23.675944979963177,9.97852304642326,10.485133020344287,3.145505676492032
LODHA,Mar 2023,5.174234424498416,21.795142555438225,3.8695411829740185,4.727707959305805,1.2524922038750574
LODHA,Mar 2024,15.063978286157425,25.833656455990695,8.895758200240426,10.779989669011005,3.292512394592991
LT,Mar 2013,7.1090747856931715,15.309166151613685,395.1456310679612,884.7425301970757,227.2766323024055
LT,Mar 2014,5.743410068897406,16.561243445340608,303.41614906832297,896.6860465116279,183.23330832708177
LT,Mar 2015,5.401995017894244,17.06099272264465,245.11352418558738,762.2994652406417,166.75621222296843
LT,Mar 2016,4.541049425446491,15.314174956982654,216.09411764705882,766.2844036697247,146.38189352884922
LT,Mar 2017,5.933474824355972,15.20418618266979,206.29770992366412,575.2544529262087,146.84174779261943
LT,Mar 2018,6.687666585897746,16.8035560605934,207.3575129533679,558.9637305699481,149.97189432265316
LT,Mar 2019,7.555834935660405,16.910220381600354,208.80850194154914,522.5219701614551,153.31632653061226
LT,Mar 2020,7.489756070731238,16.880482908450897,201.59141376757955,436.478784040532,123.58479863868406
LT,Mar 2021,9.502202545981364,17.252664014296325,176.90306681270536,389.6692174771661,120.68933308425183
LT,Mar 2022,6.656614767347513,15.534017799528499,72.92133258678611,183.4043723360374,50.64650981917169
LT,Mar 2023,6.834805089968965,14.817198553515034,75.52434908389586,165.75856173826725,53.36655168008176
LT,Mar 2024,7.031246466738726,13.506668535997433,77.66510140873214,152.61895060890035,56.44423467905896
LTIM,Mar 2013,14.593612048818489,22.591534666320438,41.97162061239731,56.70692943420216,24.140893470790378
LTIM,Mar 2014,20.243902439024392,23.3130081300813,61.86335403726708,79.30232558139535,37.35933983495874
LTIM,Mar 2015,15.447971072719968,20.188830855765367,37.95656465942744,49.19786096256685,25.822699798522496
LTIM,Mar 2016,14.300376325692781,17.584673280875812,39.34117647058824,55.73394495412845,26.64966528530443
LTIM,Mar 2017,14.936163667128133,18.920166128287956,30.884223918575067,45.06997455470738,21.983246547430383
LTIM,Mar 2018,15.22036682179031,16.24692033944703,28.808290155440414,41.78756476683938,20.835675473112236
LTIM,Mar 2019,16.049121321194157,19.934363751852636,30.983036991620683,44.65563049254037,22.749099639855945
LTIM,Mar 2020,13.971872414744002,18.650611269418146,28.127313101406365,37.33375554148195,17.243335224049915
LTIM,Mar 2021,15.666936135812449,22.029102667744542,26.533406352683457,37.01555171562577,18.1019988791332
LTIM,Mar 2022,15.128882760733847,20.10417863571948,27.645576707726764,41.351574315963155,19.200855531790783
LTIM,Mar 2023,13.289937618660158,18.40701564053883,26.57907425265188,36.75619037114653,18.78114220007666
LTIM,Mar 2024,12.90931103415266,17.982937748120616,22.904386052552702,32.09289691701752,16.64609352309033
M&M,Mar 2013,6.010801682849781,13.270638929730833,20.685336405991684,20.45734714003945,5.423546255795931
M&M,Mar 2014,6.964770746341266,13.743057526249643,22.11352812459776,18.714300372815266,5.864215089487876
M&M,Mar 2015,4.732112865300638,12.306852536110178,13.075762849518505,15.04359553381006,3.582478596253285
M&M,Mar 2016,4.686119645046874,13.293601086483564,13.41537067794051,16.872657799985305,3.5592677162200057
M&M,Mar 2017,4.83568691583207,12.814391271650772,13.604002955201826,16.312706900942196,3.558659463258225
M&M,Mar 2018,8.641170977479531,14.361413338545399,21.63970088375255,18.982875271114562,5.835637131606157
M&M,Mar 2019,5.745743451647711,14.521442690577821,15.0488957807068,16.135377286138354,3.7167441889195683
M&M,Mar 2020,-0.4258311002626622,13.47536547186331,-0.8031224198754034,9.04711578636911,-0.19370489270800648
M&M,Mar 2021,2.035596004200436,15.464875198578316,3.636188735510557,10.342288084970583,0.9165413898453033
M&M,Mar 2022,8.043606037417796,16.28350578345588,15.391634658234832,14.340805592970304,4.207369422465601
M&M,Mar 2023,9.379148834409454,16.72727572586564,20.178831210304086,16.314858054140622,5.567766285006584
M&M,Mar 2024,8.82238743726542,17.89787025985418,18.537543435564285,16.123589400412953,5.227460570376871
MARUTI,Mar 2013,5.575117370892019,9.843355001805707,12.980870296405298,25.042481914841968,8.97626921539412
MARUTI,Mar 2014,6.407435678685286,11.92133267477886,13.276888723483438,25.676595744680853,9.067225822849155
MARUTI,Mar 2015,7.49788389992323,13.566662073581229,15.66329467883872,30.855747678514252,11.04794500681614
MARUTI,Mar 2016,9.54522565073191,15.66965913629339,17.954664227854717,34.00006483612669,12.865702382624164
MARUTI,Mar 2017,11.031798487185137,15.305867665418226,20.258934592043158,34.13296413642536,14.45535026943803
MARUTI,Mar 2018,9.874826147426981,15.183751206004336,18.517822317253696,33.441893158388005,13.080932147125216
MARUTI,Mar 2019,8.889482734581959,12.845656922433424,16.24692092075087,29.03580800812664,11.960480857915552
MARUTI,Mar 2020,7.504625958234206,9.721120803595031,11.490903203610387,21.70494183115914,8.923744263531779
MARUTI,Mar 2021,6.236855567555278,7.689137725231626,8.359840764937811,15.943968930281663,6.149125756556826
MARUTI,Mar 2022,4.3926185893807315,6.511943846937621,7.012090434279725,13.653401244642122,5.197171024432062
MARUTI,Mar 2023,6.9791402753145855,11.081834304535091,11.077747989276139,20.48438983229617,8.255249435598266
MARUTI,Mar 2024,9.50809964894472,13.130031439890594,15.750385351954785,26.67366334324529,11.697772843960314
MOTHERSON,Mar 2013,1.7867025061269666,5.850264843070598,19.746614242027086,24.99652439872098,3.548159196169244
MOTHERSON,Mar 2014,3.6068915630959424,7.881238903136713,37.07333558634674,34.72240030773176,7.19627394384676
MOTHERSON,Mar 2015,3.7275323851014104,8.2051873863997,38.86883273164862,36.144293317563566,7.414634146341463
MOTHERSON,Mar 2016,4.766766981943251,9.533533963886502,40.34569024334774,35.59143894515574,9.021103483346046
MOTHERSON,Mar 2017,5.12554276005286,9.842835567302247,26.25725338491296,24.257558670318456,6.799398948159278
MOTHERSON,Mar 2018,4.013995701827612,9.10786281370442,22.865236746256574,25.930496593938194,6.112403310434359
MOTHERSON,Mar 2019,3.3027407395746424,8.418997843300852,19.13709750980571,25.252255856336404,4.907143191280348
MOTHERSON,Mar 2020,2.1307777174002536,7.6635544797378525,11.490986590888909,21.707586998401442,2.8734483600914884
MOTHERSON,Mar 2021,2.7348788565452327,7.617221544361165,12.491043706711249,20.16250867665673,3.285932689689836
MOTHERSON,Mar 2022,1.8534198889829712,7.391727036096214,5.741208470953954,15.234172475373006,2.121092488246061
MOTHERSON,Mar 2023,2.119612123673656,7.933949332385643,7.438090147871014,17.440128021189715,2.7229740746779716
MOTHERSON,Mar 2024,3.0600251286831757,9.445547764763102,11.546549416937488,20.535191093170127,3.58763572429851
NAUKRI,Mar 2013,16.101694915254235,25.635593220338983,12.5,23.809523809523807,9.212121212121211
NAUKRI,Mar 2014,10.582010582010582,17.10758377425044,8.928571428571429,21.545319465081725,5.660377358490567
NAUKRI,Mar 2015,-1.912568306010929,2.8688524590163933,-0.9893992932862191,7.768361581920905,-0.6314839873703203
NAUKRI,Mar 2016,15.775401069518717,12.165775401069519,7.647440051847052,13.082901554404144,6.129870129870129
NAUKRI,Mar 2017,-4.842342342342342,-1.0135135135135136,-2.701005025125628,2.573760200878845,-2.0944958597174863
NAUKRI,Mar 2018,50.708502024291505,22.16599190283401,24.49877750611247,30.303030303030305,19.298921417565484
NAUKRI,Mar 2019,51.433536055603824,0.7819287576020852,23.27959103421156,29.323899371069185,18.563813107557227
NAUKRI,Mar 2020,-18.75,-26.676829268292686,-11.207289293849659,-2.8169014084507045,-8.50328378845489
NAUKRI,Mar 2021,125.70921985815602,6.560283687943262,26.278724981467754,30.360739791247028,22.536554354736175
NAUKRI,Mar 2022,810.6985525487728,28.067967275015732,74.71291033522793,82.37605454755577,62.891178050090325
NAUKRI,Mar 2023,-2.9838022165387894,14.83375959079284,-0.522466039707419,1.717755071819932,-0.42021851362708607
NAUKRI,Mar 2024,23.462145110410095,28.036277602523658,1.9661621835965897,3.323718368952406,1.6487018204993213
NESTLEIND,Dec 2013,12.27337655202725,21.404241292165697,47.170608108108105,57.49226876581389,17.690845739626226
NESTLEIND,Dec 2014,12.02435312024353,20.690005073566716,41.76947479732112,74.4137206860343,20.36082474226804
NESTLEIND,Dec 2015,6.886850152905198,19.021406727828747,19.985800496982606,41.058201058201064,9.250739401906014
NESTLEIND,Dec 2016,10.95066185318893,20.238485942457064,30.499695307739184,60.030165912518854,14.698972099853158
NESTLEIND,Dec 2017,12.237762237762238,20.94905094905095,35.8187134502924,65.81765557163531,16.637240255330706
NESTLEIND,Dec 2018,14.231314204746722,23.18455543747786,43.75170160631636,77.58899676375405,19.868941641938676
NESTLEIND,Dec 2019,15.910744603444094,23.655913978494624,102.60688216892598,150.59326056003798,27.436219155165205
NESTLEIND,Dec 2020,15.595505617977528,23.98501872659176,103.12035661218424,154.57063711911357,26.354430379746834
NESTLEIND,Dec 2021,14.368089003459739,24.163896614883658,108.83864337101747,155.96745027124774,25.722613553558414
NESTLEIND,Dec 2022,14.150440906669823,21.932887494821564,97.23464823098821,139.67032967032966,26.628800534580687
NESTLEIND,Dec 2023,15.680225870542715,23.376555474223572,121.96014640097602,168.02197802197801,33.400155919367414
NESTLEIND,Mar 2024,16.12281708616873,23.829630236943512,117.75449101796407,162.06241519674356,37.37527321106148
NHPC,Mar 2013,45.02429086350102,65.06817113305125,9.64255747608659,11.463049765632793,4.607046070460704
NHPC,Mar 2014,22.10041954256327,58.76302611990797,5.781349571620761,10.661367573626821,2.6584400996304556
NHPC,Mar 2015,34.03478895511495,62.44982362243036,9.096820339423891,13.110124264734523,4.5543329643857025
NHPC,Mar 2016,28.309791716542975,57.25401005506344,7.4740068893594165,11.548826118144278,3.764544832306639
NHPC,Mar 2017,40.357184274614404,56.63922068885539,11.993796312252284,14.777579702334066,5.781979497233622
NHPC,Mar 2018,35.912314635718886,54.77756286266925,9.270663426650245,11.16913019345024,4.425341235917563
NHPC,Mar 2019,31.570744740064566,55.449181787821445,9.208390155204883,13.46462377667255,4.2497077951269215
NHPC,Mar 2020,33.42326139088729,54.416466826538766,10.659316146712978,10.542604428003735,4.692958457847553
NHPC,Mar 2021,37.3134328358209,54.69527363184079,10.891598342056696,11.280087915204367,4.922336469043973
NHPC,Mar 2022,41.272965879265094,43.88670166229222,10.807250651470463,8.184604290607536,4.883034882517338
NHPC,Mar 2023,40.17158480248892,58.30112190063166,11.5283677389681,10.416384716019309,4.942524735822575
NHPC,Mar 2024,41.81893687707641,49.90656146179402,10.407730866621879,9.592635729621263,4.317394985905228
NTPC,Mar 2013,17.598366844710423,25.376828211079726,15.492368291482029,15.116808102387594,7.040094867319999
NTPC,Mar 2014,14.557640750670242,25.184475935146178,13.057518121128147,13.341904445919045,5.698138098521873
NTPC,Mar 2015,12.496716985379642,21.70166464474655,12.171413257972569,10.681002028793682,4.547771628313429
NTPC,Mar 2016,14.688811379366722,25.298381383181646,11.772863772863772,10.343509651882995,4.798700287094118
NTPC,Mar 2017,13.059164818020038,26.32554057677775,10.950755330239783,10.958787586656648,4.309717177324307
NTPC,Mar 2018,11.922845497996208,25.52705970505092,10.140687311105317,12.011797339177782,3.717627401837928
NTPC,Mar 2019,13.993837685841633,22.645008824673187,12.602710202322262,8.975616616563824,4.045278058819968
NTPC,Mar 2020,10.872981071402469,28.855148724694878,10.015146415348369,12.365454409863776,3.152271505340746
NTPC,Mar 2021,13.421380602702387,30.524248863544667,11.904818711775981,11.6283223246524,3.7608473903452575
NTPC,Mar 2022,12.7836947591374,30.42308301110282,12.528255056362376,13.052146751771984,4.078580000048096
NTPC,Mar 2023,9.716413082340656,27.011412713456334,11.645116750440407,13.558291163876996,3.828582545635067
NTPC,Mar 2024,11.950633329785267,28.82672926202094,13.273598407068633,14.238351502233304,4.450861504179203
ONGC,Mar 2013,14.812574081390755,26.855121493480837,15.730882198678275,28.282355929659264,9.467927268135615
ONGC,Mar 2014,15.314063208917936,28.216010705199256,15.489218829871277,25.44460262581068,8.205221308650485
ONGC,Mar 2015,11.000913480360172,26.293320407896942,9.810201989415644,20.591811398512792,5.23994589266739
ONGC,Mar 2016,10.563062336740945,31.55132380921668,6.623393693065202,16.5226826240989,3.8335498519480824
ONGC,Mar 2017,10.325090440557014,18.691284432897,15.005710287777926,23.879161124574093,6.561835667285304
ONGC,Mar 2018,8.077940912161534,17.628739471841243,12.777241335365824,21.675698476023044,5.676433698000139
ONGC,Mar 2019,8.049352029296244,17.745431948845418,15.644389537831781,25.990833939065404,6.8931618810463435
ONGC,Mar 2020,2.8876207376338447,13.13368353128592,5.585459084171932,15.866900593884218,2.2535033952050103
ONGC,Mar 2021,7.029807568891126,16.28210064867747,9.665989383702671,17.151182489665924,3.9427925899126532
ONGC,Mar 2022,10.03448374134344,16.259470815029538,18.995541477362497,22.719134758800386,8.451462469567602
ONGC,Mar 2023,5.184005465837723,11.944974703103476,11.679440720905623,17.852126497391833,5.346142240852043
ONGC,Mar 2024,9.655290194725701,17.388518015001793,16.940398136885513,23.62402116466871,8.044955154739396
PFC,Mar 2013,25.63243617881483,34.578953448076696,18.741554054054056,3.676916759115677,2.6209177346010746
PFC,Mar 2014,25.515018451908254,35.53510533937497,19.845941428675243,4.085960468466346,2.81082750102923
PFC,Mar 2015,24.027533215943652,33.73219145189691,18.52457498997254,3.83913244870712,2.6228419654714474
PFC,Mar 2016,22.19590108036323,32.88467750619145,17.164427667369825,3.8814811059284797,2.501415743062859
PFC,Mar 2017,8.107030201950618,19.125484935281534,6.068666033383091,2.2119097057180266,0.8615341935831885
PFC,Mar 2018,18.091888779203686,24.169134583744654,22.08414921925993,2.4520515192781476,1.6835364791753984
PFC,Mar 2019,23.361549550881602,32.866964846782246,26.824558052672902,3.047515466008875,2.009957558728447
PFC,Mar 2020,15.23902941034588,22.53131582755793,19.18421052631579,2.1854260551333593,1.3645375733779108
PFC,Mar 2021,21.932566707602994,27.731104164340735,25.86272154294272,2.7645260108626704,2.0260227121838525
PFC,Mar 2022,24.60989745876059,30.602396999816424,26.18449690272895,3.1983795714551073,2.372692793931732
PFC,Mar 2023,27.263014262911284,34.11384583698059,25.165759642577058,3.178198430294643,2.363432249540236
PFC,Mar 2024,28.916597455960137,36.68859553263103,26.1609340860332,3.493066198183381,2.54707727671322
PIDILITIND,Mar 2013,11.52800435019032,15.171288743882544,25.681405208964264,37.74120317820658,16.207951070336392
PIDILITIND,Mar 2014,10.506654214335747,15.689936960074713,23.05327868852459,35.53553553553554,15.368852459016393
PIDILITIND,Mar 2015,10.611065235342693,15.91659785301404,22.643171806167402,34.83676975945017,15.5052790346908
PIDILITIND,Mar 2016,15.05316172355904,21.88024622271964,30.591357088703564,46.13686534216336,21.72859450726979
PIDILITIND,Mar 2017,15.364073348762686,22.467509346626315,24.863151829443964,38.58223592042589,18.09224318658281
PIDILITIND,Mar 2018,15.893385982230997,22.063178677196447,27.028539451594852,40.38929440389295,18.580496249278706
PIDILITIND,Mar 2019,13.111048318734106,19.369878496750495,22.372227579556416,35.22647265900024,15.718157181571815
PIDILITIND,Mar 2020,15.382506169454347,21.606800109679188,25.179533213644522,35.26559865092749,17.200674536256326
PIDILITIND,Mar 2021,15.439462498286026,23.118058412176058,20.132308242445916,29.709655638082378,12.775130474245518
PIDILITIND,Mar 2022,12.166112287067836,18.707791553270837,18.847595252966894,27.785923753665685,12.71329260585633
PIDILITIND,Mar 2023,10.924654631748453,16.831934909738113,17.872989462007766,26.84466657898198,12.270347453593528
PIDILITIND,Mar 2024,14.108051360736493,21.868690947266415,20.780302129178065,31.52804642166344,14.466710831401125
PNB,Mar 2013,11.655174014998492,,812.2977346278317,,65.57805355976485
PNB,Mar 2013,11.655174014998492,,812.2977346278317,,65.57805355976485
PNB,Mar 2013,11.655174014998492,,812.2977346278317,,65.57805355976485
PNB,Mar 2013,11.655174014998492,,812.2977346278317,,65.57805355976485
PNB,Mar 2013,11.655174014998492,,812.2977346278317,,65.57805355976485
PNB,Mar 2014,8.172071711375061,,393.3618843683083,,31.83708838821491
PNB,Mar 2014,8.172071711375061,,393.3618843683083,,31.83708838821491
PNB,Mar 2014,8.172071711375061,,393.3618843683083,,31.83708838821491
PNB,Mar 2014,8.172071711375061,,393.3618843683083,,31.83708838821491
PNB,Mar 2014,8.172071711375061,,393.3618843683083,,31.83708838821491
PNB,Mar 2015,7.236707041675221,,223.2425585813806,,18.51851851851852
PNB,Mar 2015,7.236707041675221,,223.2425585813806,,18.51851851851852
PNB,Mar 2015,7.236707041675221,,223.2425585813806,,18.51851851851852
PNB,Mar 2015,7.236707041675221,,223.2425585813806,,18.51851851851852
PNB,Mar 2015,7.236707041675221,,223.2425585813806,,18.51851851851852
PNB,Mar 2016,-6.908904810644831,,-163.56011183597388,,-11.829732735667823
PNB,Mar 2016,-6.908904810644831,,-163.56011183597388,,-11.829732735667823
PNB,Mar 2016,-6.908904810644831,,-163.56011183597388,,-11.829732735667823
PNB,Mar 2016,-6.908904810644831,,-163.56011183597388,,-11.829732735667823
PNB,Mar 2016,-6.908904810644831,,-163.56011183597388,,-11.829732735667823
PNB,Mar 2017,2.578134753839111,,22.212262459662963,,2.884078212290503
PNB,Mar 2017,2.578134753839111,,22.212262459662963,,2.884078212290503
PNB,Mar 2017,2.578134753839111,,22.212262459662963,,2.884078212290503
PNB,Mar 2017,2.578134753839111,,22.212262459662963,,2.884078212290503
PNB,Mar 2017,2.578134753839111,,22.212262459662963,,2.884078212290503
PNB,Mar 2018,-24.855823499230375,,-184.36596133353632,,-19.218318575645053
PNB,Mar 2018,-24.855823499230375,,-184.36596133353632,,-19.218318575645053
PNB,Mar 2018,-24.855823499230375,,-184.36596133353632,,-19.218318575645053
PNB,Mar 2018,-24.855823499230375,,-184.36596133353632,,-19.218318575645053
PNB,Mar 2018,-24.855823499230375,,-184.36596133353632,,-19.218318575645053
PNB,Mar 2019,-18.31361343893225,,-128.4465366509751,,-11.402985074626866
PNB,Mar 2019,-18.31361343893225,,-128.4465366509751,,-11.402985074626866
PNB,Mar 2019,-18.31361343893225,,-128.4465366509751,,-11.402985074626866
PNB,Mar 2019,-18.31361343893225,,-128.4465366509751,,-11.402985074626866
PNB,Mar 2019,-18.31361343893225,,-128.4465366509751,,-11.402985074626866
PNB,Mar 2020,0.883134855602899,,6.1029319239964765,,0.6149047848467175
PNB,Mar 2020,0.883134855602899,,6.1029319239964765,,0.6149047848467175
PNB,Mar 2020,0.883134855602899,,6.1029319239964765,,0.6149047848467175
PNB,Mar 2020,0.883134855602899,,6.1029319239964765,,0.6149047848467175
PNB,Mar 2020,0.883134855602899,,6.1029319239964765,,0.6149047848467175
PNB,Mar 2021,3.289192652712516,,30.393594225780983,,3.7780550376403625
PNB,Mar 2021,3.289192652712516,,30.393594225780983,,3.7780550376403625
PNB,Mar 2021,3.289192652712516,,30.393594225780983,,3.7780550376403625
PNB,Mar 2021,3.289192652712516,,30.393594225780983,,3.7780550376403625
PNB,Mar 2021,3.289192652712516,,30.393594225780983,,3.7780550376403625
PNB,Mar 2022,5.125783688780462,,39.87348229772472,,5.95287056923944
PNB,Mar 2022,5.125783688780462,,39.87348229772472,,5.95287056923944
PNB,Mar 2022,5.125783688780462,,39.87348229772472,,5.95287056923944
PNB,Mar 2022,5.125783688780462,,39.87348229772472,,5.95287056923944
PNB,Mar 2022,5.125783688780462,,39.87348229772472,,5.95287056923944
PNB,Mar 2023,3.8678104669238302,,30.667397060166163,,5.02806676146995
PNB,Mar 2023,3.8678104669238302,,30.667397060166163,,5.02806676146995
PNB,Mar 2023,3.8678104669238302,,30.667397060166163,,5.02806676146995
PNB,Mar 2023,3.8678104669238302,,30.667397060166163,,5.02806676146995
PNB,Mar 2023,3.8678104669238302,,30.667397060166163,,5.02806676146995
PNB,Mar 2024,8.395910695456838,,61.320565191187306,,12.652858189053626
PNB,Mar 2024,8.395910695456838,,61.320565191187306,,12.652858189053626
PNB,Mar 2024,8.395910695456838,,61.320565191187306,,12.652858189053626
PNB,Mar 2024,8.395910695456838,,61.320565191187306,,12.652858189053626
PNB,Mar 2024,8.395910695456838,,61.320565191187306,,12.652858189053626
POWERGRID,Mar 2013,32.97148536044645,82.84534821496827,16.3352649320153,12.341586850140114,3.8038876737458547
POWERGRID,Mar 2013,32.97148536044645,82.84534821496827,16.3352649320153,12.341586850140114,3.8038876737458547
POWERGRID,Mar 2014,29.238187078109934,83.36226293796207,13.107383710876707,11.513816243125515,3.214588634435963
POWERGRID,Mar 2014,29.238187078109934,83.36226293796207,13.107383710876707,11.513816243125515,3.214588634435963
POWERGRID,Mar 2015,28.76852907639681,85.10262257696694,13.127292593459766,11.62590398122986,3.1383719773111753
POWERGRID,Mar 2015,28.76852907639681,85.10262257696694,13.127292593459766,11.62590398122986,3.1383719773111753
POWERGRID,Mar 2016,28.854348247143136,88.04958357544064,13.552422105981352,12.352883322951842,3.323257785312751
POWERGRID,Mar 2016,28.854348247143136,88.04958357544064,13.552422105981352,12.352883322951842,3.323257785312751
POWERGRID,Mar 2017,28.995602599525238,87.36428376853328,14.94204467974171,13.84805808568349,3.808097637763081
POWERGRID,Mar 2017,28.995602599525238,87.36428376853328,14.94204467974171,13.84805808568349,3.808097637763081
POWERGRID,Mar 2018,27.388662616011217,86.66955999198771,15.073678021533826,16.149175222800103,3.640494510858472
POWERGRID,Mar 2018,27.388662616011217,86.66955999198771,15.073678021533826,16.149175222800103,3.640494510858472
POWERGRID,Mar 2019,28.62032573661542,76.78484839841411,16.981164006837144,13.834473024602731,4.056108011965398
POWERGRID,Mar 2019,28.62032573661542,76.78484839841411,16.981164006837144,13.834473024602731,4.056108011965398
POWERGRID,Mar 2020,29.300021195421788,87.12908011869436,17.0937925064919,16.766056553628278,4.308628555621788
POWERGRID,Mar 2020,29.300021195421788,87.12908011869436,17.0937925064919,16.766056553628278,4.308628555621788
POWERGRID,Mar 2021,30.363269424823407,88.05751765893038,17.210020590253947,16.735626360429332,4.706931343563752
POWERGRID,Mar 2021,30.363269424823407,88.05751765893038,17.210020590253947,16.735626360429332,4.706931343563752
POWERGRID,Mar 2022,40.420931238287444,86.07467204843591,22.065130431361236,19.20803250167107,6.70412432755529
POWERGRID,Mar 2022,40.420931238287444,86.07467204843591,22.065130431361236,19.20803250167107,6.70412432755529
POWERGRID,Mar 2023,33.81356489704624,86.78376422603776,18.57249536289837,19.21884599026511,6.113589057389236
POWERGRID,Mar 2023,33.81356489704624,86.78376422603776,18.57249536289837,19.21884599026511,6.113589057389236
POWERGRID,Mar 2024,33.97028990249329,86.87476823070044,17.870011245496066,19.16909551793869,6.208612241806171
POWERGRID,Mar 2024,33.97028990249329,86.87476823070044,17.870011245496066,19.16909551793869,6.208612241806171
RECLTD,Mar 2013,28.113539680211236,97.33020390200969,21.86537364517969,10.594451361619257,2.9355901049245614
RECLTD,Mar 2014,27.527143935435173,96.67305347500435,22.789982214103734,11.332462442847811,3.0998273878020717
RECLTD,Mar 2015,26.012461059190027,94.4071261682243,21.31461391193363,11.020102129496566,2.912960055817199
RECLTD,Mar 2016,23.589637305699483,93.03626943005182,19.69681237670024,11.331869463163475,2.750006040252241
RECLTD,Mar 2017,25.938861040348428,92.2425836141014,18.749071901636423,11.152076934146475,3.002687340959357
RECLTD,Mar 2018,19.644275752493602,85.08694500838556,13.658401865717442,8.143740372644595,1.8364484053306929
RECLTD,Mar 2019,22.59524559193955,93.29738664987406,16.618421814392402,8.514499901361216,1.9235795130907944
RECLTD,Mar 2020,16.605437178545188,86.70429497027587,14.046388111986891,8.092674222689206,1.432729158862346
RECLTD,Mar 2021,23.562167786933657,90.74162612143881,19.143588337446303,8.642871103947392,2.089969990046574
RECLTD,Mar 2022,25.55250025460841,87.68204501476728,19.558015356432943,8.976030097019178,2.4426812052767364
RECLTD,Mar 2023,28.28090968951021,95.29453477181787,19.213695801789402,8.579435419562097,2.3989104259263634
RECLTD,Mar 2024,29.7682934528695,100.7702506471368,20.39653929343908,9.308472416967362,2.5803050396668312
RELIANCE,Mar 2013,5.274815194579209,8.373383978563329,11.472357254675785,14.142992456978504,5.763928943003723
RELIANCE,Mar 2014,5.2011321250873666,8.058433155487277,11.348502921680835,12.979777624997036,5.257868264143288
RELIANCE,Mar 2015,6.314574807945039,10.003151945124102,10.81927148408002,11.888041370394312,4.685957588515835
RELIANCE,Mar 2016,10.954828437576811,15.327808410649233,12.895800583876039,12.666385154948742,4.985166870618717
RELIANCE,Mar 2017,9.81497200234246,15.234871066016566,11.31284863239404,11.540076145507747,4.2208426122167175
RELIANCE,Mar 2018,9.231800584919515,16.456298631349743,12.292764032081116,13.909091420439523,4.447331539444798
RELIANCE,Mar 2019,7.00939759332931,14.823951282425742,10.290820227737708,13.335137142248563,3.9931637982017385
RELIANCE,Mar 2020,6.683660728800578,14.960472884080051,8.878677370949715,12.164132990343143,3.429018542323186
RELIANCE,Mar 2021,11.524382005845935,17.32549586431257,7.675114114817502,10.542172981430529,4.0709359008836685
RELIANCE,Mar 2022,9.76646566082171,15.630519683361813,8.703823678454365,11.667211277912843,4.527158950022088
RELIANCE,Mar 2023,8.45371270521545,16.239006111392566,10.349336194179966,13.219121294760933,4.613539475503181
RELIANCE,Mar 2024,8.789365557299389,18.07459281612296,9.958650553699458,14.26594766190382,4.502440958879758
SBILIFE,Mar 2013,4.236718224613315,2.8715534633490245,23.026315789473685,26.27923976608187,1.1728785791413783
SBILIFE,Mar 2014,4.218333526480473,2.9609456483949472,21.69249106078665,25.476758045292016,1.2005277044854883
SBILIFE,Mar 2015,3.4830548314030514,3.3933074062994146,20.09368836291913,24.08777120315582,1.0995534329002576
SBILIFE,Mar 2016,4.367625750362244,4.760919064375906,17.832241707162478,22.16353264314388,1.0116386388426086
SBILIFE,Mar 2017,3.1262275762734055,3.496137226659683,17.201008645533143,21.73991354466859,0.9340766823161188
SBILIFE,Mar 2018,3.3756017377010687,3.9098274040154988,17.61642156862745,22.794117647058822,0.9447913243509694
SBILIFE,Mar 2019,2.9750695004932295,3.304636355483813,17.51583949313622,22.967265047518477,0.9043575449452751
SBILIFE,Mar 2020,3.246723594684689,3.0846157358783506,16.264440123527393,21.502916619009493,0.8587993719048195
SBILIFE,Mar 2021,1.7774956356133946,1.0645440894607694,14.000000000000002,16.721153846153847,0.641890402504078
SBILIFE,Mar 2022,1.8148295434004555,0.8796982514490921,12.958182756840475,15.160901738082947,0.5509682187190171
SBILIFE,Mar 2023,2.1342824544868297,0.15129718736048417,13.220156706099248,15.240436318943,0.547045604086472
SBILIFE,Mar 2024,1.4349789374791648,0.18638058005273206,12.704588140595655,14.508988462570432,0.4755221579767963
SHREECEM,Jun 2013,18.530823181985973,28.811369509043928,26.11862643080125,34.06079501169135,16.2987012987013
SHREECEM,Jun 2014,13.770778652668417,24.32195975503062,16.705582678836763,25.274911182541025,10.738163460226497
SHREECEM,Jun 2015,6.806199073334398,21.47307876657613,8.074298711144806,23.348942354270953,5.326331582895724
SHREECEM,Mar 2017,15.580637654177332,29.24133116127531,17.394128345024683,31.976420865309752,11.99176070213147
SHREECEM,Mar 2018,14.075053391640393,25.15000508491813,15.55580532763853,23.26829268292683,9.140140007924977
SHREECEM,Mar 2019,8.084428514536041,22.277976901632815,10.495295212490953,22.97578964245631,6.551345769056994
SHREECEM,Mar 2020,11.998756605533105,29.305253341622628,11.72450451818665,24.725712534477477,7.741676694745286
SHREECEM,Mar 2021,17.234513274336283,30.169616519174042,15.17828148340586,25.625460940602483,10.863198995955933
SHREECEM,Mar 2022,8.454363757495004,24.716855429713526,7.268041237113403,21.716269334830773,5.343382879279127
SHREECEM,Mar 2023,13.270221823885278,16.580775263275825,12.711955355226442,16.005804971677357,8.99597478544847
SHREECEM,Mar 2024,8.445007553238145,22.01647093221578,8.370767521615225,22.876693948745473,6.205908683974934
SHRIRAMFIN,Mar 2013,20.873163076045085,31.088600370951635,19.937312619242302,5.367842058736863,3.0947243728053473
SHRIRAMFIN,Mar 2014,16.021708352996697,23.58423784804153,15.957696827262044,4.2490453966907085,2.5949705724986623
SHRIRAMFIN,Mar 2015,11.201917838073443,18.426501035196686,11.094323332613858,3.025321205839781,1.6539563020883612
SHRIRAMFIN,Mar 2016,11.429674679023073,17.607877208224732,11.635220125786164,3.0467264783377246,1.7408436622410421
SHRIRAMFIN,Mar 2017,11.611483078051913,18.08676511052004,11.17190257677374,3.063093833447184,1.7005614808048786
SHRIRAMFIN,Mar 2018,18.878684639312695,28.181010220708043,18.619430241051862,4.103484622368791,2.6181183237469186
SHRIRAMFIN,Mar 2019,16.580844490216272,24.465756951596294,16.13731754682704,3.678388863752322,2.443582276439731
SHRIRAMFIN,Mar 2020,15.168166173540246,21.526477869693856,13.84632344835189,3.170707938729768,2.1983792204155215
SHRIRAMFIN,Mar 2021,14.343932958328551,19.527034783606933,11.50711424229866,2.6632777964027037,1.9236394426910937
SHRIRAMFIN,Mar 2022,14.131394443001819,19.03921059465074,10.427284920482851,2.613859700158222,1.9125875108949308
SHRIRAMFIN,Mar 2023,19.742883379247015,28.856749311294767,13.835263835263836,4.243816016253117,2.8588660464541986
SHRIRAMFIN,Mar 2024,20.333626470264925,28.918874354182698,15.116350338120824,4.315116407506045,2.9802711607711085
SIEMENS,Sep 2011,7.26056043496445,9.795064826432455,22.746331236897273,38.522012578616355,8.544989171096674
SIEMENS,Sep 2014,5.6471249297621275,1.1144409065368046,13.782857142857145,25.234285714285715,5.860058309037901
SIEMENS,Sep 2015,11.114266780270757,9.448073463978037,22.94313074066836,37.747957992998835,11.100605143721634
SIEMENS,Sep 2016,26.889360524130296,9.421426594075852,42.83404380420402,61.17457527826596,24.311696979809778
SIEMENS,Sep 2017,10.275643922277451,9.543605964753727,14.785435630689205,24.369310793237972,8.654285279342364
SIEMENS,Sep 2018,7.041813208284486,10.371238765142634,10.85672972647307,19.36377876852633,6.284877232142858
SIEMENS,Sep 2019,8.399571996331396,11.38795475389789,12.144988396507902,20.8641838877224,7.15587967183227
SIEMENS,Sep 2020,7.7317514578725115,10.08445606273879,8.1015592077539,13.885377159713444,4.848675914249685
SIEMENS,Sep 2021,8.25125018942264,11.001666919230187,10.52478979414323,17.12877982803594,6.04496253122398
SIEMENS,Sep 2022,9.561283926137069,11.525591770975337,13.290267011197244,19.903324287652644,7.673181162663484
SIEMENS,Sep 2023,10.03375268487266,12.718625345197914,14.991976770841292,22.492836676217763,9.064030305830178
SIEMENS,Sep 2024,12.221223021582734,13.956834532374101,17.698769290877124,25.76745970836531,10.743507648523657
SUNPHARMA,Mar 2013,31.165214266463032,42.979067469230074,23.142094729819878,30.78032786885246,17.024095794277862
SUNPHARMA,Mar 2014,24.12313432835821,43.55099502487562,20.939271255060728,23.878402731670302,13.332187661110156
SUNPHARMA,Mar 2015,19.99123831775701,28.818633177570092,21.358920352601608,23.60974764682104,11.239045214785625
SUNPHARMA,Mar 2016,19.861691297784954,28.693790149892934,17.154291604766094,19.604628736740597,10.207837194197879
SUNPHARMA,Mar 2017,24.846412059028438,31.99062638545823,21.413755458515286,23.050438974005854,12.842294786807432
SUNPHARMA,Mar 2018,9.596436256559326,21.257880629695343,6.634650519392389,11.285652682806628,3.9535281583899717
SUNPHARMA,Mar 2019,11.036950388770386,21.939723388151105,7.747108116593012,11.784758199641777,4.96671311348506
SUNPHARMA,Mar 2020,12.704793227358548,21.264997868323285,9.216834198608197,13.745800671892496,6.117840279203449
SUNPHARMA,Mar 2021,6.782494477282226,25.285091647262526,4.889912403417773,9.975760947309862,3.359853302179764
SUNPHARMA,Mar 2022,8.767527293423708,26.538003828840484,7.0587990252233865,13.697490923105008,4.856970878238935
SUNPHARMA,Mar 2023,19.39798569019733,26.546051132479608,15.20314313778016,19.257009271481053,10.547378332837743
SUNPHARMA,Mar 2024,19.815658700538176,26.84289749881436,15.094161810671148,20.739158363334877,11.2650630655976
TATACONSUM,Mar 2013,6.0535981499115765,10.474765338049245,9.251559251559252,13.324729795128246,5.060268364794178
TATACONSUM,Mar 2014,6.590850348927371,9.7182734556733,8.719439220379552,12.652669136818991,5.145797598627787
TATACONSUM,Mar 2015,3.415488552483423,9.908670086325534,4.96996176952485,10.48848467067625,2.886445337280609
TATACONSUM,Mar 2016,-0.5574807895133344,5.514539701672443,-0.5922842964623019,5.31509011972109,-0.3739262253663466
TATACONSUM,Mar 2017,6.710914454277287,11.666666666666666,7.262569832402235,12.464549064095293,4.763899068160402
TATACONSUM,Mar 2018,8.158473954512106,12.311078503301541,7.907836723083488,11.260649462896653,5.31497944747156
TATACONSUM,Mar 2019,6.301709873138445,10.83838940981798,6.232951445717403,10.739997639560958,4.199981619336459
TATACONSUM,Mar 2020,4.77326968973747,13.406661824219155,3.329714078899747,7.330692812155055,2.490120716721702
TATACONSUM,Mar 2021,8.015859334597483,13.308050336148941,6.398789046374019,10.112568035625928,4.599861509545949
TATACONSUM,Mar 2022,8.169014084507042,13.835010060362174,6.703209615638621,10.91579074543917,4.816132858837485
TATACONSUM,Mar 2023,9.577015163607342,13.465863745193355,8.109602506604412,12.216814901829167,5.799138915736754
TATACONSUM,Mar 2024,7.9902669998684726,15.020386689464685,7.566793298872766,11.277772089689773,4.358119014311847
TATAMOTORS,Mar 2013,5.284094219595007,13.02802540348424,26.505832026994714,27.157290948299455,5.9264539891879044
TATAMOTORS,Mar 2014,6.034342063444342,14.96903373218688,21.416377050179864,27.48285094181202,6.432384423099815
TATAMOTORS,Mar 2015,5.347717539586334,14.910757374819026,25.013330489495573,30.76336700751509,5.9300929144807535
TATAMOTORS,Mar 2016,4.276935021937695,14.061733187814507,14.791265579086026,24.087733966233348,4.437199829776886
TATAMOTORS,Mar 2017,2.8020749518897414,10.971363735803303,13.015397333884469,23.018161064200314,2.7723970944309926
TATAMOTORS,Mar 2018,3.1181615503344196,10.789915966386554,9.526554051221863,20.279534434693943,2.778490916648329
TATAMOTORS,Mar 2019,-9.513211321529585,8.16856440726242,-47.73093604081158,-1.2154802409319885,-9.396047798026189
TATAMOTORS,Mar 2020,-4.586927543781696,6.889775843841452,-18.984131010320393,9.628620247302614,-3.740095384144494
TATAMOTORS,Mar 2021,-5.362397165675854,12.92539882703817,-24.245660397849658,10.725106141515266,-3.921597329976286
TATAMOTORS,Mar 2022,-4.061353042154179,8.877588398801956,-25.378694374004173,14.21077430501021,-3.4367488094912497
TATAMOTORS,Mar 2023,0.7775308049611668,9.196252821800924,5.935307356250828,21.445091537325496,0.8037672481280291
TATAMOTORS,Mar 2024,7.263066074788551,13.595385542828959,37.45613415294755,33.93225101467374,8.607629877598297
TATAPOWER,Mar 2013,0.37073876480694457,16.864092594267113,0.9971625456019456,11.888404325228507,0.18288059235469914
TATAPOWER,Mar 2014,0.033588982813637126,19.35845042825953,0.0967663898072736,13.59036786244151,0.016810725242704848
TATAPOWER,Mar 2015,1.3604024647992141,18.756883874616737,3.1917865623690456,13.394629039599455,0.607834009443373
TATAPOWER,Mar 2016,2.664948803146403,7.137044822675799,6.7566405914209575,12.212273681708332,1.1219435602438015
TATAPOWER,Mar 2017,3.9872408293460926,19.838335508191967,8.32450431360678,10.914249786390236,1.3280372816284152
TATAPOWER,Mar 2018,9.728017883755587,8.550670640834575,15.921702542837979,13.665599803040562,3.1883456259463685
TATAPOWER,Mar 2019,8.721261001974499,10.27408721261002,14.236547391423107,15.350765592492255,3.099687176620318
TATAPOWER,Mar 2020,4.516749038989566,23.355985722130697,6.725953184094859,12.705938295432295,1.4675379708722707
TATAPOWER,Mar 2021,4.400207931994006,21.163196037060818,6.446266182860727,12.5972389216439,1.4586184177183112
TATAPOWER,Mar 2022,5.035500747384155,16.421431240657697,9.606986899563319,12.924209296956693,1.9155930697467793
TATAPOWER,Mar 2023,6.913571285996843,14.023117821045563,13.234681117132139,16.23771585221084,2.97433175118661
TATAPOWER,Mar 2024,6.965125551270159,17.469771680580646,13.227840276919272,16.44604567377535,3.0779409438060035
TATASTEEL,Mar 2013,-5.398182789951898,2.943316111408041,-21.280580592297788,5.267718912181965,-4.951115226449522
TATASTEEL,Mar 2014,2.466120284764558,10.889956531686112,9.042238231520773,13.83420240502288,2.1357311018391183
TATASTEEL,Mar 2015,-2.8235749512558783,2.4436575295332035,-12.564994098695333,8.391789379741187,-2.475661339082013
TATASTEEL,Mar 2016,-0.4874221546609131,-0.6129554258814298,-1.136467575230952,7.732323674225852,-0.2809751023269488
TATASTEEL,Mar 2017,-3.712410618082084,11.704467537555988,-11.023559586451254,7.742090323007787,-2.4175543790265994
TATASTEEL,Mar 2018,14.396060008600475,17.38999910749783,29.148527213287117,21.12888679763165,8.500780943072604
TATASTEEL,Mar 2019,5.785538057576315,18.59465081912107,13.234675371780922,18.170035524711178,3.918839384292852
TATASTEEL,Mar 2020,0.8396689959017859,12.489897508886616,1.5956290094596066,7.677036818603083,0.4712039783422771
TATASTEEL,Mar 2021,5.240124380974318,19.517063994779072,11.031937391398053,18.85461472287084,3.357809674919745
TATASTEEL,Mar 2022,17.113121467131773,26.02486483384503,36.48016916718366,34.099282120376415,14.782488616325923
TATASTEEL,Mar 2023,3.3182249653795104,13.272899861518042,7.833569391358336,18.01782151881899,2.829401953776507
TATASTEEL,Mar 2024,-2.1425049417247384,9.70803461170916,-5.334926929972293,9.068374302829994,-1.823164211026616
TCS,Mar 2013,22.346758957913288,28.639921256092332,36.51740777253152,49.43155512114821,27.104675344681507
TCS,Mar 2014,23.630651884267014,30.746005940666677,39.29667649151337,54.12996039764002,28.927561388020173
TCS,Mar 2015,21.194320006761895,25.866368016228552,39.616865804285574,55.30563018453514,27.36026623748602
TCS,Mar 2016,22.401192864900686,28.2357380851573,34.2441467807294,47.33934405541456,27.565663544415624
TCS,Mar 2017,22.342878456504415,27.390095451231712,30.571600900085834,42.23206131579252,25.75610995475555
TCS,Mar 2018,21.02287496750715,26.41343904341045,30.401278075368854,42.35197657393851,24.618077354793297
TCS,Mar 2019,21.549469831971216,26.973365286795982,35.28609440332715,48.95316619743487,27.710028884733234
TCS,Mar 2020,20.673594607165384,26.829734499741953,38.56952666238737,50.596966413867825,27.010580469003635
TCS,Mar 2021,19.833472410873632,28.351108864213625,37.67311096456215,51.4305726535637,25.04923379900302
TCS,Mar 2022,20.051211448001087,27.669305464292794,43.13375739014349,58.866301556360035,27.283500326417077
TCS,Mar 2023,18.763139919630266,26.283831134845514,46.7829337344068,63.91470971950424,29.61171504770438
TCS,Mar 2024,19.136712150207767,26.690688396923118,50.944313673485176,68.78489493452442,31.689259788825343
TECHM,Mar 2013,19.01644114651535,20.689655172413794,24.087725764835973,18.821627975315895,14.548085485307213
TECHM,Mar 2013,19.01644114651535,20.689655172413794,24.087725764835973,18.821627975315895,14.548085485307213
TECHM,Mar 2014,16.28550154238911,22.189128816083397,33.34785449793073,46.265060240963855,19.209535759096614
TECHM,Mar 2014,16.28550154238911,22.189128816083397,33.34785449793073,46.265060240963855,19.209535759096614
TECHM,Mar 2015,11.754564342867248,18.535873745634586,21.70966688438929,33.20203892493049,13.396815800080613
TECHM,Mar 2015,11.754564342867248,18.535873745634586,21.70966688438929,33.20203892493049,13.396815800080613
TECHM,Mar 2016,11.425228353589493,16.0791122518306,20.745665136042764,30.053564596352505,13.438401775804662
TECHM,Mar 2016,11.425228353589493,16.0791122518306,20.745665136042764,30.053564596352505,13.438401775804662
TECHM,Mar 2017,9.783466593459387,14.357777701520194,17.34501429701284,27.854855923159015,10.941397705031278
TECHM,Mar 2017,9.783466593459387,14.357777701520194,17.34501429701284,27.854855923159015,10.941397705031278
TECHM,Mar 2018,12.302992883371786,15.305625060930037,20.092341983760548,28.84651600753296,12.441260556669185
TECHM,Mar 2018,12.302992883371786,15.305625060930037,20.092341983760548,28.84651600753296,12.441260556669185
TECHM,Mar 2019,12.345288123884636,18.050198606873526,21.143702243036728,30.541717158116782,12.823656042576093
TECHM,Mar 2019,12.345288123884636,18.050198606873526,21.143702243036728,30.541717158116782,12.823656042576093
TECHM,Mar 2020,10.570142128675274,14.926223283063903,17.865493054600467,26.272416905387907,10.442681815745752
TECHM,Mar 2020,10.570142128675274,14.926223283063903,17.865493054600467,26.272416905387907,10.442681815745752
TECHM,Mar 2021,11.499141460837405,17.952714304583278,17.506535290569072,27.31398112799827,10.991869097520327
TECHM,Mar 2021,11.499141460837405,17.952714304583278,17.506535290569072,27.31398112799827,10.991869097520327
TECHM,Mar 2022,12.610312234018725,17.963535367110158,20.940266309603512,30.961903470715836,12.675612391930835
TECHM,Mar 2022,12.610312234018725,17.963535367110158,20.940266309603512,30.961903470715836,12.675612391930835
TECHM,Mar 2023,9.11428035278664,14.567461062112965,17.3936398796734,28.463344638664235,10.59855543675126
TECHM,Mar 2023,9.11428035278664,14.567461062112965,17.3936398796734,28.463344638664235,10.59855543675126
TECHM,Mar 2024,4.60996999769213,8.666051234710363,8.987963553189097,18.60234198452373,5.555169297086839
TECHM,Mar 2024,4.60996999769213,8.666051234710363,8.987963553189097,18.60234198452373,5.555169297086839
TITAN,Mar 2013,7.161908525140769,10.01679344067964,36.80203045685279,56.497461928934015,12.321549966009519
TITAN,Mar 2014,6.726457399103139,9.581769927702021,29.131985731272298,34.95495495495496,12.027491408934708
TITAN,Mar 2015,6.849660035255603,9.678502476286411,26.459143968871597,38.31658291457287,13.905930470347649
TITAN,Mar 2016,5.9861653068464,8.32742107130188,19.24721984602224,27.845303867403317,10.64333017975402
TITAN,Mar 2017,5.256013875273358,8.777618580800844,16.46586345381526,18.348323793949305,8.289724072312083
TITAN,Mar 2018,6.836228287841191,10.198511166253102,21.650294695481335,25.276507889691786,11.574414452263419
TITAN,Mar 2019,7.022599726983164,10.081399464078062,22.8830313014827,25.66465792272244,11.861656703672075
TITAN,Mar 2020,7.091962758882767,11.69960098802964,22.38716449242765,25.569348059818196,11.02333136444182
TITAN,Mar 2021,4.500092404361486,7.969876178155609,12.99186341203148,14.503235629996194,5.923133057650206
TITAN,Mar 2022,7.632209451717073,11.611514288690579,23.6267870579383,21.238991434431174,10.37379648857844
TITAN,Mar 2023,8.069008009858287,12.03203943314849,27.626360644671337,24.450937882929587,12.116950407105847
TITAN,Mar 2024,6.843630099444054,10.359408033826638,37.2192057915469,23.377874082099435,11.081877833074461
TORNTPHARM,Mar 2013,13.581017795816422,21.76084920387137,30.590717299578056,33.00236406619385,11.590727418065548
TORNTPHARM,Mar 2014,15.915627996164908,22.890699904122723,34.8922753547031,32.58649093904448,13.221823974512144
TORNTPHARM,Mar 2015,16.199309749784298,22.001725625539258,30.148534725010034,24.966545593576754,9.603580562659847
TORNTPHARM,Mar 2016,25.915956333183786,40.87034544638852,49.59931310818546,47.2972972972973,19.502588341210895
TORNTPHARM,Mar 2017,16.059147180192575,23.676066024759283,21.466329579407034,23.320215711995335,9.728153317362773
TORNTPHARM,Mar 2018,11.394957983193276,22.672268907563026,14.665801427644388,14.866937302661254,4.76023309695991
TORNTPHARM,Mar 2019,5.682262478821843,25.843868108953473,9.227513227513228,15.636904208863701,3.0893502444554666
TORNTPHARM,Mar 2020,12.910945962967629,27.333417306965615,21.24792703150912,21.59690799396682,7.316202712348323
TORNTPHARM,Mar 2021,15.640224859462837,30.98063710181137,21.44570058239123,23.683719193427933,8.895204262877442
TORNTPHARM,Mar 2022,9.132581100141044,28.573107663375648,13.052242566773057,21.38082410455951,6.02045560204556
TORNTPHARM,Mar 2023,12.941787941787942,29.54261954261954,20.087124878993222,24.9589349010115,8.521560574948666
TORNTPHARM,Mar 2024,15.436241610738255,31.3944817300522,24.154025670945156,32.3037323037323,11.416752843846949
TRENT,Mar 2013,-1.2664165103189493,0.23452157598499063,-2.1933387489845653,4.002541296060992,-1.2222725215029424
TRENT,Mar 2014,-0.8144020574367767,-0.42863266180882986,-1.917255297679112,6.122448979591836,-0.981404958677686
TRENT,Mar 2015,5.64798598949212,3.852889667250438,9.071729957805907,17.525162818235643,5.845038513819665
TRENT,Mar 2016,3.262158956109134,5.338078291814947,3.7568306010928962,9.44206008583691,2.5498377375985166
TRENT,Mar 2017,4.690949227373068,7.39514348785872,5.4945054945054945,11.0881897885508,3.825382538253826
TRENT,Mar 2018,4.033379694019471,9.643022716736208,5.454545454545454,11.832829808660625,3.724315068493151
TRENT,Mar 2019,3.6121673003802277,9.163498098859316,5.771567436208992,12.663551401869158,3.7123876514263383
TRENT,Mar 2020,3.040734366035571,15.174985656913368,4.438860971524288,25.148809523809522,1.9248229526057745
TRENT,Mar 2021,-6.980331662167373,4.3964519861164675,-7.825335062689148,11.978568694986604,-3.1621243885394827
TRENT,Mar 2022,0.7781236104935527,13.228101378390395,1.4805414551607445,10.537452391028355,0.45301579083613774
TRENT,Mar 2023,4.780393108468818,13.516136859985439,15.177195685670261,20.609065155807365,4.875030932937392
TRENT,Mar 2024,11.935353535353535,15.927272727272726,36.30776794493609,50.85036935234496,20.622731080703712
TVSMOTOR,Mar 2013,2.6364846870838883,5.832223701731025,22.024471635150167,28.876461616675144,5.8562555456965395
TVSMOTOR,Mar 2014,2.23043893129771,5.868320610687023,16.1068044788975,28.37480148226575,5.148678414096916
TVSMOTOR,Mar 2015,3.1981279251170043,5.898985959438377,24.754716981132074,28.0278232405892,7.177242888402626
TVSMOTOR,Mar 2016,3.7707655796782986,7.198734288476752,23.58438702583837,31.34020618556701,8.336572094830936
TVSMOTOR,Mar 2017,4.084088903153334,6.988686512075744,22.95895354082093,29.308390022675734,8.306135770234988
TVSMOTOR,Mar 2018,4.069767441860465,9.614443084455324,24.8319641523525,17.09348323964189,5.0416982562547386
TVSMOTOR,Mar 2019,3.5962301587301586,10.729166666666666,22.863450015767896,17.54751784425375,4.34235745088644
TVSMOTOR,Mar 2020,3.4325428404689906,12.011247281022866,19.70758452634785,15.301869033212318,3.3572021585720218
TVSMOTOR,Mar 2021,3.1306317903300553,11.49271407239586,15.88711784687745,14.169686367612144,2.780699748456437
TVSMOTOR,Mar 2022,3.0014370765756517,11.311845616916443,16.613636363636363,13.595688930637268,2.715554069616256
TVSMOTOR,Mar 2023,4.093951335460061,12.594608119096767,23.77838328792007,14.931315232595674,3.737330478229836
TVSMOTOR,Mar 2024,4.544641716694342,14.050325712096054,26.223466981132077,17.0966758157975,4.233295259851514
ULTRACEMCO,Mar 2013,13.10324656332261,23.588768645802865,17.650535163175523,22.78587568118382,9.086606720302887
ULTRACEMCO,Mar 2014,10.675349734684032,19.46454413892909,12.879757886159934,17.773517173859833,6.875873854279944
ULTRACEMCO,Mar 2015,9.019136702994937,18.986527074573072,11.039336169318839,16.539660547280917,5.523874595958269
ULTRACEMCO,Mar 2016,9.859658887607841,19.484753309744367,11.300979722032354,16.4767666840699,6.0204403660816155
ULTRACEMCO,Mar 2017,10.695566502463054,20.53990147783251,11.126598884880288,17.829976267267085,6.429908313392878
ULTRACEMCO,Mar 2018,7.179056780399626,19.836017947641952,8.429990144795694,13.926562295582398,3.892126494111059
ULTRACEMCO,Mar 2019,5.788432781824321,17.719839853359705,7.110900417765399,13.026333604115894,3.136229990199281
ULTRACEMCO,Mar 2020,13.5540890879095,21.791185481970306,14.729535908206126,15.946699321657027,7.260080288837832
ULTRACEMCO,Mar 2021,12.212136117694406,25.86415060591155,12.364459535936616,18.494855373782134,6.338191607872261
ULTRACEMCO,Mar 2022,13.94323085990228,21.890150002851765,14.54120072963756,19.734348424718558,8.750641323931225
ULTRACEMCO,Mar 2023,8.021821631878558,16.793168880455408,9.3382420616659,17.01818515516266,5.551543007222587
ULTRACEMCO,Mar 2024,9.877587860326056,18.28989676764258,11.629142591485687,18.896846337479584,6.948619502564561
UNIONBANK,Mar 2013,8.52636179427073,1.2912710079860146,12.391015647554708,1.0472011229616802,0.6858158204223552
UNIONBANK,Mar 2014,5.739266516976254,-3.0686534666938834,9.053343350864013,0.6476489100754385,0.47519386614011316
UNIONBANK,Mar 2015,5.506155950752394,-3.025121253575426,8.899944720840242,0.8010372680978317,0.461719756182769
UNIONBANK,Mar 2016,4.168213887857409,-5.966084911498948,5.844324887191947,0.504270968974515,0.33066169160335324
UNIONBANK,Mar 2017,1.7460462565133925,-14.717981533961058,2.3782841489229236,0.13558923692637279,0.1257458616883302
UNIONBANK,Mar 2018,-15.816945860645786,-35.506190823015295,-20.639949310945667,-1.2962859060597935,-1.0612477602215344
UNIONBANK,Mar 2019,-8.515474733344991,-25.065570904004197,-10.888358920852587,-0.7298776086100538,-0.5860632474963947
UNIONBANK,Mar 2020,-8.327329971450679,-25.408895648229674,-9.182112385995882,-0.6925844864042735,-0.5618270811093969
UNIONBANK,Mar 2021,4.130657471397036,-15.97293358918498,4.4224412246285025,0.31046306583236916,0.26451042474110226
UNIONBANK,Mar 2022,7.71654697347208,-6.174703209731789,7.430039090614018,0.8051197000537842,0.44104120908117667
UNIONBANK,Mar 2023,10.48753742468859,-3.725835664034104,10.801482158266078,1.0380372070027046,0.6606864401714742
UNIONBANK,Mar 2024,13.745317605802185,4.572806248505619,14.136560175413432,1.6605073059949627,0.9840969589071581
INDIGO,Mar 2013,8.551559274149733,90.7095512332935,17886.363636363636,54266.23376623377,3026.923076923077
INDIGO,Mar 2014,4.263740217684627,96.10506431591257,10772.727272727272,58086.956521739135,1354.2857142857142
INDIGO,Mar 2015,9.364452423698385,86.33393177737881,4939.39393939394,39592.10526315789,2137.7049180327867
INDIGO,Mar 2016,12.304832713754648,80.39653035935564,1534.775888717156,9458.515283842795,1013.265306122449
INDIGO,Mar 2017,8.928955866523143,88.06243272335846,1692.8571428571427,10916.0,674.390243902439
INDIGO,Mar 2018,9.738934016767299,86.8381043395161,2242.0,12989.61038961039,803.584229390681
INDIGO,Mar 2019,0.547426044846826,100.52988033828123,120.93023255813952,13201.382488479263,41.8230563002681
INDIGO,Mar 2020,-0.69358988701197,88.62009173285603,-138.54748603351956,12479.52755905512,-58.767772511848335
INDIGO,Mar 2021,-42.14876033057851,99.97950959633904,-1094.148936170213,2554.624781849913,-760.9124537607892
INDIGO,Mar 2022,-1.2224750298870077,97.84813543635032,-48.769230769230774,3833.0815709969793,-34.45652173913044
INDIGO,Mar 2023,-0.582228262865959,88.02483194357713,-40.7979407979408,6075.792141951838,-29.84934086629002
INDIGO,Mar 2024,11.852722628584697,76.29890862649484,892.568306010929,5643.454935622318,668.3306055646481
