id_x,company_id,year,sales,expenses,operating_profit,opm_percentage,other_income,interest,depreciation,profit_before_tax,tax_percentage,net_profit,eps,dividend_payout,net_profit_margin_pct,operating_profit_margin_pct,id_y,equity_capital,reserves,borrowings,other_liabilities,total_liabilities,fixed_assets,cwip,investments,other_asset,total_assets,id,broad_sector,sub_sector,index_weight_pct,market_cap_category,operating_activity_x,investing_activity_x,financing_activity_x,operating_activity_y,investing_activity_y,financing_activity_y,operating_activity,investing_activity,financing_activity,return_on_equity_pct,ebit,return_on_capital_employed_pct,roce_benchmark,return_on_assets_pct,debt_to_equity,interest_coverage,icr_warning,net_debt,asset_turnover,free_cash_flow_cr,capex_cr,cash_from_operations_cr,total_debt_cr,earnings_per_share,book_value_per_share,dividend_payout_ratio_pct,icr_label,high_leverage_flag
219,AXISBANK,Mar 2013,27183,17516,8313.0,1353.0,5,6551,352,7553,31.0,5179,22.0,16.0,19.05234889452967,30.58161350844278,287,468.0,32690,296254,11145,340558,2245,142,113378,224792,340558,11.0,Financials,Private Banks,2.97,Large Cap,2573.0,-10939,14931,2573.0,-10939.0,14931,2573.0,-10939.0,14931.0,15.6191567645817,8318.0,2.525105339210472,Financial Sector Benchmark,1.52073949224508,8.93461608058387,1.2697298122424057,True,182876,0.07981900293048468,-8366.0,10939.0,2573.0,296254,22.0,70.85042735042735,16.0,,False
220,AXISBANK,Mar 2014,30641,18690,9644.0,2307.0,8,7405,364,9349,33.0,6218,26.0,15.0,20.293071374955126,31.474168597630626,288,470.0,37926,333280,14674,386350,2346,102,113093,270810,386350,11.0,Financials,Private Banks,2.97,Large Cap,14464.0,-14166,7785,14464.0,-14166.0,7785,14464.0,-14166.0,7785.0,16.194395249505156,9652.0,2.5968854593785986,Financial Sector Benchmark,1.6094215089944353,8.680070840712574,1.3034436191762322,True,220187,0.0793089167852983,298.0,14166.0,14464.0,333280,26.0,81.6936170212766,15.0,,False
221,AXISBANK,Mar 2015,35479,21254,11127.0,3097.0,9,8365,406,11057,33.0,7358,31.0,15.0,20.739028721215366,31.36221426759492,289,474.0,44475,406638,15656,467243,2447,105,118527,346164,467243,11.0,Financials,Private Banks,2.97,Large Cap,-15162.0,-7972,31045,-15162.0,-7972.0,31045,-15162.0,-7972.0,31045.0,16.369663396293575,11136.0,2.4659700124228556,Financial Sector Benchmark,1.5747694454491559,9.046652873256358,1.331261207411835,True,288111,0.07593265174652161,-23134.0,7972.0,-15162.0,406638,31.0,94.82911392405063,15.0,,False
222,AXISBANK,Mar 2016,40988,24155,13367.0,3466.0,8,9371,444,12394,34.0,8224,35.0,14.0,20.064409095344978,32.611983995315704,290,477.0,53082,472150,20678,546387,3358,216,131399,411414,546387,11.0,Financials,Private Banks,2.97,Large Cap,-34495.0,9211,22495,-34495.0,9211.0,22495,-34495.0,9211.0,22495.0,15.355029033402415,13375.0,2.5441831887983657,Financial Sector Benchmark,1.5051602618656739,8.815511865419444,1.4272756376053783,True,340751,0.07501642608627218,-25284.0,9211.0,-34495.0,472150,35.0,112.28301886792453,14.0,,False
223,AXISBANK,Mar 2017,44542,26449,23808.0,-5715.0,-13,11691,509,5468,33.0,3679,15.0,33.0,8.259620133806294,53.450675766692115,291,479.0,55901,527437,27644,611462,3518,292,129018,478633,611462,11.0,Financials,Private Banks,2.97,Large Cap,32209.0,-12458,-2487,32209.0,-12458.0,-2487,32209.0,-12458.0,-2487.0,6.525363604114934,23795.0,4.0757634669768095,Financial Sector Benchmark,0.6016727122862908,9.355037247250799,2.0353263193909847,False,398419,0.07284508276883928,19751.0,12458.0,32209.0,527437,15.0,117.7035490605428,33.0,,False
224,AXISBANK,Mar 2018,45780,27163,28895.0,-10277.0,-22,10967,568,122,-99.0,276,1.0,0.0,0.6028833551769331,63.11708169506335,292,513.0,63694,611425,28071,703703,3697,352,153037,546618,703703,11.0,Financials,Private Banks,2.97,Large Cap,-38390.0,-10007,41342,-38390.0,-10007.0,41342,-38390.0,-10007.0,41342.0,0.42985967262136526,28873.0,4.273480237762569,Financial Sector Benchmark,0.0392210918526708,9.522715591757908,2.632716330810614,False,458388,0.06505585452953874,-48397.0,10007.0,-38390.0,611425,1.0,125.1598440545809,0.0,,False
225,AXISBANK,Mar 2019,54986,33278,27155.0,-5447.0,-10,13130,710,6974,33.0,4677,18.0,6.0,8.505801476739535,49.385298075873855,293,514.0,67288,711996,34248,814046,3842,288,174056,635860,814046,11.0,Financials,Private Banks,2.97,Large Cap,37125.0,-18674,5643,37125.0,-18674.0,5643,37125.0,-18674.0,5643.0,6.898026606884752,27145.0,3.481029702563997,Financial Sector Benchmark,0.574537556845682,10.501106162060116,2.0674028941355673,False,537940,0.06754655142338394,18451.0,18674.0,37125.0,711996,18.0,131.91050583657588,6.0,,False
226,AXISBANK,Mar 2020,62635,37429,35066.0,-9859.0,-16,15537,773,4904,67.0,1627,6.0,0.0,2.5975892073122058,55.984673106090845,294,564.0,85776,797337,44194,927872,3912,483,155282,768196,927872,11.0,Financials,Private Banks,2.97,Large Cap,30416.0,-9485,8865,30416.0,-9485.0,8865,30416.0,-9485.0,8865.0,1.8844104702339586,35050.0,3.966381381432356,Financial Sector Benchmark,0.17534746171885776,9.234850590687978,2.2559052584153956,False,642055,0.06750392295489033,20931.0,9485.0,30416.0,797337,6.0,153.08510638297872,0.0,,False
227,AXISBANK,Mar 2021,63346,34107,31749.0,-2510.0,-4,12264,948,8806,25.0,6588,22.0,0.0,10.400025258106274,50.119976004799035,295,613.0,102981,850551,46859,1001005,4501,118,225336,771050,1001005,11.0,Financials,Private Banks,2.97,Large Cap,12633.0,-54288,7279,12633.0,-54288.0,7279,12633.0,-54288.0,7279.0,6.359441666505782,31745.0,3.3270624485796185,Financial Sector Benchmark,0.6581385707364099,8.210427244821128,2.588470319634703,False,625215,0.06328240118680725,-41655.0,54288.0,12633.0,850551,22.0,168.99510603588908,0.0,,False
228,AXISBANK,Mar 2022,67377,34245,29962.0,3170.0,5,15221,1008,17383,25.0,13025,42.0,2.0,19.33152262641554,44.4691808777476,296,614.0,117647,1020943,56576,1195779,4753,215,274608,916203,1195779,11.0,Financials,Private Banks,2.97,Large Cap,28137.0,-27112,47894,28137.0,-27112.0,47894,28137.0,-27112.0,47894.0,11.01377461716035,29967.0,2.6305209602494375,Financial Sector Benchmark,1.0892480968473273,8.632964375406939,1.968793114775639,False,746335,0.056345695985629454,1025.0,27112.0,28137.0,1020943,42.0,192.6074918566775,2.0,,False
229,AXISBANK,Mar 2023,85164,42218,29089.0,13857.0,16,16143,13094,16906,43.0,9580,31.0,3.0,11.248884505189986,34.15645108261707,297,615.0,129166,1152038,62598,1344418,5000,142,288095,1051181,1344418,11.0,Financials,Private Banks,2.97,Large Cap,22075.0,-32351,6641,22075.0,-32351.0,6641,22075.0,-32351.0,6641.0,7.381666037401469,29105.0,2.270601387559398,Financial Sector Benchmark,0.712575999428749,8.876784737365254,1.8029486464721551,False,863943,0.06334636995339248,-10276.0,32351.0,22075.0,1152038,31.0,211.0260162601626,3.0,,False
230,AXISBANK,Mar 2024,109369,59474,37943.0,11952.0,11,22442,1334,33060,25.0,24861,81.0,1.0,22.73130411725443,34.69264599658038,298,617.0,156406,1295302,65913,1518239,5860,267,332354,1179758,1518239,11.0,Financials,Private Banks,2.97,Large Cap,-5555.0,-9001,22341,-5555.0,-9001.0,22341,-5555.0,-9001.0,22341.0,15.832712405189048,37954.0,2.6133269068562477,Financial Sector Benchmark,1.6374892227113123,8.249122739980766,1.691203992514036,False,962948,0.0720367478374617,-14556.0,9001.0,-5555.0,1295302,81.0,254.49432739059966,1.0,,False
232,BAJAJFINSV,Mar 2013,8055,4124,3931.0,49.0,2,1204,22,2708,18.0,2214,10.0,2.0,27.48603351955307,48.80198634388579,312,80.0,7722,12991,44578,65370,1208,2,43251,20910,65370,13.0,Financials,Diversified Financials,2.12,Large Cap,-6922.0,2953,4592,-6922.0,2953.0,4592,-6922.0,2953.0,4592.0,28.377339143809277,3933.0,18.915019477708846,Financial Sector Benchmark,3.386874713171179,1.6650858754165598,3.2666112956810633,False,-30260,0.12322166131252868,-3969.0,2953.0,-6922.0,12991,10.0,97.525,2.0,,False
233,BAJAJFINSV,Mar 2014,6023,1531,4491.0,75.0,3,1562,31,2902,24.0,2191,10.0,2.0,36.37722065415906,74.5641706790636,313,80.0,9232,19507,45565,74383,1262,1,45314,27805,74383,13.0,Financials,Diversified Financials,2.12,Large Cap,-9807.0,3764,6521,-9807.0,3764.0,6521,-9807.0,3764.0,6521.0,23.528780068728523,4494.0,15.593879038134565,Financial Sector Benchmark,2.9455655190029977,2.0948238831615122,2.87708066581306,False,-25807,0.08097280292539961,-6043.0,3764.0,-9807.0,19507,10.0,116.4,2.0,,False
234,BAJAJFINSV,Mar 2015,11335,5823,5511.0,49.0,8,2230,38,3251,26.0,2409,11.0,2.0,21.25275694750772,48.619320688134096,314,80.0,11009,26312,50827,88228,1261,3,51367,35598,88228,13.0,Financials,Diversified Financials,2.12,Large Cap,-10731.0,3709,6839,-10731.0,3709.0,6839,-10731.0,3709.0,6839.0,21.724231220128054,5519.0,14.75628993877169,Financial Sector Benchmark,2.730425715192456,2.372801875732708,2.4748878923766817,False,-25055,0.12847395384685134,-7022.0,3709.0,-10731.0,26312,11.0,138.6125,2.0,,False
235,BAJAJFINSV,Mar 2016,20533,13795,6739.0,33.0,0,2877,58,3804,27.0,2775,12.0,1.0,13.514829786197827,32.82033799249987,315,80.0,13519,36062,54290,103951,1274,11,53698,48969,103951,13.0,Financials,Diversified Financials,2.12,Large Cap,-9795.0,-886,11602,-9795.0,-886.0,11602,-9795.0,-886.0,11602.0,20.405912199426428,6739.0,13.570004631400897,Financial Sector Benchmark,2.6695269886773576,2.651812633281859,2.3423705248522766,False,-17636,0.19752575732797184,-10681.0,886.0,-9795.0,36062,12.0,169.9875,1.0,,False
236,BAJAJFINSV,Mar 2017,24507,15794,8713.0,36.0,0,3716,73,4925,30.0,3450,14.0,1.0,14.077610478638755,35.553107275472314,316,80.0,16071,48282,64181,128614,1645,4,62658,64306,128614,13.0,Financials,Diversified Financials,2.12,Large Cap,-10922.0,151,12513,-10922.0,151.0,12513,-10922.0,151.0,12513.0,21.360906445421335,8713.0,13.522573836388185,Financial Sector Benchmark,2.6824451459405663,2.989412420283574,2.344725511302476,False,-14376,0.19054690780163902,-10771.0,151.0,-10922.0,48282,14.0,201.8875,1.0,,False
237,BAJAJFINSV,Mar 2018,32862,22074,10788.0,33.0,1,4531,160,6099,32.0,4176,17.0,1.0,12.707686689793682,32.82819061530034,317,80.0,20403,65695,75337,161514,1792,28,69428,90266,161514,13.0,Financials,Diversified Financials,2.12,Large Cap,-19580.0,-922,19590,-19580.0,-922.0,19590,-19580.0,-922.0,19590.0,20.387638529512277,10789.0,12.51943651511987,Financial Sector Benchmark,2.585534380920539,3.2072938534394377,2.3811520635621277,False,-3733,0.20346223856755452,-20502.0,922.0,-19580.0,65695,17.0,256.0375,1.0,,False
238,BAJAJFINSV,Mar 2019,42605,27569,15037.0,35.0,2,6657,226,8155,34.0,5374,20.0,1.0,12.61354301138364,35.29397957986152,318,80.0,23660,99754,84934,208428,2097,66,81679,124587,208428,13.0,Financials,Diversified Financials,2.12,Large Cap,-27076.0,-6903,34535,-27076.0,-6903.0,34535,-27076.0,-6903.0,34535.0,22.636899747262003,15039.0,12.177919575040082,Financial Sector Benchmark,2.5783483984877273,4.201937657961246,2.259125732311852,False,18075,0.20441111558907632,-33979.0,6903.0,-27076.0,99754,20.0,296.75,1.0,,False
239,BAJAJFINSV,Mar 2020,54351,36094,18258.0,34.0,0,9500,457,8302,28.0,5994,21.0,2.0,11.028315946348734,33.59275818292212,319,80.0,31222,127212,92791,251304,3216,45,91821,156223,251304,13.0,Financials,Diversified Financials,2.12,Large Cap,-23369.0,-9948,34479,-23369.0,-9948.0,34479,-23369.0,-9948.0,34479.0,19.148936170212767,18258.0,11.518225519512471,Financial Sector Benchmark,2.385159010600707,4.0640214682767875,1.9218947368421053,False,35391,0.21627590488014517,-33317.0,9948.0,-23369.0,127212,21.0,391.275,2.0,,False
240,BAJAJFINSV,Mar 2021,60592,40950,19641.0,32.0,-7,9274,498,9862,25.0,7367,28.0,1.0,12.158370742012146,32.415170319514125,320,80.0,35750,128461,115554,279845,3182,129,113654,162879,279845,13.0,Financials,Diversified Financials,2.12,Large Cap,4547.0,-3684,1687,4547.0,-3684.0,1687,4547.0,-3684.0,1687.0,20.56098241696902,19634.0,11.950745932522171,Financial Sector Benchmark,2.63252872125641,3.585291655037678,2.1171015742937245,False,14807,0.21651985920777572,863.0,3684.0,4547.0,128461,28.0,447.875,1.0,,False
241,BAJAJFINSV,Mar 2022,68406,46951,21455.0,31.0,8,9629,563,11271,26.0,8314,29.0,1.0,12.153904628248984,31.364207818027655,321,80.0,40167,161179,131987,333413,3586,113,119222,210493,333413,13.0,Financials,Diversified Financials,2.12,Large Cap,-33670.0,1445,32326,-33670.0,1445.0,32326,-33670.0,1445.0,32326.0,20.657440306109773,21463.0,10.655526098914738,Financial Sector Benchmark,2.4936040286371557,4.004745695331329,2.2289957420292867,False,41957,0.20516896461745643,-32225.0,1445.0,-33670.0,161179,29.0,503.0875,1.0,,False
242,BAJAJFINSV,Mar 2023,82072,52204,29868.0,36.0,1,12380,678,16811,27.0,12210,40.0,2.0,14.877181011794521,36.39243590993274,322,159.0,46248,212265,146729,405401,4336,191,136176,264698,405401,13.0,Financials,Diversified Financials,2.12,Large Cap,-39480.0,-13945,51016,-39480.0,-13945.0,51016,-39480.0,-13945.0,51016.0,26.310685887904846,29869.0,11.547055730809674,Financial Sector Benchmark,3.011832728582317,4.573986683043507,2.4126817447495963,False,76089,0.2024464665849369,-53425.0,13945.0,-39480.0,212265,40.0,291.8679245283019,2.0,,False
243,BAJAJFINSV,Mar 2024,110382,69497,40886.0,37.0,-4,18607,900,21375,27.0,15595,51.0,2.0,14.128209309488865,37.04045949520755,323,159.0,60169,288933,188154,537415,5455,220,168385,363355,537415,13.0,Financials,Diversified Financials,2.12,Large Cap,-68674.0,-10960,82709,-68674.0,-10960.0,82709,-68674.0,-10960.0,82709.0,25.850351412279537,40882.0,11.705286304511525,Financial Sector Benchmark,2.9018542467180857,4.789368120938867,2.197130112323319,False,120548,0.2053943414307379,-79634.0,10960.0,-68674.0,288933,51.0,379.42138364779873,2.0,,False
245,BAJAJHLDNG,Mar 2013,337,15,322.0,95.0,3,0,2,322,21.0,1856,167.0,15.0,550.7418397626113,95.54896142433235,325,111.0,10234,0,430,10775,532,0,9577,666,10775,14.0,Financials,Holding Companies,3.36,Large Cap,473.0,-369,-332,473.0,-369.0,-332,473.0,-369.0,-332.0,17.941034316094733,325.0,3.141614306428226,Financial Sector Benchmark,17.22505800464037,0.0,,False,-9577,0.03127610208816705,104.0,369.0,473.0,0,167.0,93.1981981981982,15.0,Debt Free,False
246,BAJAJHLDNG,Mar 2014,423,23,400.0,94.0,5,0,5,400,20.0,1988,179.0,17.0,469.97635933806146,94.56264775413712,326,111.0,11888,0,449,12448,532,0,11325,592,12448,14.0,Financials,Holding Companies,3.36,Large Cap,872.0,-519,-326,872.0,-519.0,-326,872.0,-519.0,-326.0,16.56804733727811,405.0,3.375281273439453,Financial Sector Benchmark,15.97043701799486,0.0,,False,-11325,0.03398136246786632,353.0,519.0,872.0,0,179.0,108.09909909909909,17.0,Debt Free,False
247,BAJAJHLDNG,Mar 2015,524,40,484.0,92.0,35,0,6,513,19.0,2029,182.0,19.0,387.2137404580153,92.36641221374046,327,111.0,13282,0,500,13893,544,0,13078,271,13893,14.0,Financials,Holding Companies,3.36,Large Cap,796.0,-464,-391,796.0,-464.0,-391,796.0,-464.0,-391.0,15.149705069812589,519.0,3.8751586649742404,Financial Sector Benchmark,14.604477074785862,0.0,,False,-13078,0.037716835816598286,332.0,464.0,796.0,0,182.0,120.65765765765765,19.0,Debt Free,False
248,BAJAJHLDNG,Mar 2016,470,42,429.0,91.0,7,0,5,430,21.0,2265,204.0,16.0,481.9148936170213,91.27659574468086,328,111.0,15182,0,178,15472,544,0,13276,1651,15472,14.0,Financials,Holding Companies,3.36,Large Cap,1147.0,1019,-761,1147.0,1019.0,-761,1147.0,1019.0,-761.0,14.810697704832275,436.0,2.8509775714379124,Financial Sector Benchmark,14.639348500517062,0.0,,False,-13276,0.030377456049638055,2166.0,1019.0,1147.0,0,204.0,137.77477477477478,16.0,Debt Free,False
249,BAJAJHLDNG,Mar 2017,842,215,628.0,75.0,8,0,5,630,21.0,2473,222.0,15.0,293.70546318289786,74.58432304038006,329,111.0,17707,0,71,17889,222,0,17364,302,17889,14.0,Financials,Holding Companies,3.36,Large Cap,-923.0,-372,-110,-923.0,-372.0,-110,-923.0,-372.0,-110.0,13.879223257380177,636.0,3.5694241777977322,Financial Sector Benchmark,13.824137738274917,0.0,,False,-17364,0.047068030633350105,-1295.0,372.0,-923.0,0,222.0,160.52252252252254,15.0,Debt Free,False
250,BAJAJHLDNG,Mar 2018,420,65,355.0,85.0,2390,0,5,2739,3.0,2655,239.0,17.0,632.1428571428571,84.52380952380952,330,111.0,25090,0,68,25269,215,0,24575,478,25269,14.0,Financials,Holding Companies,3.36,Large Cap,1631.0,-1123,-434,1631.0,-1123.0,-434,1631.0,-1123.0,-434.0,10.535296218404032,2745.0,10.892424903773659,Financial Sector Benchmark,10.506945268906566,0.0,,False,-24575,0.016621156357592308,508.0,1123.0,1631.0,0,239.0,227.03603603603602,17.0,Debt Free,False
251,BAJAJHLDNG,Mar 2019,431,85,347.0,80.0,2827,0,4,3170,4.0,3048,274.0,12.0,707.1925754060325,80.51044083526682,331,111.0,26841,0,56,27008,193,0,26257,558,27008,14.0,Financials,Holding Companies,3.36,Large Cap,628.0,-163,-536,628.0,-163.0,-536,628.0,-163.0,-536.0,11.308993766696348,3174.0,11.776491540516473,Financial Sector Benchmark,11.285545023696683,0.0,,False,-26257,0.0159582345971564,465.0,163.0,628.0,0,274.0,242.8108108108108,12.0,Debt Free,False
252,BAJAJHLDNG,Mar 2020,435,134,301.0,69.0,3058,13,33,3314,7.0,3080,269.0,15.0,708.0459770114943,69.19540229885057,332,111.0,27652,168,4797,32729,374,0,32068,287,32729,14.0,Financials,Holding Companies,3.36,Large Cap,1920.0,-800,-1028,1920.0,-800.0,-1028,1920.0,-800.0,-1028.0,11.093901955840508,3359.0,12.026064229708926,Financial Sector Benchmark,9.410614439793456,0.006051219248640277,258.38461538461536,False,-31900,0.013290965199058938,1120.0,800.0,1920.0,168,269.0,250.11711711711712,15.0,,False
253,BAJAJHLDNG,Mar 2021,457,106,352.0,77.0,3451,4,34,3766,3.0,3654,328.0,12.0,799.562363238512,77.02407002188184,333,111.0,37056,136,8186,45490,342,0,44914,234,45490,14.0,Financials,Holding Companies,3.36,Large Cap,272.0,-308,-37,272.0,-308.0,-37,272.0,-308.0,-37.0,9.831301961417386,3803.0,10.19489049138139,Financial Sector Benchmark,8.032534622994064,0.0036591600075335648,950.75,False,-44778,0.010046163992086172,-36.0,308.0,272.0,136,328.0,334.8378378378378,12.0,,False
254,BAJAJHLDNG,Mar 2022,484,117,367.0,76.0,3896,3,34,4226,2.0,4126,364.0,32.0,852.4793388429752,75.82644628099173,334,111.0,42731,114,10632,53588,310,0,52964,314,53588,14.0,Financials,Holding Companies,3.36,Large Cap,1610.0,-151,-1460,1610.0,-151.0,-1460,1610.0,-151.0,-1460.0,9.630736193455022,4263.0,9.924108389980445,Financial Sector Benchmark,7.69948495931925,0.0026609401988702676,1421.0,False,-52850,0.009031872807344929,1459.0,151.0,1610.0,114,364.0,385.963963963964,32.0,,False
255,BAJAJHLDNG,Mar 2023,522,142,380.0,73.0,4673,7,34,5012,1.0,4946,436.0,28.0,947.5095785440614,72.79693486590038,335,111.0,44071,93,8913,53188,278,0,52555,355,53188,14.0,Financials,Holding Companies,3.36,Large Cap,1728.0,-137,-1587,1728.0,-137.0,-1587,1728.0,-137.0,-1587.0,11.194604137431535,5053.0,11.412761151891587,Financial Sector Benchmark,9.299090020305332,0.0021049296093431716,721.8571428571429,False,-52462,0.009814243814394224,1591.0,137.0,1728.0,93,436.0,398.036036036036,28.0,,False
256,BAJAJHLDNG,Mar 2024,1702,140,1562.0,92.0,5967,2,34,7493,2.0,7365,653.0,20.0,432.7262044653349,91.7743830787309,336,111.0,54136,63,10851,65161,244,0,64715,203,65161,14.0,Financials,Holding Companies,3.36,Large Cap,1941.0,-472,-1455,1941.0,-472.0,-1455,1941.0,-472.0,-1455.0,13.576787656460265,7529.0,13.8630086540232,Financial Sector Benchmark,11.302773131167417,0.0011613545449517945,3764.5,False,-64652,0.026119918356071883,1469.0,472.0,1941.0,63,653.0,488.7117117117117,20.0,,False
258,BAJFINANCE,Mar 2015,5392,2274,1752.0,1367.0,25,26,36,1357,34.0,898,18.0,10.0,16.654302670623146,32.49258160237389,338,50.0,4750,26655,1325,32780,252,0,326,32201,32780,15.0,Financials,Consumer Finance,1.78,Large Cap,-7064.0,-360,6867,-7064.0,-360.0,6867,-7064.0,-360.0,6867.0,18.708333333333332,1777.0,5.649340327451916,Financial Sector Benchmark,2.7394752898108603,5.553125,68.34615384615384,False,26329,0.16449054301403296,-7424.0,360.0,-7064.0,26655,18.0,96.0,10.0,,False
259,BAJFINANCE,Mar 2016,7299,2959,2354.0,1986.0,27,35,56,1965,35.0,1279,24.0,10.0,17.522948349088914,32.25099328675161,339,54.0,7373,37025,2522,46973,290,0,1029,45654,46973,15.0,Financials,Consumer Finance,1.78,Large Cap,-9870.0,-687,11656,-9870.0,-687.0,11656,-9870.0,-687.0,11656.0,17.220950585700823,2381.0,5.356339422298209,Financial Sector Benchmark,2.7228407808741193,4.985189174633096,68.02857142857142,False,35996,0.1553871372916356,-10557.0,687.0,-9870.0,37025,24.0,137.53703703703704,10.0,,False
260,BAJFINANCE,Mar 2017,9970,3853,3250.0,2867.0,29,22,71,2817,35.0,1836,33.0,11.0,18.415245737211634,32.59779338014042,340,109.0,9491,49250,4881,63731,366,0,4070,59295,63731,15.0,Financials,Consumer Finance,1.78,Large Cap,-10439.0,-3047,12513,-10439.0,-3047.0,12513,-10439.0,-3047.0,12513.0,19.125,3279.0,5.57179269328802,Financial Sector Benchmark,2.8808586088402817,5.130208333333333,149.04545454545453,False,45180,0.15643878175456213,-13486.0,3047.0,-10439.0,49250,33.0,88.07339449541284,11.0,,False
261,BAJFINANCE,Mar 2018,12746,4696,4115.0,3935.0,31,10,102,3843,35.0,2496,43.0,9.0,19.58261415345991,32.28463831790366,341,115.0,15733,66557,2393,84798,470,0,3139,81189,84798,15.0,Financials,Consumer Finance,1.78,Large Cap,-20566.0,1075,19503,-20566.0,1075.0,19503,-20566.0,1075.0,19503.0,15.749621403331652,4146.0,5.031248103877192,Financial Sector Benchmark,2.9434656477747114,4.1997097425542655,414.6,False,63418,0.15031014882426472,-19491.0,1075.0,-20566.0,66557,43.0,137.80869565217392,9.0,,False
262,BAJFINANCE,Mar 2019,18487,6723,5454.0,6310.0,34,13,144,6179,35.0,3995,69.0,9.0,21.609779845296696,29.501812084167252,342,115.0,19582,101588,2948,124233,695,0,8599,114939,124233,15.0,Financials,Consumer Finance,1.78,Large Cap,-29062.0,-5379,34449,-29062.0,-5379.0,34449,-29062.0,-5379.0,34449.0,20.2822764888054,5488.0,4.524879416250979,Financial Sector Benchmark,3.215731729894634,5.1575366807127985,422.15384615384613,False,92989,0.1488090925921454,-34441.0,5379.0,-29062.0,101588,69.0,171.27826086956523,9.0,,False
263,BAJFINANCE,Mar 2020,26374,9608,9159.0,7608.0,29,9,295,7322,28.0,5264,87.0,11.0,19.959050580116784,34.72738302874043,343,120.0,32208,129806,2257,164391,1321,0,17544,145526,164391,15.0,Financials,Consumer Finance,1.78,Large Cap,-24412.0,-8758,34167,-24412.0,-8758.0,34167,-24412.0,-8758.0,34167.0,16.283098243009157,9188.0,5.66691748800375,Financial Sector Benchmark,3.2021217706565444,4.015280871071517,1020.8888888888889,False,112262,0.1604345736688748,-33170.0,8758.0,-24412.0,129806,87.0,269.4,11.0,,False
264,BAJFINANCE,Mar 2021,26673,9519,10839.0,6314.0,24,3,325,5992,26.0,4420,73.0,14.0,16.5710643722116,40.63659880778315,344,120.0,36798,131634,2918,171470,1316,51,18397,151707,171470,15.0,Financials,Consumer Finance,1.78,Large Cap,-807.0,-429,1741,-807.0,-429.0,1741,-807.0,-429.0,1741.0,11.972479549271359,10863.0,6.444895343870141,Financial Sector Benchmark,2.577710386656558,3.5655777669429547,3621.0,False,113237,0.15555490756400536,-1236.0,429.0,-807.0,131634,73.0,307.65,14.0,,False
265,BAJFINANCE,Mar 2022,31641,9855,11880.0,9906.0,31,-17,385,9504,26.0,7028,116.0,17.0,22.211687367655887,37.546221674409786,345,121.0,43592,165232,3562,212506,1716,34,12246,198510,212506,15.0,Financials,Consumer Finance,1.78,Large Cap,-37090.0,6347,32275,-37090.0,6347.0,32275,-37090.0,6347.0,32275.0,16.07759705350811,11911.0,5.700543205149681,Financial Sector Benchmark,3.3072007378615194,3.779928167821929,-700.6470588235294,True,152986,0.14889461944603918,-30743.0,6347.0,-37090.0,165232,116.0,361.26446280991735,17.0,,False
266,BAJFINANCE,Mar 2023,41411,12701,12693.0,16018.0,39,-5,485,15528,26.0,11508,190.0,16.0,27.7897177078554,30.65127623095313,346,121.0,54251,216690,4164,275226,2308,80,22752,250087,275226,15.0,Financials,Consumer Finance,1.78,Large Cap,-42112.0,-10394,50675,-42112.0,-10394.0,50675,-42112.0,-10394.0,50675.0,21.16530567203708,12732.0,4.697080372756048,Financial Sector Benchmark,4.181291011750343,3.985323328183624,-2546.4,True,193938,0.15046180230065473,-52506.0,10394.0,-42112.0,216690,190.0,449.35537190082647,16.0,,False
267,BAJFINANCE,Mar 2024,54972,18886,16099.0,19987.0,36,6,683,19310,25.0,14451,233.0,15.0,26.287928399912687,29.285818234737686,347,124.0,76572,293346,5700,375742,3250,43,30881,341568,375742,15.0,Financials,Consumer Finance,1.78,Large Cap,-72760.0,-7171,82415,-72760.0,-7171.0,82415,-72760.0,-7171.0,82415.0,18.841921351830603,16135.0,4.360315856037963,Financial Sector Benchmark,3.845990067652804,3.824788776468134,2689.1666666666665,False,262465,0.14630251608816688,-79931.0,7171.0,-72760.0,293346,233.0,618.516129032258,15.0,,False
269,BANKBARODA,Mar 2013,36442,24486,10950.0,1006.0,3,4511,322,5195,9.0,4829,23.0,19.0,13.251193677624718,30.047747104988748,349,423.0,32859,509192,16914,559387,2550,0,125617,431220,559387,16.0,Financials,Public Sector Banks,1.27,Large Cap,23196.0,-514,-790,23196.0,-514.0,-790,23196.0,-514.0,-790.0,14.509344390361157,10953.0,2.019082942223959,Financial Sector Benchmark,0.8632663969666795,15.299320954269575,2.4280647306583907,False,383575,0.06514631194503984,22682.0,514.0,23196.0,509192,23.0,78.68085106382979,19.0,,False
270,BANKBARODA,Mar 2014,40463,27604,12049.0,809.0,2,5555,368,5996,18.0,5036,23.0,19.0,12.4459382645874,29.777821713664338,350,431.0,37416,616973,21284,676104,2849,0,122113,551142,676104,16.0,Financials,Public Sector Banks,1.27,Large Cap,42233.0,-730,5151,42233.0,-730.0,5151,42233.0,-730.0,5151.0,13.306206568552328,12051.0,1.840353074127241,Financial Sector Benchmark,0.744855820997953,16.301767643406347,2.169396939693969,False,494860,0.059847301598570636,41503.0,730.0,42233.0,616973,23.0,87.81206496519721,19.0,,False
271,BANKBARODA,Mar 2015,44915,30547,13466.0,902.0,2,5449,368,5983,36.0,3950,18.0,18.0,8.794389402204164,29.981075364577535,351,444.0,41574,665483,26465,733966,2978,0,124739,606248,733966,16.0,Financials,Public Sector Banks,1.27,Large Cap,17838.0,-556,-6,17838.0,-556.0,-6,17838.0,-556.0,-6.0,9.400733019182256,13468.0,1.9036015496797885,Financial Sector Benchmark,0.5381720679159525,15.838045599504975,2.4716461736098365,False,540744,0.06119493273530382,17282.0,556.0,17838.0,665483,18.0,94.63513513513513,18.0,,False
272,BANKBARODA,Mar 2016,45799,32107,25391.0,-11700.0,-26,5992,525,-6233,-19.0,-5033,-22.0,0.0,-10.98932291098059,55.440075110810284,352,462.0,42041,620536,28134,691173,6359,0,128894,555920,691173,16.0,Financials,Public Sector Banks,1.27,Large Cap,-10011.0,-4005,-616,-10011.0,-4005.0,-616,-10011.0,-4005.0,-616.0,-11.841517069383338,25365.0,3.825566821861157,Financial Sector Benchmark,-0.7281823798093965,14.599816483542337,4.233144192256342,False,491642,0.06626271570214692,-14016.0,4005.0,-10011.0,620536,-22.0,91.9978354978355,0.0,,False
273,BANKBARODA,Mar 2017,44473,29596,19250.0,-4372.0,-10,7937,540,3024,41.0,1855,8.0,15.0,4.171070087468801,43.28468958694039,353,462.0,42605,648499,27649,719216,5930,0,140716,572570,719216,16.0,Financials,Public Sector Banks,1.27,Large Cap,17865.0,-551,-198,17865.0,-551.0,-198,17865.0,-551.0,-198.0,4.307242204007709,19240.0,2.782091658641402,Financial Sector Benchmark,0.25791973482236213,15.057909768500243,2.4240897064382008,False,507783,0.06183538742185936,17314.0,551.0,17865.0,648499,8.0,93.21861471861472,15.0,,False
274,BANKBARODA,Mar 2018,46056,29160,26093.0,-9197.0,-20,7992,901,-2106,-9.0,-1836,-7.0,0.0,-3.986451276706618,56.654941809970474,354,530.0,46036,672311,28919,747796,5532,0,175137,567126,747796,16.0,Financials,Public Sector Banks,1.27,Large Cap,-59692.0,-414,3413,-59692.0,-414.0,3413,-59692.0,-414.0,3413.0,-3.9427908774642444,26073.0,3.6269069673949788,Financial Sector Benchmark,-0.24552150586523597,14.437808701627796,3.2623873873873874,False,497174,0.061588989510508216,-60106.0,414.0,-59692.0,672311,-7.0,87.86037735849057,0.0,,False
275,BANKBARODA,Mar 2019,52906,32506,25815.0,-5414.0,-10,7887,948,1525,29.0,1166,4.0,0.0,2.203908819415567,48.79408762711223,355,530.0,54466,734456,30217,819670,7368,0,195716,616586,819670,16.0,Financials,Public Sector Banks,1.27,Large Cap,-1449.0,-2537,4449,-1449.0,-2537.0,4449,-1449.0,-2537.0,4449.0,2.1201541930322207,25805.0,3.268723114261538,Financial Sector Benchmark,0.14225236985616163,13.354716706669576,3.271839736274883,False,538740,0.06454548781826833,-3986.0,2537.0,-1449.0,734456,4.0,103.76603773584905,0.0,,False
276,BANKBARODA,Mar 2020,78895,50040,40583.0,-11728.0,-15,12191,1697,-1234,-99.0,981,2.0,0.0,1.2434248051207302,51.439254705621394,356,925.0,75179,1068981,54850,1199935,9268,0,289727,900941,1199935,16.0,Financials,Public Sector Banks,1.27,Large Cap,18531.0,-139,14729,18531.0,-139.0,14729,18531.0,-139.0,14729.0,1.2890255439924314,40568.0,3.542793766401621,Financial Sector Benchmark,0.08175442836486976,14.046318196152633,3.327700762857846,False,779254,0.06574939475888278,18392.0,139.0,18531.0,1068981,2.0,82.27459459459459,0.0,,False
277,BANKBARODA,Mar 2021,74314,43201,38070.0,-6957.0,-9,14687,1357,6373,77.0,1620,3.0,0.0,2.1799391770056786,51.22857065963344,357,1036.0,81354,1067173,53104,1202667,8441,0,281859,912367,1202667,16.0,Financials,Public Sector Banks,1.27,Large Cap,-887.0,-471,-986,-887.0,-471.0,-986,-887.0,-471.0,-986.0,1.9662580410243962,38061.0,3.3109103198345804,Financial Sector Benchmark,0.13470062785459316,12.95270057045758,2.591475454483557,False,785314,0.061791002829544674,-1358.0,471.0,-887.0,1067173,3.0,79.52702702702703,0.0,,False
278,BANKBARODA,Mar 2022,73385,38815,37518.0,-2948.0,-4,14395,1438,10008,23.0,7933,15.0,19.0,10.810111058118144,51.12488928255093,358,1036.0,90833,1185331,62922,1340121,11098,1,347587,981435,1340121,16.0,Financials,Public Sector Banks,1.27,Large Cap,6210.0,-3645,-998,6210.0,-3645.0,-998,6210.0,-3645.0,-998.0,8.635121749447583,37514.0,2.9372063889758846,Financial Sector Benchmark,0.5919614721357251,12.902404510770772,2.6060437651962487,False,837744,0.05475998062861488,2565.0,3645.0,6210.0,1185331,15.0,88.67664092664093,19.0,,False
279,BANKBARODA,Mar 2023,94503,49942,38231.0,6329.0,7,16275,2040,20565,29.0,15005,29.0,19.0,15.877802821074463,40.45480037670762,359,1036.0,104019,1342592,78224,1525871,9865,3,397487,1118516,1525871,16.0,Financials,Public Sector Banks,1.27,Large Cap,-21354.0,-1096,-5405,-21354.0,-1096.0,-5405,-21354.0,-1096.0,-5405.0,14.282994621864736,38238.0,2.641389786322218,Financial Sector Benchmark,0.9833727752870327,12.77989624482414,2.3494930875576037,False,945105,0.06193380698630487,-22450.0,1096.0,-21354.0,1342592,29.0,101.40444015444015,19.0,,False
280,BANKBARODA,Mar 2024,118379,69899,44379.0,4102.0,3,23399,1702,25799,29.0,18869,36.0,21.0,15.93948250956673,37.4889127294537,360,1036.0,118677,1453761,81302,1654775,9054,6,407136,1238579,1654775,16.0,Financials,Public Sector Banks,1.27,Large Cap,-6274.0,-1285,5476,-6274.0,-1285.0,5476,-6274.0,-1285.0,5476.0,15.761863790899902,44382.0,2.820637646379921,Financial Sector Benchmark,1.1402758683204666,12.143718727289434,1.8967477242617206,False,1046625,0.07153782236255685,-7559.0,1285.0,-6274.0,1453761,36.0,115.5530888030888,21.0,,False
360,CANBK,Mar 2013,34070,26198,7217.0,655.0,2,3308,191,3771,22.0,2995,12.0,19.0,8.790724977986498,21.182858820076316,439,443.0,24733,376040,18108,419324,2883,1,127534,288907,419324,23.0,Financials,Public Sector Banks,2.96,Large Cap,8010.0,-435,-1043,8010.0,-435.0,-1043,8010.0,-435.0,-1043.0,11.896250397203687,7219.0,1.7992801882277876,Financial Sector Benchmark,0.7142448321584265,14.936447410231967,2.1822853688029022,False,248506,0.08124982114069311,7575.0,435.0,8010.0,376040,12.0,56.830699774266364,19.0,,False
361,CANBK,Mar 2014,39570,30606,9636.0,-672.0,-2,4144,230,3242,20.0,2672,10.0,19.0,6.7525903462218855,24.351781652767247,440,461.0,29715,447913,23000,501090,6661,1,135445,358982,501090,23.0,Financials,Public Sector Banks,2.96,Large Cap,14244.0,-380,-3771,14244.0,-380.0,-3771,14244.0,-380.0,-3771.0,8.854718981972429,9634.0,2.01510597399229,Financial Sector Benchmark,0.5332375421580954,14.843352332979851,2.3248069498069497,False,312468,0.07896785008681076,13864.0,380.0,14244.0,447913,10.0,65.45770065075922,19.0,,False
362,CANBK,Mar 2015,43813,34133,10302.0,-621.0,-1,4733,429,3683,22.0,2931,11.0,17.0,6.689795266245178,23.513569032022456,441,475.0,32017,499488,26578,558558,6969,1,152122,399466,558558,23.0,Financials,Public Sector Banks,2.96,Large Cap,6344.0,-1104,-1464,6344.0,-1104.0,-1464,6344.0,-1104.0,-1464.0,9.020682014034225,10301.0,1.936350990638746,Financial Sector Benchmark,0.52474407313117,15.37264557429521,2.1764208747094864,False,347366,0.07843948166528812,5240.0,1104.0,6344.0,499488,11.0,68.4042105263158,17.0,,False
363,CANBK,Mar 2016,44039,34263,17785.0,-8008.0,-18,5266,172,-2914,-13.0,-2535,-9.0,0.0,-5.756261495492632,40.38465905220373,442,543.0,31867,506712,24603,563725,7206,0,152470,404049,563725,23.0,Financials,Public Sector Banks,2.96,Large Cap,9346.0,-443,-806,9346.0,-443.0,-806,9346.0,-443.0,-806.0,-7.821659981487196,17767.0,3.295543494793386,Financial Sector Benchmark,-0.44968734755421524,15.634433816723234,3.3739080896315987,False,354242,0.07812142445341257,8903.0,443.0,9346.0,506712,-9.0,59.68692449355433,0.0,,False
364,CANBK,Mar 2017,41457,31540,15691.0,-5775.0,-14,7852,331,1746,29.0,1411,5.0,4.0,3.403526545577345,37.84885544057698,443,597.0,34088,534858,26615,596159,7185,0,162073,426901,596159,23.0,Financials,Public Sector Banks,2.96,Large Cap,2575.0,-476,124,2575.0,-476.0,124,2575.0,-476.0,124.0,4.06804093988756,15677.0,2.7525577524436255,Financial Sector Benchmark,0.23668182481519193,15.420441112873,1.9965613856342332,False,372785,0.06954017300753658,2099.0,476.0,2575.0,534858,5.0,58.098827470686764,4.0,,False
365,CANBK,Mar 2018,41345,29113,25582.0,-13350.0,-32,7398,456,-6408,-36.0,-3873,-11.0,0.0,-9.367517233039061,61.874470915467406,444,733.0,36164,563756,30781,631435,8335,0,157444,465657,631435,23.0,Financials,Public Sector Banks,2.96,Large Cap,-11120.0,-487,2865,-11120.0,-487.0,2865,-11120.0,-487.0,2865.0,-10.496788356776973,25550.0,4.253703885604501,Financial Sector Benchmark,-0.6133647960597687,15.279182589370409,3.4536361178696944,False,406312,0.06547784015773594,-11607.0,487.0,-11120.0,563756,-11.0,50.336971350613915,0.0,,False
366,CANBK,Mar 2019,47951,32339,27202.0,-11590.0,-24,9907,429,-2111,-99.0,696,2.0,0.0,1.4514817209234425,56.72874392609122,445,753.0,36936,640166,33928,711783,8433,0,168678,534672,711783,23.0,Financials,Public Sector Banks,2.96,Large Cap,18237.0,-745,-1185,18237.0,-745.0,-1185,18237.0,-745.0,-1185.0,1.8466926689484995,27178.0,4.0094120423984485,Financial Sector Benchmark,0.09778261071141064,16.98548648146674,2.7433128091248613,False,471488,0.06736744204343177,17492.0,745.0,18237.0,640166,2.0,50.05179282868526,0.0,,False
367,CANBK,Mar 2020,49759,35817,26809.0,-12867.0,-26,11799,446,-1514,34.0,-1921,-4.0,0.0,-3.8606081311923472,53.87769046805603,446,1030.0,40176,668170,32064,741440,8323,0,192645,540472,741440,23.0,Financials,Public Sector Banks,2.96,Large Cap,-5289.0,-445,7792,-5289.0,-445.0,7792,-5289.0,-445.0,7792.0,-4.661942435567636,26783.0,3.7755717701190905,Financial Sector Benchmark,-0.2590904186447993,16.215356986846576,2.2699381303500297,False,475525,0.0671112969356927,-5734.0,445.0,-5289.0,668170,-4.0,40.005825242718444,0.0,,False
368,CANBK,Mar 2021,70253,45182,43437.0,-18367.0,-26,23086,838,3882,30.0,2957,4.0,0.0,4.2090729221527905,61.82938806883692,447,1647.0,60763,1060998,56132,1179540,11269,2,286191,882077,1179540,23.0,Financials,Public Sector Banks,2.96,Large Cap,59118.0,-1116,290,59118.0,-1116.0,290,59118.0,-1116.0,290.0,4.73802275276398,43411.0,3.8642238616780364,Financial Sector Benchmark,0.25069094731844616,17.000448646050312,1.8804037078749025,False,774807,0.05955965885006019,58002.0,1116.0,59118.0,1060998,4.0,37.893139040680026,0.0,,False
369,CANBK,Mar 2022,70614,43035,41235.0,-13657.0,-19,23643,841,9145,37.0,6158,7.0,19.0,8.720650295975302,58.39493584841533,448,1814.0,68147,1132626,56202,1258789,11447,2,311347,935992,1258789,23.0,Financials,Public Sector Banks,2.96,Large Cap,919.0,-1429,4035,919.0,-1429.0,4035,919.0,-1429.0,4035.0,8.802046854676176,41216.0,3.4272780264546348,Financial Sector Benchmark,0.4892003346073091,16.18939123225797,1.7432643911517152,False,821279,0.056096772374083344,-510.0,1429.0,919.0,1132626,7.0,38.567254685777286,19.0,,False
370,CANBK,Mar 2023,85885,52990,42772.0,-9877.0,-12,25325,1021,14427,25.0,11345,12.0,19.0,13.209524363975083,49.80147872154625,449,1814.0,76240,1237160,65816,1381030,10334,0,352893,1017803,1381030,23.0,Financials,Public Sector Banks,2.96,Large Cap,-39978.0,-1156,445,-39978.0,-1156.0,445,-39978.0,-1156.0,445.0,14.534809234632434,42760.0,3.2511819369319364,Financial Sector Benchmark,0.821488309450193,15.850052527737208,1.6884501480750247,False,884267,0.06218909075110606,-41134.0,1156.0,-39978.0,1237160,12.0,43.02866593164278,19.0,,False
371,CANBK,Mar 2024,110519,72118,46146.0,-7745.0,-7,28646,902,20000,26.0,15401,17.0,19.0,13.935160470145405,41.753906568101414,450,1814.0,90319,1369780,73104,1535018,12331,0,399207,1123480,1535018,23.0,Financials,Public Sector Banks,2.96,Large Cap,15046.0,-1750,-3834,15046.0,-1750.0,-3834,15046.0,-1750.0,-3834.0,16.716051794688113,46139.0,3.1560701628619485,Financial Sector Benchmark,1.0033107103630055,14.867419925542423,1.6106611743349857,False,970573,0.0719985042520674,13296.0,1750.0,15046.0,1369780,17.0,50.78996692392503,19.0,,False
373,CHOLAFIN,Mar 2013,2570,1410,688.0,472.0,18,1,22,452,32.0,308,4.0,16.0,11.98443579766537,26.770428015564203,451,143.0,1809,15269,1007,18228,73,0,172,17984,18228,24.0,Financials,Consumer Finance,3.94,Large Cap,-3754.0,5,4067,-3754.0,5.0,4067,-3754.0,5.0,4067.0,15.778688524590164,706.0,4.099645781313513,Financial Sector Benchmark,1.6897081413210446,7.822233606557377,706.0,False,15097,0.14099188062321702,-3749.0,5.0,-3754.0,15269,4.0,13.65034965034965,16.0,,False
374,CHOLAFIN,Mar 2014,3279,1769,932.0,578.0,18,1,25,554,34.0,368,5.0,14.0,11.222933821286977,28.42329978652028,452,143.0,2144,18075,1182,21544,74,0,39,21431,21544,24.0,Financials,Consumer Finance,3.94,Large Cap,-2447.0,-83,2749,-2447.0,-83.0,2749,-2447.0,-83.0,2749.0,16.09094884127678,950.0,4.6655534819762305,Financial Sector Benchmark,1.708132194578537,7.903366856143419,950.0,False,18036,0.1522001485332343,-2530.0,83.0,-2447.0,18075,5.0,15.993006993006993,14.0,,False
375,CHOLAFIN,Mar 2015,3715,1958,1061.0,696.0,19,0,30,666,33.0,444,6.0,11.0,11.951547779273216,28.559892328398384,453,144.0,2531,19950,1243,23868,69,0,25,23775,23868,24.0,Financials,Consumer Finance,3.94,Large Cap,-2264.0,-40,1819,-2264.0,-40.0,1819,-2264.0,-40.0,1819.0,16.598130841121495,1080.0,4.773480662983425,Financial Sector Benchmark,1.860231271995978,7.457943925233645,,False,19925,0.15564772917714095,-2304.0,40.0,-2264.0,19950,6.0,18.57638888888889,11.0,Debt Free,False
376,CHOLAFIN,Mar 2016,4214,2048,1266.0,899.0,21,2,22,879,35.0,575,7.0,12.0,13.64499288087328,30.042714760322735,454,156.0,3514,22546,1673,27889,120,0,16,27753,27889,24.0,Financials,Consumer Finance,3.94,Large Cap,-2809.0,-137,3031,-2809.0,-137.0,3031,-2809.0,-137.0,3031.0,15.66757493188011,1287.0,4.909215746109246,Financial Sector Benchmark,2.0617447739252035,6.143324250681199,643.5,False,22530,0.15109899960557927,-2946.0,137.0,-2809.0,22546,7.0,23.525641025641026,12.0,,False
377,CHOLAFIN,Mar 2017,4694,2228,1322.0,1143.0,24,3,39,1107,35.0,718,9.0,12.0,15.296122709842352,28.163613123135917,455,156.0,4142,24071,2230,30598,150,0,182,30266,30598,24.0,Financials,Consumer Finance,3.94,Large Cap,-1468.0,-222,1692,-1468.0,-222.0,1692,-1468.0,-222.0,1692.0,16.70544439274081,1346.0,4.744615601536889,Financial Sector Benchmark,2.3465585986012156,5.600511865984179,448.6666666666667,False,23889,0.15340871952415192,-1690.0,222.0,-1468.0,24071,9.0,27.55128205128205,12.0,,False
378,CHOLAFIN,Mar 2018,5559,2657,1451.0,1451.0,26,0,51,1401,34.0,918,12.0,11.0,16.51376146788991,26.101816873538407,456,156.0,4969,38330,711,44167,170,4,23,43970,44167,24.0,Financials,Consumer Finance,3.94,Large Cap,-7926.0,-60,8009,-7926.0,-60.0,8009,-7926.0,-60.0,8009.0,17.912195121951218,1477.0,3.398918421355425,Financial Sector Benchmark,2.078474879434872,7.479024390243903,,False,38307,0.12586320103244503,-7986.0,60.0,-7926.0,38330,12.0,32.8525641025641,11.0,Debt Free,False
379,CHOLAFIN,Mar 2019,7108,3588,1632.0,1888.0,27,1,57,1832,35.0,1197,15.0,8.0,16.840180078784467,22.960045019696118,457,156.0,6052,50567,715,57490,167,14,42,57267,57490,24.0,Financials,Consumer Finance,3.94,Large Cap,-9317.0,-11,12191,-9317.0,-11.0,12191,-9317.0,-11.0,12191.0,19.281572164948454,1659.0,2.9220607661822986,Financial Sector Benchmark,2.0821012349973906,8.145457474226804,1659.0,False,50525,0.12363889372064707,-9328.0,11.0,-9317.0,50567,15.0,39.794871794871796,8.0,,False
380,CHOLAFIN,Mar 2020,8712,4592,2421.0,1699.0,20,0,111,1588,34.0,1054,13.0,13.0,12.098255280073463,27.789256198347108,458,164.0,8036,55005,853,64058,283,11,33,63732,64058,24.0,Financials,Consumer Finance,3.94,Large Cap,-2075.0,-54,2452,-2075.0,-54.0,2452,-2075.0,-54.0,2452.0,12.853658536585366,2441.0,3.8620362313108143,Financial Sector Benchmark,1.6453838708670268,6.707926829268293,,False,54972,0.13600174841549845,-2129.0,54.0,-2075.0,55005,13.0,50.0,13.0,Debt Free,False
381,CHOLAFIN,Mar 2021,9583,4576,2913.0,2094.0,22,56,102,2048,26.0,1521,19.0,11.0,15.871856412396953,30.397579046227698,459,164.0,9436,63730,1314,74644,228,10,1583,72823,74644,24.0,Financials,Consumer Finance,3.94,Large Cap,-8848.0,-1746,8707,-8848.0,-1746.0,8707,-8848.0,-1746.0,8707.0,15.84375,2935.0,4.002454657029865,Financial Sector Benchmark,2.0376721504742514,6.638541666666667,52.410714285714285,False,62147,0.12838272332672418,-10594.0,1746.0,-8848.0,63730,19.0,58.53658536585366,11.0,,False
382,CHOLAFIN,Mar 2022,10148,4298,2926.0,2924.0,29,84,101,2908,26.0,2154,26.0,8.0,21.225857311785575,28.83326763894363,460,164.0,11605,69174,1536,82478,259,37,2055,80127,82478,24.0,Financials,Consumer Finance,3.94,Large Cap,-5571.0,1640,5150,-5571.0,1640.0,5150,-5571.0,1640.0,5150.0,18.302319653326535,2955.0,3.6507171713427966,Financial Sector Benchmark,2.6116055190475036,5.87764465969921,35.17857142857143,False,67119,0.12303887097165304,-3931.0,1640.0,-5571.0,69174,26.0,71.76219512195122,8.0,,False
383,CHOLAFIN,Mar 2023,12884,5748,3621.0,3515.0,27,220,121,3615,26.0,2665,32.0,6.0,20.684570009313877,28.104625892579943,461,164.0,14182,97358,1923,113627,403,60,3562,109602,113627,24.0,Financials,Consumer Finance,3.94,Large Cap,-27105.0,-2148,27466,-27105.0,-2148.0,27466,-27105.0,-2148.0,27466.0,18.576606719643106,3648.0,3.265773830838645,Financial Sector Benchmark,2.3453932604046575,6.786421302105117,16.581818181818182,False,93796,0.113388543215961,-29253.0,2148.0,-27105.0,97358,32.0,87.47560975609755,6.0,,False
384,CHOLAFIN,Mar 2024,19163,9231,5385.0,4548.0,24,255,198,4605,26.0,3420,41.0,5.0,17.846892448990243,28.10102802275218,462,168.0,19425,134475,2618,156686,1563,13,4036,151075,156686,24.0,Financials,Consumer Finance,3.94,Large Cap,-35683.0,-2855,38471,-35683.0,-2855.0,38471,-35683.0,-2855.0,38471.0,17.455213596692694,5409.0,3.5107874445050236,Financial Sector Benchmark,2.1827093677801463,6.863420609401317,21.211764705882352,False,130439,0.12230192869816066,-38538.0,2855.0,-35683.0,134475,41.0,116.625,5.0,,False
568,HDFCBANK,Mar 2013,35861,19695,12631.0,3534.0,10,7133,663,10004,31.0,6903,14.0,19.0,19.249323777920306,35.22210758205293,656,476.0,36167,335588,35492,407723,2773,0,110960,293989,407723,39.0,Financials,Private Banks,1.06,Large Cap,-5847.0,-902,13105,-5847.0,-902.0,13105,-5847.0,-902.0,13105.0,18.838523046693776,12641.0,3.3960094672394296,Financial Sector Benchmark,1.6930612204854767,9.158311273640258,1.7721856161502874,False,224628,0.08795432192934909,-6749.0,902.0,-5847.0,335588,14.0,76.98109243697479,19.0,,False
569,HDFCBANK,Mar 2014,42555,23445,13508.0,5602.0,13,8298,689,13211,34.0,8768,18.0,19.0,20.60392433321584,31.742450945834804,657,480.0,43687,416677,42776,503620,3026,0,119571,381023,503620,39.0,Financials,Private Banks,1.06,Large Cap,4211.0,-1099,9270,4211.0,-1099.0,9270,4211.0,-1099.0,9270.0,19.851925645844183,13521.0,2.933964638793171,Financial Sector Benchmark,1.7409951947897222,9.434125025471506,1.6294287780187997,False,297106,0.08449823279456734,3112.0,1099.0,4211.0,416677,18.0,92.01458333333333,19.0,,False
570,HDFCBANK,Mar 2015,50666,27288,16164.0,7214.0,14,9546,680,16079,33.0,10703,21.0,19.0,21.12462006079027,31.903051355938892,658,501.0,62653,509762,34181,607097,3225,0,149454,454417,607097,39.0,Financials,Private Banks,1.06,Large Cap,-21281.0,-800,18694,-21281.0,-800.0,18694,-21281.0,-800.0,18694.0,16.947461760141874,16178.0,2.823799649512319,Financial Sector Benchmark,1.7629802156821726,8.071729423314437,1.6947412528807877,False,360308,0.08345618574955897,-22081.0,800.0,-21281.0,509762,21.0,126.0558882235529,19.0,,False
571,HDFCBANK,Mar 2016,63162,34070,20055.0,9037.0,14,11212,738,19511,34.0,12821,25.0,19.0,20.298597257844907,31.751686140400874,659,506.0,73798,649587,38321,762212,3667,0,193634,564912,762212,39.0,Financials,Private Banks,1.06,Large Cap,-34435.0,-837,37815,-34435.0,-837.0,37815,-34435.0,-837.0,37815.0,17.25479112833764,20069.0,2.7723787144749696,Financial Sector Benchmark,1.6820779520658296,8.742288436692506,1.7899571887263646,False,455953,0.08286670899959592,-35272.0,837.0,-34435.0,649587,25.0,146.84584980237153,19.0,,False
572,HDFCBANK,Mar 2017,73271,38042,23856.0,11374.0,16,12905,886,23393,35.0,15317,30.0,18.0,20.904587080836894,32.558583887213224,660,513.0,91281,741550,59000,892344,4000,0,210777,677567,892344,39.0,Financials,Private Banks,1.06,Large Cap,17282.0,-1146,-5893,17282.0,-1146.0,-5893,17282.0,-1146.0,-5893.0,16.686275791446064,23872.0,2.8646033330773366,Financial Sector Benchmark,1.7164905014209766,8.078414711201168,1.849825648973266,False,530773,0.08211071066763491,16136.0,1146.0,17282.0,741550,30.0,178.93567251461988,18.0,,False
573,HDFCBANK,Mar 2018,85288,42381,29532.0,13374.0,16,16057,967,28464,35.0,18561,36.0,18.0,21.76273332708001,34.62620767282619,661,519.0,109080,944817,48770,1103186,4008,0,238461,860717,1103186,39.0,Financials,Private Banks,1.06,Large Cap,17214.0,-842,57378,17214.0,-842.0,57378,17214.0,-842.0,57378.0,16.935373497933377,29548.0,2.8023095248934005,Financial Sector Benchmark,1.6824905319683174,8.620671721457313,1.840194307778539,False,706356,0.07731062576936255,16372.0,842.0,17214.0,944817,36.0,211.17341040462426,18.0,,False
574,HDFCBANK,Mar 2019,105161,53713,34856.0,16592.0,16,18947,1221,34318,35.0,22446,41.0,18.0,21.34441475451926,33.145367579235646,662,545.0,153128,1080235,58898,1292806,4369,0,289446,998991,1292806,39.0,Financials,Private Banks,1.06,Large Cap,-62872.0,-1503,23131,-62872.0,-1503.0,23131,-62872.0,-1503.0,23131.0,14.60633943503413,34872.0,2.8261426297584586,Financial Sector Benchmark,1.7362233776761555,7.02943913374503,1.8405024542143875,False,790789,0.0813432177759076,-64375.0,1503.0,-62872.0,1080235,41.0,281.96880733944954,18.0,,False
575,HDFCBANK,Mar 2020,122189,62137,45459.0,14593.0,12,24879,1277,38195,29.0,27296,50.0,5.0,22.339163099788035,37.203839952859916,663,548.0,175810,1333041,71430,1580830,4776,0,389305,1186750,1580830,39.0,Financials,Private Banks,1.06,Large Cap,-16869.0,-1403,24394,-16869.0,-1403.0,24394,-16869.0,-1403.0,24394.0,15.477608047267491,45471.0,3.0125235275762074,Financial Sector Benchmark,1.726687879152091,7.558721464294219,1.8276860002411672,False,943736,0.07729420620813117,-18272.0,1403.0,-16869.0,1333041,50.0,321.8211678832117,5.0,,False
576,HDFCBANK,Mar 2021,128552,59248,52457.0,16848.0,13,27333,1385,42796,26.0,31857,58.0,11.0,24.78141141328023,40.80605513722074,664,551.0,209259,1511418,78279,1799507,5248,0,438823,1355435,1799507,39.0,Financials,Private Banks,1.06,Large Cap,42476.0,-1823,-7321,42476.0,-1823.0,-7321,42476.0,-1823.0,-7321.0,15.183737667413375,52470.0,3.048404975982264,Financial Sector Benchmark,1.7703182038191572,7.20374624660407,1.9196575567994731,False,1072595,0.0714373436724614,40653.0,1823.0,42476.0,1511418,58.0,380.78039927404717,11.0,,False
577,HDFCBANK,Mar 2022,135936,58584,56557.0,20795.0,15,31759,1681,50873,25.0,38151,69.0,23.0,28.06541313559322,41.60560852165725,665,555.0,246772,1784970,90639,2122934,6432,0,449264,1667238,2122934,39.0,Financials,Private Banks,1.06,Large Cap,-11960.0,-2051,48124,-11960.0,-2051.0,48124,-11960.0,-2051.0,48124.0,15.425327602728373,56572.0,2.783648256135791,Financial Sector Benchmark,1.7970883692097823,7.217044641304831,1.7812903428949274,False,1335706,0.06403213665615605,-14011.0,2051.0,-11960.0,1784970,69.0,445.6342342342342,23.0,,False
578,HDFCBANK,Mar 2023,170754,77780,63042.0,29932.0,18,33912,2345,61498,25.0,46149,82.0,23.0,27.026599669700268,36.91977933167012,666,558.0,288880,2139212,101783,2530432,8431,0,511582,2010419,2530432,39.0,Financials,Private Banks,1.06,Large Cap,20814.0,-2992,23941,20814.0,-2992.0,23941,20814.0,-2992.0,23941.0,15.944347321360706,63060.0,2.596504230745476,Financial Sector Benchmark,1.8237597374677526,7.39091618930479,1.859518754423213,False,1627630,0.06748017729778946,17822.0,2992.0,20814.0,2139212,82.0,518.7060931899641,23.0,,False
579,HDFCBANK,Mar 2024,283649,154139,174196.0,-44685.0,-16,124346,3092,76569,15.0,65446,84.0,23.0,23.07288232992184,61.41252040373843,667,760.0,455636,3107503,466296,4030194,12604,0,1005682,3011909,4030194,39.0,Financials,Private Banks,1.06,Large Cap,19069.0,16600,-3983,19069.0,16600.0,-3983,19069.0,16600.0,-3983.0,14.33974005030719,174180.0,4.887343889375092,Financial Sector Benchmark,1.6238920508541275,6.808786667718385,1.4007688224792112,True,2101821,0.07038097917866981,35669.0,16600.0,19069.0,3107503,84.0,600.521052631579,23.0,,False
581,HDFCLIFE,Mar 2013,14060,15,13535.0,525.0,4,28,35,502,11.0,447,2.0,0.0,3.1792318634423897,96.26600284495022,668,1995.0,-658,0,40581,41918,252,29,40404,1232,41918,40.0,Financials,Life Insurance,0.93,Large Cap,,,,,,,,,,33.43305908750935,13539.0,1012.64023934181,Financial Sector Benchmark,1.0663676702132736,0.0,483.5357142857143,False,-40404,0.33541676606708337,,,,0,2.0,0.6701754385964912,0.0,,False
582,HDFCLIFE,Mar 2014,17166,11,16561.0,605.0,4,241,41,794,9.0,725,4.0,14.0,4.223464988931609,96.47559128509845,669,1995.0,-67,0,50347,52275,279,10,50527,1458,52275,40.0,Financials,Life Insurance,0.93,Large Cap,,,,,,,,,,37.60373443983403,16565.0,859.1804979253112,Financial Sector Benchmark,1.3868962219033953,0.0,68.7344398340249,False,-50527,0.3283787661406026,,,,0,4.0,0.9664160401002506,14.0,,False
583,HDFCLIFE,Mar 2015,27215,-14,26341.0,874.0,3,79,43,924,15.0,786,4.0,18.0,2.8881131728826013,96.78853573397024,670,1995.0,546,0,66767,69309,346,6,67024,1932,69309,40.0,Financials,Life Insurance,0.93,Large Cap,4459.0,-3514,-168,4459.0,-3514.0,-168,4459.0,-3514.0,-168.0,30.932703659976386,26344.0,1036.7571822117277,Financial Sector Benchmark,1.1340518547374798,0.0,333.46835443037975,False,-67024,0.3926618476676911,945.0,3514.0,4459.0,0,4.0,1.2736842105263158,18.0,,False
584,HDFCLIFE,Mar 2016,18141,8,17187.0,953.0,5,108,45,1008,19.0,817,4.0,22.0,4.503610605810043,94.74119398048619,671,1995.0,1108,0,73441,76544,335,12,74144,2053,76544,40.0,Financials,Life Insurance,0.93,Large Cap,5687.0,-3962,-212,5687.0,-3962.0,-212,5687.0,-3962.0,-212.0,26.32935868514341,17192.0,554.0444730905575,Financial Sector Benchmark,1.067359949832776,0.0,159.1851851851852,False,-74144,0.23700094063545152,1725.0,3962.0,5687.0,0,4.0,1.5553884711779449,22.0,,False
585,HDFCLIFE,Mar 2017,30647,9,29674.0,972.0,3,139,41,1061,16.0,887,4.0,25.0,2.8942473977877117,96.82513786014944,672,1998.0,1828,0,91270,95097,337,16,91723,3020,95097,40.0,Financials,Life Insurance,0.93,Large Cap,6230.0,-5177,-236,6230.0,-5177.0,-236,6230.0,-5177.0,-236.0,23.183481442760062,29677.0,775.6664924202822,Financial Sector Benchmark,0.9327318422242553,0.0,213.50359712230215,False,-91723,0.32227094440413473,1053.0,5177.0,6230.0,0,4.0,1.914914914914915,25.0,,False
586,HDFCLIFE,Mar 2018,32260,11,31186.0,1074.0,3,282,44,1300,15.0,1107,6.0,25.0,3.4314941103533787,96.67079975201489,673,2012.0,2693,0,105778,110483,336,5,106590,3551,110483,40.0,Financials,Life Insurance,0.93,Large Cap,6739.0,-4421,-196,6739.0,-4421.0,-196,6739.0,-4421.0,-196.0,23.52816153028693,31189.0,662.8905419766206,Financial Sector Benchmark,1.0019641030746813,0.0,110.59929078014184,False,-106590,0.2919906229917725,2318.0,4421.0,6739.0,0,6.0,2.338469184890656,25.0,,False
587,HDFCLIFE,Mar 2019,38855,14,37640.0,1215.0,3,136,45,1291,1.0,1278,6.0,26.0,3.289151975292755,96.87298931926392,674,2017.0,3625,0,124378,130020,370,10,124958,4682,130020,40.0,Financials,Life Insurance,0.93,Large Cap,9868.0,-10182,-337,9868.0,-10182.0,-337,9868.0,-10182.0,-337.0,22.651542006380716,37643.0,667.1924849344205,Financial Sector Benchmark,0.9829257037378865,0.0,276.7867647058824,False,-124958,0.2988386402091986,-314.0,10182.0,9868.0,0,6.0,2.797223599405057,26.0,,False
588,HDFCLIFE,Mar 2020,29380,0,28239.0,1141.0,4,369,47,1463,11.0,1297,6.0,0.0,4.414567733151804,96.11640571817563,675,2019.0,4788,0,125417,132224,322,8,127256,4637,132224,40.0,Financials,Life Insurance,0.93,Large Cap,7388.0,-7789,38,7388.0,-7789.0,38,7388.0,-7789.0,38.0,19.05391508741002,28243.0,414.9111209049508,Financial Sector Benchmark,0.9809111810261374,0.0,76.53929539295393,False,-127256,0.2221986931268151,-401.0,7789.0,7388.0,0,6.0,3.3714710252600297,0.0,,False
589,HDFCLIFE,Mar 2021,71528,0,70294.0,1235.0,2,445,51,1629,16.0,1361,7.0,30.0,1.9027513700928307,98.27480147634493,676,2021.0,6619,600,170415,179655,585,14,173564,5493,179655,40.0,Financials,Life Insurance,0.93,Large Cap,9703.0,-8952,678,9703.0,-8952.0,678,9703.0,-8952.0,678.0,15.752314814814813,70296.0,760.7792207792209,Financial Sector Benchmark,0.7575631070663216,0.06944444444444445,157.9685393258427,False,-172964,0.3981408811332832,751.0,8952.0,9703.0,600,7.0,4.275111331024245,30.0,,False
590,HDFCLIFE,Mar 2022,67126,0,66348.0,778.0,1,766,56,1487,11.0,1327,6.0,27.0,1.976879301611894,98.84098560915294,677,2113.0,13501,600,214521,230734,6605,20,216551,7559,230734,40.0,Financials,Life Insurance,0.93,Large Cap,5943.0,-801,-238,5943.0,-801.0,-238,5943.0,-801.0,-238.0,8.498783143332906,66349.0,409.2080917725422,Financial Sector Benchmark,0.5751211351599678,0.038427052645062125,86.61749347258485,False,-215951,0.2909237476921477,5142.0,801.0,5943.0,600,6.0,7.38949361097965,27.0,,False
591,HDFCLIFE,Mar 2023,70207,0,70127.0,80.0,0,1437,76,1441,5.0,1368,6.0,30.0,1.9485236514877435,99.88605124845101,678,2149.0,10844,950,234126,248069,997,31,238197,8844,248069,40.0,Financials,Life Insurance,0.93,Large Cap,6883.0,-10071,1985,6883.0,-10071.0,1985,6883.0,-10071.0,1985.0,10.528746247979681,70127.0,502.9548877572975,Financial Sector Benchmark,0.5514594729692142,0.07311629338874778,48.80097425191371,False,-237247,0.28301400013705863,-3188.0,10071.0,6883.0,950,6.0,6.046067938576082,30.0,,False
592,HDFCLIFE,Mar 2024,101482,0,100951.0,531.0,1,525,79,977,-61.0,1574,7.0,27.0,1.5510139729213062,99.47675449833469,679,2151.0,12515,950,287071,302687,1549,28,291128,9982,302687,40.0,Financials,Life Insurance,0.93,Large Cap,10721.0,-13614,-403,10721.0,-13614.0,-403,10721.0,-13614.0,-403.0,10.732306013909723,100952.0,646.4651639344262,Financial Sector Benchmark,0.5200091183301563,0.06477567162143734,192.2895238095238,False,-290178,0.33527042786773137,-2893.0,13614.0,10721.0,950,7.0,6.818224081822408,27.0,,False
632,ICICIBANK,Mar 2013,44885,28285,31684.0,-15085.0,-34,29320,625,13610,26.0,10130,15.0,24.0,22.568786899855187,70.58928372507519,719,1154.0,67609,487659,118401,674822,5473,0,255667,413682,674822,44.0,Financials,Private Banks,3.87,Large Cap,17494.0,-18563,9283,17494.0,-18563.0,9283,17494.0,-18563.0,9283.0,14.731759812689965,31650.0,5.68812879433236,Financial Sector Benchmark,1.5011365960208765,7.091880807992671,1.079467939972715,True,231992,0.06651383624126066,-1069.0,18563.0,17494.0,487659,15.0,59.58665511265165,24.0,,False
633,ICICIBANK,Mar 2014,49479,29711,32852.0,-13084.0,-26,30085,719,16282,28.0,11677,17.0,24.0,23.599911073384668,66.39584470179268,720,1155.0,75275,543055,128278,747762,5507,0,267609,474646,747762,44.0,Financials,Private Banks,3.87,Large Cap,6765.0,-15750,7872,6765.0,-15750.0,7872,6765.0,-15750.0,7872.0,15.278032186314276,32826.0,5.298917649337756,Financial Sector Benchmark,1.5615931272249726,7.1052597147716865,1.0911085258434436,True,275446,0.06616944963771895,-8985.0,15750.0,6765.0,543055,17.0,66.17316017316017,24.0,,False
634,ICICIBANK,Mar 2015,54964,32318,38766.0,-16120.0,-29,35252,798,18334,29.0,12942,19.0,24.0,23.546321228440434,70.52980132450331,721,1160.0,83545,597207,144167,826079,5871,0,274311,545897,826079,44.0,Financials,Private Banks,3.87,Large Cap,-12273.0,-13175,24827,-12273.0,-13175.0,24827,-12273.0,-13175.0,24827.0,15.278909155303703,38737.0,5.680645009913302,Financial Sector Benchmark,1.5666782474799628,7.050433858686028,1.0988596391694088,True,322896,0.06653600926787874,-25448.0,13175.0,-12273.0,597207,19.0,73.02155172413794,24.0,,False
635,ICICIBANK,Mar 2016,59294,33996,52252.0,-26955.0,-45,42102,843,14304,24.0,10927,16.0,29.0,18.428508786723782,88.12358754680069,722,1163.0,92948,671455,153190,918756,8713,0,286044,623999,918756,44.0,Financials,Private Banks,3.87,Large Cap,23645.0,-12060,5814,23645.0,-12060.0,5814,23645.0,-12060.0,5814.0,11.610757509749126,52207.0,6.819398980623487,Financial Sector Benchmark,1.1893255663092268,7.1347132641242785,1.2400123509571992,True,385411,0.06453726560697291,11585.0,12060.0,23645.0,671455,16.0,80.92089423903697,29.0,,False
636,ICICIBANK,Mar 2017,60940,34836,63841.0,-37737.0,-62,52458,912,13809,18.0,11340,16.0,14.0,18.608467344929437,104.76042008532984,723,1165.0,103467,700874,180219,985725,9338,0,304373,672013,985725,44.0,Financials,Private Banks,3.87,Large Cap,52636.0,-1711,-35470,52636.0,-1711.0,-35470,52636.0,-1711.0,-35470.0,10.837984555394144,63779.0,7.917880189595111,Financial Sector Benchmark,1.1504222780187172,6.698467008181054,1.2158107438331618,True,396501,0.06182251642192295,50925.0,1711.0,52636.0,700874,16.0,89.81287553648069,14.0,,False
637,ICICIBANK,Mar 2018,62162,34262,72806.0,-44906.0,-72,56807,922,10978,17.0,9100,12.0,12.0,14.63916862391815,117.12300119043788,724,1286.0,109344,815198,198453,1124281,9465,0,372208,742608,1124281,44.0,Financials,Private Banks,3.87,Large Cap,19383.0,-50551,39676,19383.0,-50551.0,39676,19383.0,-50551.0,39676.0,8.225616921269095,72734.0,7.856102861438625,Financial Sector Benchmark,0.8094061893779224,7.368688420862334,1.280370376890172,True,442990,0.05529044785067078,-31168.0,50551.0,19383.0,815198,12.0,86.02643856920685,12.0,,False
638,ICICIBANK,Mar 2019,71982,39178,83775.0,-50971.0,-71,59325,946,7408,23.0,5689,7.0,15.0,7.903364730071407,116.38326248228724,725,1289.0,112964,891641,232899,1238794,9660,0,398201,830933,1238794,44.0,Financials,Private Banks,3.87,Large Cap,48671.0,-30282,-19997,48671.0,-30282.0,-19997,48671.0,-30282.0,-19997.0,4.979300324717951,83704.0,8.321353939878357,Financial Sector Benchmark,0.45923696756684323,7.804092671527225,1.4109397387273495,True,493440,0.05810651327016437,18389.0,30282.0,48671.0,891641,7.0,88.63692785104732,15.0,,False
639,ICICIBANK,Mar 2020,84836,44666,85361.0,-45190.0,-53,64950,1171,18589,40.0,11225,15.0,0.0,13.231411193361309,100.6188410580414,726,1295.0,121665,1014636,239696,1377292,10409,0,443473,923411,1377292,44.0,Financials,Private Banks,3.87,Large Cap,79565.0,-42095,2992,79565.0,-42095.0,2992,79565.0,-42095.0,2992.0,9.128985035783995,85308.0,7.49897151537101,Financial Sector Benchmark,0.8150050969583792,8.251756668835394,1.3134411085450346,True,571163,0.06159623376887399,37470.0,42095.0,79565.0,1014636,15.0,94.94980694980696,0.0,,False
640,ICICIBANK,Mar 2021,89163,42659,91309.0,-44805.0,-50,72174,1340,26028,22.0,20364,27.0,8.0,22.83907001783251,102.40682794432668,727,1383.0,156204,1103840,312385,1573812,10809,0,536579,1026424,1573812,44.0,Financials,Private Banks,3.87,Large Cap,138015.0,-63631,-54667,138015.0,-63631.0,-54667,138015.0,-63631.0,-54667.0,12.922385729787356,91259.0,7.234584323944232,Financial Sector Benchmark,1.2939283726391717,7.004638707507599,1.2644304043007177,True,567261,0.05665416199647734,74384.0,63631.0,138015.0,1103840,27.0,113.94577006507592,8.0,,False
641,ICICIBANK,Mar 2022,95407,41167,80798.0,-26558.0,-28,62129,1330,34241,25.0,26538,36.0,14.0,27.815569088222038,84.68770635278334,728,1390.0,180663,1252968,317616,1752637,10707,0,567098,1174833,1752637,44.0,Financials,Private Banks,3.87,Large Cap,58111.0,-39448,17451,58111.0,-39448.0,17451,58111.0,-39448.0,17451.0,14.577073709304432,80770.0,5.628489060438837,Financial Sector Benchmark,1.5141754966944097,6.882435334765151,1.3000370197492315,True,685870,0.05443625805001264,18663.0,39448.0,58111.0,1252968,36.0,130.97338129496404,14.0,,False
642,ICICIBANK,Mar 2023,121067,50543,87864.0,-17341.0,-14,65112,1515,46256,26.0,35461,49.0,16.0,29.290392922926973,72.57469004765956,729,1397.0,213101,1399894,344099,1958490,11070,0,639552,1307868,1958490,44.0,Financials,Private Banks,3.87,Large Cap,-3771.0,-67689,24791,-3771.0,-67689.0,24791,-3771.0,-67689.0,24791.0,16.53208887728557,87850.0,5.441677114356365,Financial Sector Benchmark,1.810629617715689,6.526373206276982,1.3492136626121145,True,760342,0.061816501488391566,-71460.0,67689.0,-3771.0,1399894,49.0,153.54187544738727,16.0,,False
643,ICICIBANK,Mar 2024,159516,74108,99560.0,-14152.0,-9,76522,1935,60434,26.0,46081,63.0,16.0,28.888011233982798,62.41380175029464,730,1405.0,254739,1651008,456911,2364063,15714,0,827163,1521186,2364063,44.0,Financials,Private Banks,3.87,Large Cap,157284.0,-144737,13765,157284.0,-144737.0,13765,157284.0,-144737.0,13765.0,17.99027109750765,99551.0,5.219877597590544,Financial Sector Benchmark,1.9492289334082888,6.445624336310825,1.3009461331381824,True,823845,0.06747535915921023,12547.0,144737.0,157284.0,1651008,63.0,182.308896797153,16.0,,False
645,ICICIGI,Mar 2013,4012,8,4191.0,-178.0,-4,586,49,351,0.0,353,8.0,0.0,8.798604187437686,104.46161515453637,731,437.0,1433,0,10767,12637,390,10,7800,4436,12637,45.0,Financials,General Insurance,3.51,Large Cap,984.0,-962,102,984.0,-962.0,102,984.0,-962.0,102.0,18.877005347593585,4187.0,223.90374331550805,Financial Sector Benchmark,2.793384505816254,0.0,7.145051194539249,False,-7800,0.3174804146553771,22.0,962.0,984.0,0,8.0,4.279176201372998,0.0,,False
646,ICICIGI,Mar 2014,4352,9,4578.0,-225.0,-5,817,50,533,3.0,520,12.0,0.0,11.948529411764707,105.19301470588236,732,445.0,1949,0,12350,14744,373,17,9290,5064,14744,45.0,Financials,General Insurance,3.51,Large Cap,595.0,-706,4,595.0,-706.0,4,595.0,-706.0,4.0,21.72096908939014,4573.0,191.01921470342523,Financial Sector Benchmark,3.5268583830710796,0.0,5.597307221542228,False,-9290,0.2951709169831796,-111.0,706.0,595.0,0,12.0,5.379775280898876,0.0,,False
647,ICICIGI,Mar 2015,4234,12,4456.0,-221.0,-5,992,54,705,17.0,585,13.0,15.0,13.816721776098253,105.24326877657062,733,447.0,2439,0,11760,14646,381,9,10200,4056,14646,45.0,Financials,General Insurance,3.51,Large Cap,-98.0,171,-93,-98.0,171.0,-93,-98.0,171.0,-93.0,20.27027027027027,4451.0,154.22730422730422,Financial Sector Benchmark,3.9942646456370343,0.0,4.486895161290323,False,-10200,0.2890891711047385,73.0,171.0,-98.0,0,13.0,6.456375838926174,15.0,,False
648,ICICIGI,Mar 2016,6033,0,5269.0,764.0,13,0,57,708,28.0,507,11.0,26.0,8.403779214321233,87.33631692358695,734,448.0,2789,0,12440,15676,510,10,11426,3730,15676,45.0,Financials,General Insurance,3.51,Large Cap,511.0,-310,-148,511.0,-310.0,-148,511.0,-310.0,-148.0,15.66265060240964,5282.0,163.17578004324992,Financial Sector Benchmark,3.2342434294462876,0.0,,False,-11426,0.3848558305690227,201.0,310.0,511.0,0,11.0,7.225446428571429,26.0,Debt Free,False
649,ICICIGI,Mar 2017,7520,0,6601.0,919.0,12,-2,7,910,23.0,702,16.0,22.0,9.335106382978724,87.77925531914894,735,451.0,3450,485,18965,23351,516,11,14806,8018,23351,45.0,Financials,General Insurance,3.51,Large Cap,1628.0,-1990,361,1628.0,-1990.0,361,1628.0,-1990.0,361.0,17.9953857985132,6613.0,150.7751937984496,Financial Sector Benchmark,3.006295233608839,0.12432709561650859,-3306.5,True,-14321,0.3220418825746221,-362.0,1990.0,1628.0,485,16.0,8.649667405764967,22.0,,False
650,ICICIGI,Mar 2018,6912,59,7174.0,-262.0,-4,1569,51,1196,28.0,862,19.0,17.0,12.471064814814815,103.79050925925925,736,454.0,4087,485,24723,29750,368,38,18193,11151,29750,45.0,Financials,General Insurance,3.51,Large Cap,2390.0,-1896,-96,2390.0,-1896.0,-96,2390.0,-1896.0,-96.0,18.982602950891874,7170.0,142.65817747711898,Financial Sector Benchmark,2.8974789915966386,0.1068046685752037,4.569789674952199,False,-17708,0.2323361344537815,494.0,1896.0,2390.0,485,19.0,10.002202643171806,17.0,,False
651,ICICIGI,Mar 2019,11163,70,9494.0,1669.0,15,-2,0,1598,34.0,1049,23.0,26.0,9.39711547075159,85.04882200125414,737,454.0,4946,485,27517,33403,1965,17,20714,10707,33403,45.0,Financials,General Insurance,3.51,Large Cap,2976.0,-2856,-310,2976.0,-2856.0,-310,2976.0,-2856.0,-310.0,19.425925925925927,9509.0,161.5802888700085,Financial Sector Benchmark,3.1404364877406223,0.08981481481481482,-4754.5,True,-20229,0.3341915396820645,120.0,2856.0,2976.0,485,23.0,11.894273127753303,26.0,,False
652,ICICIGI,Mar 2020,11517,0,9745.0,1772.0,15,15,90,1697,30.0,1194,26.0,13.0,10.367283146652774,84.61404879742989,738,454.0,5680,485,30423,37042,664,12,26327,10039,37042,45.0,Financials,General Insurance,3.51,Large Cap,3433.0,-3382,-420,3433.0,-3382.0,-420,3433.0,-3382.0,-420.0,19.46527551353114,9760.0,147.45429823236137,Financial Sector Benchmark,3.2233680686787967,0.07906749266384089,650.6666666666666,False,-25842,0.3109173370768317,51.0,3382.0,3433.0,485,26.0,13.51101321585903,13.0,,False
653,ICICIGI,Mar 2021,12161,0,10090.0,2072.0,17,12,130,1954,25.0,1473,32.0,25.0,12.112490749116027,82.97015048104596,739,455.0,7144,485,31214,39298,717,14,30788,7779,39298,45.0,Financials,General Insurance,3.51,Large Cap,1774.0,-1367,-212,1774.0,-1367.0,-212,1774.0,-1367.0,-212.0,19.38412949072246,10107.0,125.0247402276101,Financial Sector Benchmark,3.7482823553361495,0.06382418739307803,842.25,False,-30303,0.3094559519568426,407.0,1367.0,1774.0,485,32.0,16.701098901098902,25.0,,False
654,ICICIGI,Mar 2022,16026,0,15010.0,1016.0,6,809,141,1684,24.0,1271,26.0,35.0,7.93086234868339,93.660302009235,740,491.0,8702,255,41401,50848,941,11,38412,11485,50848,45.0,Financials,General Insurance,3.51,Large Cap,809.0,135,-879,809.0,135.0,-879,809.0,135.0,-879.0,13.8257369737844,15016.0,158.93310753598647,Financial Sector Benchmark,2.4996066708621774,0.02773849668225824,18.561186650185412,False,-38157,0.3151746381371932,944.0,135.0,809.0,255,26.0,18.723014256619145,35.0,,False
655,ICICIGI,Mar 2023,17876,0,16612.0,1264.0,7,991,142,2113,18.0,1729,35.0,31.0,9.672186171402998,92.92906690534795,741,491.0,9953,35,44607,55086,883,25,42836,11342,55086,45.0,Financials,General Insurance,3.51,Large Cap,2290.0,-1685,-695,2290.0,-1685.0,-695,2290.0,-1685.0,-695.0,16.554959785522787,16619.0,158.59337723065178,Financial Sector Benchmark,3.1387285335656974,0.003351206434316354,16.769929364278507,False,-42801,0.3245107649856588,605.0,1685.0,2290.0,35,35.0,21.270875763747455,31.0,,False
656,ICICIGI,Mar 2024,20487,0,17910.0,2577.0,13,112,134,2555,25.0,1919,39.0,28.0,9.366915605017816,87.42129155073948,742,493.0,11712,35,51068,63308,930,94,48584,13700,63308,45.0,Financials,General Insurance,3.51,Large Cap,2407.0,-1921,-355,2407.0,-1921.0,-355,2407.0,-1921.0,-355.0,15.7230643179025,17923.0,146.4297385620915,Financial Sector Benchmark,3.0312124849939974,0.0028676771814829987,160.02678571428572,False,-48549,0.3236083907247109,486.0,1921.0,2407.0,35,39.0,24.75659229208925,28.0,,False
658,ICICIPRULI,Mar 2013,20025,14,19280.0,745.0,4,900,41,1591,5.0,1515,11.0,32.0,7.5655430711610485,96.27965043695382,744,1429.0,2532,0,71260,75220,165,7,73716,1332,75220,46.0,Financials,Life Insurance,2.47,Large Cap,-2641.0,1564,-514,-2641.0,1564.0,-514,-2641.0,1564.0,-514.0,38.24791719262812,19284.0,486.8467558697299,Financial Sector Benchmark,2.014091996809359,0.0,21.426666666666666,False,-73716,0.2662190906673757,-1077.0,1564.0,-2641.0,0,11.0,2.7718684394681596,32.0,,False
659,ICICIPRULI,Mar 2014,21888,15,20384.0,1504.0,7,129,47,1572,1.0,1561,11.0,70.0,7.131761695906433,93.12865497076024,745,1429.0,2954,0,77090,81474,197,5,80101,1171,81474,46.0,Financials,Life Insurance,2.47,Large Cap,-2382.0,6012,-1091,-2382.0,6012.0,-1091,-2382.0,6012.0,-1091.0,35.614875655943415,20391.0,465.2292950034223,Financial Sector Benchmark,1.915948646193878,0.0,158.06976744186048,False,-80101,0.2686501215111569,3630.0,6012.0,-2382.0,0,11.0,3.0671798460461863,70.0,,False
660,ICICIPRULI,Mar 2015,34453,17,32798.0,1655.0,5,43,40,1642,0.0,1640,11.0,51.0,4.760107973180855,95.1963544538937,746,1432.0,3833,0,95951,101215,209,6,99491,1509,101215,46.0,Financials,Life Insurance,2.47,Large Cap,523.0,-1822,-966,523.0,-1822.0,-966,523.0,-1822.0,-966.0,31.14909781576448,32803.0,623.0389363722697,Financial Sector Benchmark,1.6203131946845823,0.0,762.8604651162791,False,-99491,0.34039421034431655,-1299.0,1822.0,523.0,0,11.0,3.6766759776536313,51.0,,False
661,ICICIPRULI,Mar 2016,20849,0,19008.0,1842.0,9,0,0,1842,10.0,1650,12.0,73.0,7.91404863542616,91.16984028010936,747,1432.0,3891,1029,98413,104765,212,7,103024,1522,104765,46.0,Financials,Life Insurance,2.47,Large Cap,3634.0,27,-1442,3634.0,27.0,-1442,3634.0,27.0,-1442.0,30.99755776817584,19017.0,299.3860201511335,Financial Sector Benchmark,1.5749534672839212,0.19331204208153296,,False,-101995,0.1990073020569847,3661.0,27.0,3634.0,1029,12.0,3.7171787709497206,73.0,Debt Free,False
662,ICICIPRULI,Mar 2017,37816,15,36010.0,1806.0,5,130,58,1863,10.0,1682,12.0,63.0,4.447852760736196,95.22424370636767,748,1435.0,4971,0,118335,124741,207,7,121581,2946,124741,46.0,Financials,Life Insurance,2.47,Large Cap,4130.0,-696,-994,4130.0,-696.0,-994,4130.0,-696.0,-994.0,26.256634405245084,36015.0,562.2073056509523,Financial Sector Benchmark,1.3483938721029975,0.0,277.03846153846155,False,-121581,0.3031561395210877,3434.0,696.0,4130.0,0,12.0,4.464111498257839,63.0,,False
663,ICICIPRULI,Mar 2018,38832,20,37062.0,1771.0,5,132,44,1839,12.0,1619,11.0,59.0,4.169241862381541,95.44190358467245,749,1436.0,5138,0,135245,141819,404,18,138537,2859,141819,46.0,Financials,Life Insurance,2.47,Large Cap,5690.0,-5389,-1188,5690.0,-5389.0,-1188,5690.0,-5389.0,-1188.0,24.627319744447824,37067.0,563.8424094919379,Financial Sector Benchmark,1.141595977971922,0.0,280.81060606060606,False,-138537,0.27381380492035623,301.0,5389.0,5690.0,0,11.0,4.577994428969359,59.0,,False
664,ICICIPRULI,Mar 2019,41463,23,40922.0,541.0,1,813,57,1274,11.0,1139,8.0,40.0,2.747027470274703,98.69522224634011,750,1436.0,5435,0,156215,163086,463,13,159003,3607,163086,46.0,Financials,Life Insurance,2.47,Large Cap,11377.0,-7559,-843,11377.0,-7559.0,-843,11377.0,-7559.0,-843.0,16.57691747926066,40923.0,595.5901615485374,Financial Sector Benchmark,0.698404522767129,0.0,50.33579335793358,False,-159003,0.25424009418343696,3818.0,7559.0,11377.0,0,8.0,4.784818941504178,40.0,,False
665,ICICIPRULI,Mar 2020,21025,0,21344.0,-319.0,-2,1578,61,1198,11.0,1067,7.0,11.0,5.074910820451843,101.51724137931035,751,1436.0,5777,0,148818,156031,932,20,150776,4303,156031,46.0,Financials,Life Insurance,2.47,Large Cap,8596.0,-10797,-405,8596.0,-10797.0,-405,8596.0,-10797.0,-405.0,14.792735338971303,21342.0,295.88243449327604,Financial Sector Benchmark,0.6838384679967442,0.0,13.524714828897338,False,-150776,0.13474886400779332,-2201.0,10797.0,8596.0,0,7.0,5.022980501392758,11.0,,False
666,ICICIPRULI,Mar 2021,83182,0,83572.0,-390.0,0,1669,60,1219,22.0,956,7.0,30.0,1.1492871053833762,100.46885143420452,752,1436.0,7673,1200,206911,217220,911,22,211727,4560,217220,46.0,Financials,Life Insurance,2.47,Large Cap,7314.0,-5084,1205,7314.0,-5084.0,1205,7314.0,-5084.0,1205.0,10.495114721703809,83572.0,810.6702880977787,Financial Sector Benchmark,0.44010680416167947,0.1317378416950269,50.07309766327142,False,-210527,0.382938955897247,2230.0,5084.0,7314.0,1200,7.0,6.343314763231198,30.0,,False
667,ICICIPRULI,Mar 2022,63564,0,65728.0,-2163.0,-3,3191,67,961,21.0,759,5.0,10.0,1.194072116292241,103.40444276634572,753,1437.0,7721,1200,234079,244437,433,54,238101,5848,244437,46.0,Financials,Life Insurance,2.47,Large Cap,1831.0,-816,-319,1831.0,-816.0,-319,1831.0,-816.0,-319.0,8.287835772002621,65725.0,634.5336937632748,Financial Sector Benchmark,0.31050945642435474,0.1310329766324525,20.5969915387026,False,-236901,0.26004246492961375,1015.0,816.0,1831.0,1200,5.0,6.372999304105776,10.0,,False
668,ICICIPRULI,Mar 2023,50478,0,52235.0,-1757.0,-3,2925,84,1085,25.0,813,6.0,11.0,1.6106026387733272,103.48072427592219,754,1439.0,8651,1200,244562,255851,479,117,248216,7039,255851,46.0,Financials,Life Insurance,2.47,Large Cap,89.0,-1145,-112,89.0,-1145.0,-112,89.0,-1145.0,-112.0,8.057482656095145,52232.0,462.6395039858282,Financial Sector Benchmark,0.3177630730386045,0.11892963330029732,17.857094017094017,False,-247016,0.1972945190755557,-1056.0,1145.0,89.0,1200,6.0,7.011813759555246,11.0,,False
669,ICICIPRULI,Mar 2024,90307,0,92136.0,-1829.0,-2,2970,113,1028,17.0,851,6.0,10.0,0.942341125272681,102.02531365231931,755,1441.0,9564,1200,286796,299001,670,49,289728,8553,299001,46.0,Financials,Life Insurance,2.47,Large Cap,-7315.0,7420,-88,-7315.0,7420.0,-88,-7315.0,7420.0,-88.0,7.732848705134029,92134.0,754.8873412535846,Financial Sector Benchmark,0.28461443272764975,0.10904134484325306,31.021548821548823,False,-288528,0.3020290902037117,105.0,7420.0,-7315.0,1200,6.0,7.63705759888966,10.0,,False
697,INDUSINDBK,Mar 2013,6983,4750,1947.0,286.0,4,1363,73,1576,33.0,1061,20.0,15.0,15.194042675068022,27.881999140770443,770,523.0,7107,63576,2100,73307,741,16,19654,52896,73307,48.0,Financials,Private Banks,2.54,Large Cap,-486.0,-174,1969,-486.0,-174.0,1969,-486.0,-174.0,1969.0,13.905635648754917,1951.0,2.7399376457040137,Financial Sector Benchmark,1.4473379077032207,8.332372214941023,1.4314013206162877,True,43922,0.09525693317145702,-660.0,174.0,-486.0,63576,20.0,14.588910133843212,15.0,,False
698,INDUSINDBK,Mar 2014,8254,5363,2555.0,335.0,4,1891,98,2128,34.0,1408,27.0,13.0,17.058395929246426,30.95468863581294,771,526.0,8517,75264,2719,87026,991,25,21563,64447,87026,48.0,Financials,Private Banks,2.54,Large Cap,-4106.0,-174,4200,-4106.0,-174.0,4200,-4106.0,-174.0,4200.0,15.570054185557892,2559.0,3.035335144175454,Financial Sector Benchmark,1.617907292073633,8.3229016919164,1.3532522474881015,True,53701,0.09484521867028245,-4280.0,174.0,-4106.0,75264,27.0,17.192015209125476,13.0,,False
699,INDUSINDBK,Mar 2015,9692,6272,3133.0,288.0,3,2548,127,2709,34.0,1794,34.0,12.0,18.510111432108957,32.32562938505985,772,529.0,10115,94752,6390,111787,1120,38,22878,87751,111787,48.0,Financials,Private Banks,2.54,Large Cap,-1421.0,-276,5707,-1421.0,-276.0,5707,-1421.0,-276.0,5707.0,16.85456595264938,3136.0,2.9754449884246084,Financial Sector Benchmark,1.6048377718339342,8.901916572717024,1.2307692307692308,True,71874,0.08670060024868724,-1697.0,276.0,-1421.0,94752,34.0,20.120982986767487,12.0,,False
700,INDUSINDBK,Mar 2016,11872,7355,4188.0,329.0,3,3297,157,3469,34.0,2286,38.0,12.0,19.255390835579515,35.27628032345013,773,595.0,17101,117996,7205,142897,1218,37,34054,107587,142897,48.0,Financials,Private Banks,2.54,Large Cap,-2927.0,-258,2517,-2927.0,-258.0,2517,-2927.0,-258.0,2517.0,12.918173598553345,4191.0,3.0886124458332107,Financial Sector Benchmark,1.599753668726425,6.667947558770344,1.2711555959963603,True,83942,0.08308082045109415,-3185.0,258.0,-2927.0,117996,38.0,29.741176470588236,12.0,,False
701,INDUSINDBK,Mar 2017,14406,8343,5684.0,379.0,3,4171,191,4360,34.0,2868,48.0,13.0,19.908371511870055,39.455782312925166,774,598.0,20048,149026,8976,178648,1307,28,36702,140611,178648,48.0,Financials,Private Banks,2.54,Large Cap,11569.0,-285,-2768,11569.0,-285.0,-2768,11569.0,-285.0,-2768.0,13.891310665504214,5687.0,3.3517610448394546,Financial Sector Benchmark,1.605391608078456,7.218153637508476,1.3634619995204986,True,112324,0.08063902198737181,11284.0,285.0,11569.0,149026,48.0,34.525083612040135,13.0,,False
702,INDUSINDBK,Mar 2018,17281,9783,6555.0,942.0,5,4750,212,5481,34.0,3606,60.0,12.0,20.866847983334296,37.931832648573575,775,600.0,23241,189928,7856,221626,1313,25,50077,170211,221626,48.0,Financials,Private Banks,2.54,Large Cap,-20700.0,-217,15505,-20700.0,-217.0,15505,-20700.0,-217.0,15505.0,15.125204479677864,6560.0,3.068733071680178,Financial Sector Benchmark,1.6270654165125031,7.966444360555346,1.3810526315789473,True,139851,0.07797370344634655,-20917.0,217.0,-20700.0,189928,60.0,39.735,12.0,,False
703,INDUSINDBK,Mar 2019,22261,13415,9283.0,-437.0,-2,5647,229,4981,34.0,3301,55.0,14.0,14.82862405103095,41.70073222227214,776,603.0,26083,242189,8944,277819,1688,22,59266,216843,277819,48.0,Financials,Private Banks,2.54,Large Cap,-6389.0,-633,8590,-6389.0,-633.0,8590,-6389.0,-633.0,8590.0,12.369781908116616,9281.0,3.4517898651789864,Financial Sector Benchmark,1.1881836735428464,9.075507756876265,1.6435275367451745,False,182923,0.08012770904797728,-7022.0,633.0,-6389.0,242189,55.0,44.25538971807629,14.0,,False
704,INDUSINDBK,Mar 2020,28783,16724,12611.0,-553.0,-2,6951,278,6121,28.0,4418,64.0,0.0,15.349338150991903,43.81405690859187,777,694.0,34013,262793,9558,307058,1742,78,59980,245257,307058,48.0,Financials,Private Banks,2.54,Large Cap,-12039.0,526,12733,-12039.0,526.0,12733,-12039.0,526.0,12733.0,12.729420577981386,12609.0,4.238319327731093,Financial Sector Benchmark,1.4388161194302054,7.57175785864523,1.813983599482089,False,202813,0.09373799086817475,-11513.0,526.0,-12039.0,262793,64.0,50.01008645533141,0.0,,False
705,INDUSINDBK,Mar 2021,29000,15472,15997.0,-2469.0,-9,6559,305,3784,25.0,2836,37.0,14.0,9.779310344827588,55.16206896551724,778,773.0,42592,307528,12080,362973,1734,75,69695,291469,362973,48.0,Financials,Private Banks,2.54,Large Cap,44646.0,-226,-4096,44646.0,-226.0,-4096,44646.0,-226.0,-4096.0,6.5398362734924484,15988.0,4.556374735318174,Financial Sector Benchmark,0.7813253327382478,7.091617664014758,2.4375667022411953,False,237833,0.07989574982161207,44420.0,226.0,44646.0,307528,37.0,56.09961190168176,14.0,,False
706,INDUSINDBK,Mar 2022,30822,15822,15840.0,-839.0,-3,7334,321,6174,25.0,4611,60.0,14.0,14.960093439750827,51.39186295503212,779,775.0,46923,341005,13273,401975,1754,95,70971,329155,401975,48.0,Financials,Private Banks,2.54,Large Cap,16600.0,-351,-4302,16600.0,-351.0,-4302,16600.0,-351.0,-4302.0,9.667071994632899,15837.0,4.074318953030978,Financial Sector Benchmark,1.1470862615834319,7.149251540945113,2.1593946004908644,False,270034,0.07667641022451645,16249.0,351.0,16600.0,341005,60.0,61.545806451612904,14.0,,False
707,INDUSINDBK,Mar 2023,36368,18776,15525.0,2067.0,6,8166,373,9860,25.0,7390,95.0,15.0,20.320061592608887,42.68862736471624,780,776.0,53846,385449,17733,457804,1857,135,83116,372695,457804,48.0,Financials,Private Banks,2.54,Large Cap,-12438.0,-441,1115,-12438.0,-441.0,1115,-12438.0,-441.0,1115.0,13.5293471495002,15531.0,3.5292032422040984,Financial Sector Benchmark,1.6142279228665544,7.056662150781737,1.90191036002939,False,302333,0.07944010974128667,-12879.0,441.0,-12438.0,385449,95.0,70.38917525773196,15.0,,False
708,INDUSINDBK,Mar 2024,45748,25132,17638.0,2978.0,7,9388,425,11942,25.0,8950,115.0,14.0,19.56369677362945,38.55469091544986,781,778.0,62019,432404,19734,514935,2001,197,106527,406211,514935,48.0,Financials,Private Banks,2.54,Large Cap,-16843.0,-625,-2242,-16843.0,-625.0,-2242,-16843.0,-625.0,-2242.0,14.252273197764223,17645.0,3.563199589661572,Financial Sector Benchmark,1.7380834474254032,6.885742949503957,1.8795270558159352,False,325877,0.08884228106460039,-17468.0,625.0,-16843.0,432404,115.0,80.7159383033419,14.0,,False
747,IRFC,Mar 2013,5550,22,5528.0,100.0,2,4075,0,1454,64.0,522,222.0,21.0,9.405405405405405,99.6036036036036,819,2352.0,4042,58753,5608,70755,13,0,13,70729,70755,52.0,Financials,Speciality Finance,4.33,Large Cap,,,,,,,,,,8.163903659680951,5530.0,8.488495249205643,Financial Sector Benchmark,0.7377570489718042,9.188770722552393,1.3570552147239263,True,58740,0.07843968624125504,,,,58753,222.0,2.7185374149659864,21.0,,False
748,IRFC,Mar 2014,6197,19,6178.0,100.0,1,4607,0,1572,55.0,701,209.0,6.0,11.311925125060514,99.69340003227369,820,3352.0,4210,69917,6451,83930,13,0,11,83906,83930,52.0,Financials,Speciality Finance,4.33,Large Cap,,,,,,,,,,9.270034382438508,6179.0,7.975064210947483,Financial Sector Benchmark,0.8352198260455141,9.245834435334567,1.3412198827870632,True,69906,0.07383533897295365,,,,69917,209.0,2.2559665871121717,6.0,,False
749,IRFC,Mar 2015,6939,34,6905.0,100.0,1,4992,0,1914,60.0,758,212.0,20.0,10.923764231157227,99.5100158524283,821,3584.0,5098,71270,7696,87647,12,0,9,87626,87647,52.0,Financials,Speciality Finance,4.33,Large Cap,,,,,,,,,,8.730707210320203,6906.0,8.637682609565738,Financial Sector Benchmark,0.8648327951897954,8.208938032711357,1.3834134615384615,True,71261,0.07916985179184684,,,,71270,212.0,2.4224330357142856,20.0,,False
750,IRFC,Mar 2016,7507,38,7468.0,99.0,1,5519,0,1950,56.0,849,188.0,40.0,11.309444518449448,99.48048488077794,822,4526.0,6999,87503,9372,108400,12,0,8,108381,108400,52.0,Financials,Speciality Finance,4.33,Large Cap,-16378.0,2,17582,-16378.0,2.0,17582,-16378.0,2.0,17582.0,7.366594360086768,7469.0,7.542311265500666,Financial Sector Benchmark,0.783210332103321,7.592451193058569,1.3533248776952347,True,87495,0.06925276752767527,-16376.0,2.0,-16378.0,87503,188.0,2.546398585947857,40.0,,False
751,IRFC,Mar 2017,9047,26,9021.0,100.0,0,6888,0,2133,56.0,934,143.0,40.0,10.323864264397038,99.71261191555212,823,6526.0,5483,106395,11245,129650,12,0,8,129630,129650,52.0,Financials,Speciality Finance,4.33,Large Cap,-19455.0,2,18250,-19455.0,2.0,18250,-19455.0,2.0,18250.0,7.7775002081772,9021.0,7.618830444917402,Financial Sector Benchmark,0.7204010798303123,8.85960529602798,1.3096689895470384,True,106387,0.06978017740069417,-19453.0,2.0,-19455.0,106395,143.0,1.8401777505363164,40.0,,False
752,IRFC,Mar 2018,9267,38,9229.0,100.0,1,6638,0,2592,21.0,2055,3.0,18.0,22.17546131434121,99.58994280781268,824,6526.0,7402,134006,13534,161468,11,0,14,161443,161468,52.0,Financials,Speciality Finance,4.33,Large Cap,-28076.0,2,28075,-28076.0,2.0,28075,-28076.0,2.0,28075.0,14.754451464675475,9230.0,6.239268863141671,Financial Sector Benchmark,1.2726979958877302,9.621338311315336,1.3904790599578187,True,133992,0.057392176778061285,-28074.0,2.0,-28076.0,134006,3.0,2.134232301562979,18.0,,False
753,IRFC,Mar 2019,11134,48,11085.0,100.0,0,8183,0,2902,22.0,2255,2.0,18.0,20.25327824681157,99.55990659241961,825,9380.0,15648,173933,7642,206604,11,0,13,206579,206604,52.0,Financials,Speciality Finance,4.33,Large Cap,-41748.0,1,41749,-41748.0,1.0,41749,-41748.0,1.0,41749.0,9.009908902029727,11085.0,5.571443649760506,Financial Sector Benchmark,1.0914599910940737,6.94953651909861,1.354637663448613,True,173920,0.05389053454918588,-41747.0,1.0,-41748.0,173933,2.0,2.668230277185501,18.0,,False
754,IRFC,Mar 2020,13421,66,13355.0,100.0,0,10163,0,3192,0.0,3192,3.0,0.0,23.783622680873258,99.50823336562105,826,11880.0,18419,234377,10828,275504,11,0,12,275482,275504,52.0,Financials,Speciality Finance,4.33,Large Cap,-62701.0,1,62697,-62701.0,1.0,62697,-62701.0,1.0,62697.0,10.535001155153635,13355.0,5.045791836056159,Financial Sector Benchmark,1.158603867820431,7.7354698174857255,1.3140804880448687,True,234365,0.04871435623439224,-62700.0,1.0,-62701.0,234377,3.0,2.5504208754208753,0.0,,False
755,IRFC,Mar 2021,15771,113,15657.0,99.0,0,11237,4,4416,0.0,4416,3.0,31.0,28.000760890241583,99.27715427049648,827,13069.0,22845,323145,21423,380482,45,0,12,380424,380482,52.0,Financials,Speciality Finance,4.33,Large Cap,-89907.0,0,90202,-89907.0,0.0,90202,-89907.0,0.0,90202.0,12.29604054129309,15657.0,4.360564698280784,Financial Sector Benchmark,1.160633091709989,8.997744612128974,1.3933434190620273,True,323133,0.041450055455974265,-89907.0,0.0,-89907.0,323145,3.0,2.7480296885760196,31.0,,False
756,IRFC,Mar 2022,20299,123,20177.0,99.0,2,14075,14,6090,0.0,6090,5.0,30.0,30.001477905315532,99.39898517168334,828,13069.0,27928,388440,20544,449980,38,0,10,449932,449980,52.0,Financials,Speciality Finance,4.33,Large Cap,-64412.0,-5,64266,-64412.0,-5.0,64266,-64412.0,-5.0,64266.0,14.854745469180672,20179.0,4.698943034717549,Financial Sector Benchmark,1.3533934841548514,9.474839622411396,1.433676731793961,True,388430,0.045110893817503,-64417.0,5.0,-64412.0,388440,5.0,3.1369653378223274,30.0,,False
757,IRFC,Mar 2023,23722,134,23588.0,99.0,41,17447,14,6167,0.0,6167,5.0,32.0,25.996964842761994,99.4351235140376,829,13069.0,31612,418935,26744,490359,19,0,14,490326,490359,52.0,Financials,Speciality Finance,4.33,Large Cap,-28588.0,0,28644,-28588.0,0.0,28644,-28588.0,0.0,28644.0,13.802287325708914,23629.0,5.096674834345665,Financial Sector Benchmark,1.2576500074435262,9.376133031937513,1.354330257350834,True,418921,0.048376801486258024,-28588.0,0.0,-28588.0,418935,5.0,3.418853776111409,32.0,,False
758,IRFC,Mar 2024,26645,133,26513.0,100.0,10,20101,9,6412,0.0,6412,5.0,31.0,24.064552448864703,99.50459748545694,830,13069.0,36110,412039,23865,485082,22,4,54,485003,485082,52.0,Financials,Speciality Finance,4.33,Large Cap,7914.0,-8,-8046,7914.0,-8.0,-8046,7914.0,-8.0,-8046.0,13.038085361638096,26523.0,5.750642863027896,Financial Sector Benchmark,1.3218383695952436,8.378352548852153,1.3194865927068304,True,411985,0.05492885738906,7906.0,8.0,7914.0,412039,5.0,3.763027010482822,31.0,,False
786,JIOFIN,Mar 2023,45,6,39.0,88.0,10,0,0,49,37.0,31,,0.0,68.88888888888889,86.66666666666667,1033,2.0,114118,743,66,114930,158,38,108141,6593,114930,55.0,Financials,Diversified Financials,0.38,Mid Cap,2055.0,-1110,-889,2055.0,-1110.0,-889,2055.0,-1110.0,-889.0,0.027164388363126533,49.0,0.04265951611920288,Financial Sector Benchmark,0.0269729400504655,0.006510690501226779,,False,-107398,0.00039154267815191856,945.0,1110.0,2055.0,743,,57060.0,0.0,Debt Free,False
787,JIOFIN,Mar 2024,1855,296,1559.0,84.0,429,10,22,1956,18.0,1605,3.0,0.0,86.52291105121293,84.04312668463612,1034,6353.0,132794,0,5715,144863,172,3,133292,11395,144863,55.0,Financials,Diversified Financials,0.38,Mid Cap,-678.0,1441,-753,-678.0,1441.0,-753,-678.0,1441.0,-753.0,1.153456416595399,1988.0,1.42870489482346,Financial Sector Benchmark,1.1079433671814058,0.0,198.8,False,-133292,0.012805202156520298,763.0,1441.0,-678.0,0,3.0,21.902565716984103,0.0,,False
815,KOTAKBANK,Mar 2013,10838,6024,6603.0,-1789.0,-17,5112,179,3144,30.0,2238,15.0,2.0,20.64956634065326,60.92452482007751,995,373.0,14894,85561,15006,115835,620,0,40907,74308,115835,58.0,Financials,Private Banks,3.47,Large Cap,2878.0,-9035,7099,2878.0,-9035.0,7099,2878.0,-9035.0,7099.0,14.659068579288661,6586.0,6.531915737691911,Financial Sector Benchmark,1.9320585315319203,5.60430994956442,1.288341158059468,True,44654,0.09356412137954849,-6157.0,9035.0,2878.0,85561,15.0,40.93029490616622,2.0,,False
816,KOTAKBANK,Mar 2014,11986,6312,7053.0,-1379.0,-12,5282,208,3695,32.0,2527,16.0,2.0,21.08293008509928,58.84365092608043,996,385.0,18699,85937,17176,122197,1264,0,38791,82142,122197,58.0,Financials,Private Banks,3.47,Large Cap,9068.0,-1130,-5814,9068.0,-1130.0,-5814,9068.0,-1130.0,-5814.0,13.241458813665899,7041.0,6.704373411032079,Financial Sector Benchmark,2.067972208810364,4.503091595053448,1.3330177962892844,True,47146,0.09808751442343101,7938.0,1130.0,9068.0,85937,16.0,49.56883116883117,2.0,,False
817,KOTAKBANK,Mar 2015,13319,6966,9718.0,-3366.0,-25,8152,237,4550,33.0,3105,20.0,2.0,23.312561003078308,72.96343569337037,997,386.0,21770,104258,22049,148464,1385,0,45589,101490,148464,58.0,Financials,Private Banks,3.47,Large Cap,2302.0,-4467,2426,2302.0,-4467.0,2426,2302.0,-4467.0,2426.0,14.014262502256724,9693.0,7.667663391712944,Financial Sector Benchmark,2.091416100872939,4.70563278570139,1.1890333660451422,True,58669,0.08971198405000538,-2165.0,4467.0,2302.0,104258,20.0,57.398963730569946,2.0,,False
818,KOTAKBANK,Mar 2016,20402,11123,11541.0,-2263.0,-11,7631,345,5024,32.0,3524,19.0,3.0,17.27281639054995,56.567983531026364,998,917.0,32447,179679,27761,240804,1761,0,70274,168769,240804,58.0,Financials,Private Banks,3.47,Large Cap,5025.0,-2353,2024,5025.0,-2353.0,2024,5025.0,-2353.0,2024.0,10.562282699916077,11530.0,5.412052965833189,Financial Sector Benchmark,1.4634308400192688,5.38541541781561,1.5109422094089897,False,109405,0.08472450623743792,2672.0,2353.0,5025.0,179679,19.0,36.38386041439477,3.0,,False
819,KOTAKBANK,Mar 2017,22324,11458,14832.0,-3965.0,-18,11660,362,7332,32.0,5019,27.0,2.0,22.482530012542558,66.439706145852,999,920.0,37572,205230,32465,276188,1759,0,68462,205967,276188,58.0,Financials,Private Banks,3.47,Large Cap,13222.0,-5289,6055,13222.0,-5289.0,6055,13222.0,-5289.0,6055.0,13.03907305414112,14814.0,6.0782366794954905,Financial Sector Benchmark,1.8172404304314451,5.331757248259379,1.2704974271012006,True,136768,0.08082900053586688,7933.0,5289.0,13222.0,205230,27.0,41.83913043478261,2.0,,False
820,KOTAKBANK,Mar 2018,25131,12467,16805.0,-4141.0,-16,13682,383,9158,33.0,6258,33.0,2.0,24.901516055867255,66.86960327881899,1000,953.0,49535,249840,37392,337720,2543,0,90977,244201,337720,58.0,Financials,Private Banks,3.47,Large Cap,-10392.0,-5475,14679,-10392.0,-5475.0,14679,-10392.0,-5475.0,14679.0,12.395024560291553,16789.0,5.59022135798194,Financial Sector Benchmark,1.853014331398792,4.948502614482649,1.2270866832334455,True,158863,0.07441371550396779,-15867.0,5475.0,-10392.0,249840,33.0,52.97796432318993,2.0,,False
821,KOTAKBANK,Mar 2019,29831,15187,19758.0,-5114.0,-17,16148,458,10576,33.0,7204,38.0,2.0,24.149374811437767,66.2331132043847,1001,954.0,56827,291763,45626,395171,2697,0,103487,288987,395171,58.0,Financials,Private Banks,3.47,Large Cap,1822.0,-3323,8365,1822.0,-3323.0,8365,1822.0,-3323.0,8365.0,12.467766220729997,19741.0,5.6476437873343555,Financial Sector Benchmark,1.8230082673070647,5.049462626122774,1.2225043349021552,True,188276,0.07548883900893537,-1501.0,3323.0,1822.0,291763,38.0,60.567085953878404,2.0,,False
822,KOTAKBANK,Mar 2020,33474,15901,22578.0,-5005.0,-15,16892,465,11422,25.0,8593,45.0,0.0,25.670669773555595,67.44936368524826,1002,957.0,65680,326477,50059,443173,2675,0,111197,329301,443173,58.0,Financials,Private Banks,3.47,Large Cap,46619.0,-13068,-735,46619.0,-13068.0,-735,46619.0,-13068.0,-735.0,12.89523838107958,22563.0,5.739556464537005,Financial Sector Benchmark,1.938971913902697,4.899335204165854,1.335721051385271,True,215280,0.07553257982774221,33551.0,13068.0,46619.0,326477,45.0,69.63113897596656,0.0,,False
823,KOTAKBANK,Mar 2021,32820,12967,29812.0,-9958.0,-30,23588,461,13168,25.0,9990,50.0,2.0,30.438756855575868,90.83485679463742,1003,991.0,83348,327110,67405,478854,2554,0,156946,319355,478854,58.0,Financials,Private Banks,3.47,Large Cap,4881.0,-11172,-10072,4881.0,-11172.0,-10072,4881.0,-11172.0,-10072.0,11.845053889659587,29782.0,7.238321152803871,Financial Sector Benchmark,2.086230876216968,3.878514091938486,1.262591148041377,True,170164,0.06853863599343432,-6291.0,11172.0,4881.0,327110,50.0,85.10494450050454,2.0,,False
824,KOTAKBANK,Mar 2022,33741,11554,30699.0,-8512.0,-25,24941,480,15948,25.0,12089,61.0,2.0,35.82881360955514,90.98426246999199,1004,992.0,95673,365747,84086,546498,2723,0,164529,379245,546498,58.0,Financials,Private Banks,3.47,Large Cap,8308.0,-10903,7543,8308.0,-10903.0,7543,8308.0,-10903.0,7543.0,12.50607769099467,30674.0,6.633478369938496,Financial Sector Benchmark,2.2120849481608347,3.783654890601562,1.2298624754420433,True,201218,0.061740390632719605,-2595.0,10903.0,8308.0,365747,61.0,97.4445564516129,2.0,,False
825,KOTAKBANK,Mar 2023,42151,14411,33485.0,-5746.0,-14,25991,599,19646,25.0,14925,75.0,2.0,35.40841261180043,79.44058266707789,1005,993.0,110821,418807,89809,620430,3075,0,195338,422017,620430,58.0,Financials,Private Banks,3.47,Large Cap,-1242.0,-10381,1883,-1242.0,-10381.0,1883,-1242.0,-10381.0,1883.0,13.348060171356002,33471.0,6.307892073626939,Financial Sector Benchmark,2.4055896716793193,3.745568533457349,1.2877919279750683,True,223469,0.06793836532727301,-11623.0,10381.0,-1242.0,418807,75.0,112.60221550855992,2.0,,False
826,KOTAKBANK,Mar 2024,56237,22567,47052.0,-13382.0,-24,38037,792,23863,25.0,18213,92.0,2.0,32.386151466116615,83.66733645109092,1006,994.0,128978,520374,117321,767667,3510,0,246446,517711,767667,58.0,Financials,Private Banks,3.47,Large Cap,15685.0,-8919,15515,15685.0,-8919.0,15515,15685.0,-8919.0,15515.0,14.013018188532914,47028.0,7.231227684955393,Financial Sector Benchmark,2.372513081844081,4.003739266919029,1.2363751084470385,True,273928,0.07325702420450533,6766.0,8919.0,15685.0,520374,92.0,130.75653923541248,2.0,,False
828,LICI,Mar 2019,571508,565587,5920.0,1.0,2615,0,336,8199,68.0,2627,,2.0,0.4596611071061123,1.0358560160137742,988,100.0,710,269401,3157039,3427249,25194,710,2900287,501059,3427249,59.0,Financials,Life Insurance,2.18,Large Cap,13274.0,9636,-13700,13274.0,9636.0,-13700,13274.0,9636.0,-13700.0,324.32098765432096,8535.0,3.1586426903419924,Financial Sector Benchmark,0.07665039803060705,332.59382716049384,,False,-2630886,0.16675415179930025,22910.0,9636.0,13274.0,269401,,8.1,2.0,Debt Free,False
829,LICI,Mar 2020,628043,634989,-6947.0,-1.0,20870,0,379,13544,80.0,2710,,2.0,0.43149911709867,-1.1061344525772918,989,100.0,902,253414,3245419,3499834,28216,734,2976100,494784,3499834,59.0,Financials,Life Insurance,2.18,Large Cap,54367.0,-40415,-18664,54367.0,-40415.0,-18664,54367.0,-40415.0,-18664.0,270.45908183632736,13923.0,5.472533174014213,Financial Sector Benchmark,0.0774322439292835,252.90818363273453,,False,-2722686,0.1794493681700332,13952.0,40415.0,54367.0,253414,,10.02,2.0,Debt Free,False
830,LICI,Mar 2021,690914,691166,-252.0,0.0,12820,0,417,12151,76.0,2974,7.0,0.0,0.43044431000095523,-0.03647342505724301,990,100.0,6784,4,3822637,3829524,17723,148,3517445,294208,3829524,59.0,Financials,Life Insurance,2.18,Large Cap,80602.0,148447,-256125,80602.0,148447.0,-256125,80602.0,148447.0,-256125.0,43.201626961069145,12568.0,182.46225319396052,Financial Sector Benchmark,0.07765978226014512,0.0005810575246949448,,False,-3517441,0.18041772293371186,229049.0,148447.0,80602.0,4,7.0,68.84,0.0,Debt Free,False
831,LICI,Mar 2022,723606,720280,3326.0,0.0,9248,0,436,12138,66.0,4125,57.0,23.0,0.5700616081127022,0.4596424020806903,991,6325.0,5013,1,4242719,4254059,17770,199,3926212,309878,4254059,59.0,Financials,Life Insurance,2.18,Large Cap,-3783.0,12531,0,-3783.0,12531.0,0,-3783.0,12531.0,0.0,36.38207796789557,12574.0,110.8916130170209,Financial Sector Benchmark,0.09696621509010571,8.819897689186806e-05,,False,-3926211,0.17009778190664493,8748.0,12531.0,-3783.0,1,57.0,1.7925691699604742,23.0,Debt Free,False
832,LICI,Mar 2023,784628,750420,34207.0,4.0,7800,77,466,41463,13.0,35997,65.0,5.0,4.5877791768838225,4.359645590012082,992,6325.0,39908,0,4532258,4578491,20473,331,4243008,314678,4578491,59.0,Financials,Life Insurance,2.18,Large Cap,54519.0,-52848,-949,54519.0,-52848.0,-949,54519.0,-52848.0,-949.0,77.85997015119071,42007.0,90.85934289360414,Financial Sector Benchmark,0.7862197392110195,0.0,545.5454545454545,False,-4243008,0.17137262036771503,1671.0,52848.0,54519.0,0,65.0,7.309565217391304,5.0,,False
833,LICI,Mar 2024,845966,813188,32779.0,4.0,14829,128,466,47014,13.0,40916,66.0,15.0,4.836600998148862,3.87474201090824,993,6325.0,76422,0,5233300,5316047,20667,403,4976133,318844,5316047,59.0,Financials,Life Insurance,2.18,Large Cap,26122.0,-25269,-4427,26122.0,-25269.0,-4427,26122.0,-25269.0,-4427.0,49.44710986501021,47608.0,57.534412123702374,Financial Sector Benchmark,0.7696696436280568,0.0,371.9375,False,-4976133,0.15913440945875762,853.0,25269.0,26122.0,0,66.0,13.082529644268774,15.0,,False
978,PFC,Mar 2013,17314,331,5987.0,35.0,12,10995,6,5994,26.0,4438,13.0,21.0,25.63243617881483,34.578953448076696,1049,1320.0,22360,139473,6178,169330,75,0,27,169229,169330,71.0,Financials,Speciality Finance,2.15,Large Cap,-25102.0,22,27947,-25102.0,22.0,27947,-25102.0,22.0,27947.0,18.741554054054056,5999.0,3.676916759115677,Financial Sector Benchmark,2.6209177346010746,5.889907094594594,0.5456116416552979,True,139446,0.10225004429221048,-25080.0,22.0,-25102.0,139473,13.0,17.939393939393938,21.0,,False
979,PFC,Mar 2014,21407,748,7607.0,36.0,23,13053,5,7624,28.0,5462,17.0,22.0,25.515018451908254,35.53510533937497,1050,1320.0,26202,159215,7582,194320,72,1,27,194220,194320,71.0,Financials,Speciality Finance,2.15,Large Cap,-22473.0,9,17671,-22473.0,9.0,17671,-22473.0,9.0,17671.0,19.845941428675243,7630.0,4.085960468466346,Financial Sector Benchmark,2.81082750102923,5.785008356950803,0.5845399525013407,True,159188,0.11016364759160148,-22464.0,9.0,-22473.0,159215,17.0,20.85,22.0,,False
980,PFC,Mar 2015,24988,1103,8429.0,34.0,25,15456,8,8446,29.0,6004,18.0,20.0,24.027533215943652,33.73219145189691,1051,1320.0,31091,187795,8705,228912,102,2,528,228280,228912,71.0,Financials,Speciality Finance,2.15,Large Cap,-21455.0,-491,26916,-21455.0,-491.0,26916,-21455.0,-491.0,26916.0,18.52457498997254,8454.0,3.83913244870712,Financial Sector Benchmark,2.6228419654714474,5.794174817191694,0.546972049689441,True,187267,0.10915985182078702,-21946.0,491.0,-21455.0,187795,18.0,24.55378787878788,20.0,,False
981,PFC,Mar 2016,27861,2042,9162.0,33.0,25,16657,20,9167,33.0,6184,19.0,30.0,22.19590108036323,32.88467750619145,1052,1320.0,34708,200660,10531,247220,198,47,2230,244745,247220,71.0,Financials,Speciality Finance,2.15,Large Cap,-13298.0,-1973,10383,-13298.0,-1973.0,10383,-13298.0,-1973.0,10383.0,17.164427667369825,9187.0,3.8814811059284797,Financial Sector Benchmark,2.501415743062859,5.569557011213501,0.5515398931380201,True,198430,0.11269719278375535,-15271.0,1973.0,-13298.0,200660,19.0,27.293939393939393,30.0,,False
982,PFC,Mar 2017,27581,5538,5275.0,19.0,30,16768,41,5264,58.0,2236,7.0,59.0,8.107030201950618,19.125484935281534,1053,2640.0,34205,202993,19700,259537,296,105,3145,255990,259537,71.0,Financials,Speciality Finance,2.15,Large Cap,1795.0,-667,1950,1795.0,-667.0,1950,1795.0,-667.0,1950.0,6.068666033383091,5305.0,2.2119097057180266,Financial Sector Benchmark,0.8615341935831885,5.5093771203691135,0.3163764312977099,True,199848,0.10627001159757568,1128.0,667.0,1795.0,202993,7.0,13.956439393939394,59.0,,False
983,PFC,Mar 2018,48624,6583,11752.0,24.0,42,30289,15,11779,25.0,8797,20.0,31.0,18.091888779203686,24.169134583744654,1054,2640.0,37194,441151,41546,522531,161,129,5493,516749,522531,71.0,Financials,Speciality Finance,2.15,Large Cap,-57148.0,1409,52018,-57148.0,1409.0,52018,-57148.0,1409.0,52018.0,22.08414921925993,11794.0,2.4520515192781476,Financial Sector Benchmark,1.6835364791753984,11.074735150876135,0.38938228399749086,True,435658,0.09305476612870815,-55739.0,1409.0,-57148.0,441151,20.0,15.088636363636363,31.0,,False
984,PFC,Mar 2019,54106,1696,17783.0,33.0,94,34627,15,17862,29.0,12640,30.0,0.0,23.361549550881602,32.866964846782246,1055,2640.0,44481,539488,42260,628869,196,199,4604,623871,628869,71.0,Financials,Speciality Finance,2.15,Large Cap,-80252.0,-13463,93616,-80252.0,-13463.0,93616,-80252.0,-13463.0,93616.0,26.824558052672902,17877.0,3.047515466008875,Financial Sector Benchmark,2.009957558728447,11.448993017975,0.5162734282496317,True,534884,0.08603699657639349,-93715.0,13463.0,-80252.0,539488,30.0,17.848863636363635,0.0,,False
985,PFC,Mar 2020,62189,7332,14012.0,23.0,105,40845,24,14093,33.0,9477,22.0,35.0,15.23902941034588,22.53131582755793,1056,2640.0,46760,596561,48560,694521,238,288,4404,689590,694521,71.0,Financials,Speciality Finance,2.15,Large Cap,-42148.0,-73,43399,-42148.0,-73.0,43399,-42148.0,-73.0,43399.0,19.18421052631579,14117.0,2.1854260551333593,Financial Sector Benchmark,1.3645375733779108,12.076133603238866,0.3456236993512058,True,592157,0.08954228885807629,-42221.0,73.0,-42148.0,596561,22.0,18.71212121212121,35.0,,False
986,PFC,Mar 2021,71656,7102,19871.0,28.0,46,44684,25,19891,21.0,15716,36.0,22.0,21.932566707602994,27.731104164340735,1057,2640.0,58127,659682,55257,775707,341,336,3499,771530,775707,71.0,Financials,Speciality Finance,2.15,Large Cap,-59143.0,1741,60424,-59143.0,1741.0,60424,-59143.0,1741.0,60424.0,25.86272154294272,19917.0,2.7645260108626704,Financial Sector Benchmark,2.0260227121838525,10.855925090921058,0.4457300152179751,True,656183,0.09237508492252874,-57402.0,1741.0,-59143.0,659682,36.0,23.017803030303032,22.0,,False
987,PFC,Mar 2022,76262,8215,23338.0,31.0,79,44709,35,23382,20.0,18768,42.0,23.0,24.60989745876059,30.602396999816424,1058,2640.0,69036,660476,58848,791000,719,53,3774,786454,791000,71.0,Financials,Speciality Finance,2.15,Large Cap,4904.0,-547,-8371,4904.0,-547.0,-8371,4904.0,-547.0,-8371.0,26.18449690272895,23417.0,3.1983795714551073,Financial Sector Benchmark,2.372692793931732,9.214744126346336,0.523764790087007,True,656702,0.09641213653603034,4357.0,547.0,4904.0,660476,42.0,27.15,23.0,,False
988,PFC,Mar 2023,77684,4167,26501.0,34.0,47,47017,52,26496,20.0,21179,48.0,22.0,27.263014262911284,34.11384583698059,1059,2640.0,81518,751158,60796,896112,782,22,5973,889334,896112,71.0,Financials,Speciality Finance,2.15,Large Cap,-74717.0,-1694,75537,-74717.0,-1694.0,75537,-74717.0,-1694.0,75537.0,25.165759642577058,26548.0,3.178198430294643,Financial Sector Benchmark,2.363432249540236,8.925568573397657,0.564646829870047,True,745185,0.08669005660006784,-76411.0,1694.0,-74717.0,751158,48.0,31.878030303030304,22.0,,False
989,PFC,Mar 2024,91508,-27,33573.0,37.0,69,57962,53,33588,21.0,26461,60.0,23.0,28.916597455960137,36.68859553263103,1060,3300.0,97847,861961,75770,1038877,764,39,10971,1027102,1038877,71.0,Financials,Speciality Finance,2.15,Large Cap,-97820.0,-3409,101261,-97820.0,-3409.0,101261,-97820.0,-3409.0,101261.0,26.1609340860332,33642.0,3.493066198183381,Financial Sector Benchmark,2.54707727671322,8.521864217426122,0.5804147544943239,True,850990,0.0880835748601615,-101229.0,3409.0,-97820.0,861961,60.0,30.650606060606062,23.0,,False
1004,PNB,Mar 2013,43071,12456,,,4310,27802,336,6786,27.0,5020,28.0,19.0,11.655174014998492,,1075,50.0,568,6695,342,7655,14,4,777,6860,7655,73.0,Financials,Public Sector Banks,3.82,Large Cap,-692.0,-600,-694,-692.0,-600.0,-694,-692.0,-600.0,-694.0,812.2977346278317,,,Financial Sector Benchmark,65.57805355976485,10.833333333333334,,False,5918,5.626518615284128,-1292.0,600.0,-692.0,6695,28.0,12.36,19.0,,False
1004,PNB,Mar 2013,43071,12456,,,4310,27802,336,6786,27.0,5020,28.0,19.0,11.655174014998492,,1087,50.0,568,6695,342,7655,14,4,777,6860,7655,73.0,Financials,Public Sector Banks,3.82,Large Cap,-692.0,-600,-694,-692.0,-600.0,-694,-692.0,-600.0,-694.0,812.2977346278317,,,Financial Sector Benchmark,65.57805355976485,10.833333333333334,,False,5918,5.626518615284128,-1292.0,600.0,-692.0,6695,28.0,12.36,19.0,,False
1004,PNB,Mar 2013,43071,12456,,,4310,27802,336,6786,27.0,5020,28.0,19.0,11.655174014998492,,1099,50.0,568,6695,342,7655,14,4,777,6860,7655,73.0,Financials,Public Sector Banks,3.82,Large Cap,-692.0,-600,-694,-692.0,-600.0,-694,-692.0,-600.0,-694.0,812.2977346278317,,,Financial Sector Benchmark,65.57805355976485,10.833333333333334,,False,5918,5.626518615284128,-1292.0,600.0,-692.0,6695,28.0,12.36,19.0,,False
1004,PNB,Mar 2013,43071,12456,,,4310,27802,336,6786,27.0,5020,28.0,19.0,11.655174014998492,,1111,50.0,568,6695,342,7655,14,4,777,6860,7655,73.0,Financials,Public Sector Banks,3.82,Large Cap,-692.0,-600,-694,-692.0,-600.0,-694,-692.0,-600.0,-694.0,812.2977346278317,,,Financial Sector Benchmark,65.57805355976485,10.833333333333334,,False,5918,5.626518615284128,-1292.0,600.0,-692.0,6695,28.0,12.36,19.0,,False
1004,PNB,Mar 2013,43071,12456,,,4310,27802,336,6786,27.0,5020,28.0,19.0,11.655174014998492,,1123,50.0,568,6695,342,7655,14,4,777,6860,7655,73.0,Financials,Public Sector Banks,3.82,Large Cap,-692.0,-600,-694,-692.0,-600.0,-694,-692.0,-600.0,-694.0,812.2977346278317,,,Financial Sector Benchmark,65.57805355976485,10.833333333333334,,False,5918,5.626518615284128,-1292.0,600.0,-692.0,6695,28.0,12.36,19.0,,False
1005,PNB,Mar 2014,44958,16112,,,4710,28220,367,4969,29.0,3674,20.0,10.0,8.172071711375061,,1076,66.0,868,10108,498,11540,26,3,645,10865,11540,73.0,Financials,Public Sector Banks,3.82,Large Cap,16906.0,-302,2129,16906.0,-302.0,2129,16906.0,-302.0,2129.0,393.3618843683083,,,Financial Sector Benchmark,31.83708838821491,10.822269807280515,,False,9463,3.895840554592721,16604.0,302.0,16906.0,10108,20.0,14.151515151515152,10.0,,False
1005,PNB,Mar 2014,44958,16112,,,4710,28220,367,4969,29.0,3674,20.0,10.0,8.172071711375061,,1088,66.0,868,10108,498,11540,26,3,645,10865,11540,73.0,Financials,Public Sector Banks,3.82,Large Cap,16906.0,-302,2129,16906.0,-302.0,2129,16906.0,-302.0,2129.0,393.3618843683083,,,Financial Sector Benchmark,31.83708838821491,10.822269807280515,,False,9463,3.895840554592721,16604.0,302.0,16906.0,10108,20.0,14.151515151515152,10.0,,False
1005,PNB,Mar 2014,44958,16112,,,4710,28220,367,4969,29.0,3674,20.0,10.0,8.172071711375061,,1100,66.0,868,10108,498,11540,26,3,645,10865,11540,73.0,Financials,Public Sector Banks,3.82,Large Cap,16906.0,-302,2129,16906.0,-302.0,2129,16906.0,-302.0,2129.0,393.3618843683083,,,Financial Sector Benchmark,31.83708838821491,10.822269807280515,,False,9463,3.895840554592721,16604.0,302.0,16906.0,10108,20.0,14.151515151515152,10.0,,False
1005,PNB,Mar 2014,44958,16112,,,4710,28220,367,4969,29.0,3674,20.0,10.0,8.172071711375061,,1112,66.0,868,10108,498,11540,26,3,645,10865,11540,73.0,Financials,Public Sector Banks,3.82,Large Cap,16906.0,-302,2129,16906.0,-302.0,2129,16906.0,-302.0,2129.0,393.3618843683083,,,Financial Sector Benchmark,31.83708838821491,10.822269807280515,,False,9463,3.895840554592721,16604.0,302.0,16906.0,10108,20.0,14.151515151515152,10.0,,False
1005,PNB,Mar 2014,44958,16112,,,4710,28220,367,4969,29.0,3674,20.0,10.0,8.172071711375061,,1124,66.0,868,10108,498,11540,26,3,645,10865,11540,73.0,Financials,Public Sector Banks,3.82,Large Cap,16906.0,-302,2129,16906.0,-302.0,2129,16906.0,-302.0,2129.0,393.3618843683083,,,Financial Sector Benchmark,31.83708838821491,10.822269807280515,,False,9463,3.895840554592721,16604.0,302.0,16906.0,10108,20.0,14.151515151515152,10.0,,False
1006,PNB,Mar 2015,48710,18760,,,6175,31343,384,4397,24.0,3525,18.0,18.0,7.236707041675221,,1077,104.0,1475,16481,976,19035,40,18,1586,17392,19035,73.0,Financials,Public Sector Banks,3.82,Large Cap,4814.0,-872,7451,4814.0,-872.0,7451,4814.0,-872.0,7451.0,223.2425585813806,,,Financial Sector Benchmark,18.51851851851852,10.437618746041798,,False,14895,2.5589703178355663,3942.0,872.0,4814.0,16481,18.0,15.182692307692308,18.0,,False
1006,PNB,Mar 2015,48710,18760,,,6175,31343,384,4397,24.0,3525,18.0,18.0,7.236707041675221,,1089,104.0,1475,16481,976,19035,40,18,1586,17392,19035,73.0,Financials,Public Sector Banks,3.82,Large Cap,4814.0,-872,7451,4814.0,-872.0,7451,4814.0,-872.0,7451.0,223.2425585813806,,,Financial Sector Benchmark,18.51851851851852,10.437618746041798,,False,14895,2.5589703178355663,3942.0,872.0,4814.0,16481,18.0,15.182692307692308,18.0,,False
1006,PNB,Mar 2015,48710,18760,,,6175,31343,384,4397,24.0,3525,18.0,18.0,7.236707041675221,,1101,104.0,1475,16481,976,19035,40,18,1586,17392,19035,73.0,Financials,Public Sector Banks,3.82,Large Cap,4814.0,-872,7451,4814.0,-872.0,7451,4814.0,-872.0,7451.0,223.2425585813806,,,Financial Sector Benchmark,18.51851851851852,10.437618746041798,,False,14895,2.5589703178355663,3942.0,872.0,4814.0,16481,18.0,15.182692307692308,18.0,,False
1006,PNB,Mar 2015,48710,18760,,,6175,31343,384,4397,24.0,3525,18.0,18.0,7.236707041675221,,1113,104.0,1475,16481,976,19035,40,18,1586,17392,19035,73.0,Financials,Public Sector Banks,3.82,Large Cap,4814.0,-872,7451,4814.0,-872.0,7451,4814.0,-872.0,7451.0,223.2425585813806,,,Financial Sector Benchmark,18.51851851851852,10.437618746041798,,False,14895,2.5589703178355663,3942.0,872.0,4814.0,16481,18.0,15.182692307692308,18.0,,False
1006,PNB,Mar 2015,48710,18760,,,6175,31343,384,4397,24.0,3525,18.0,18.0,7.236707041675221,,1125,104.0,1475,16481,976,19035,40,18,1586,17392,19035,73.0,Financials,Public Sector Banks,3.82,Large Cap,4814.0,-872,7451,4814.0,-872.0,7451,4814.0,-872.0,7451.0,223.2425585813806,,,Financial Sector Benchmark,18.51851851851852,10.437618746041798,,False,14895,2.5589703178355663,3942.0,872.0,4814.0,16481,18.0,15.182692307692308,18.0,,False
1007,PNB,Mar 2016,50804,27453,,,6100,34331,413,-5293,-31.0,-3510,-19.0,-2.0,-6.908904810644831,,1078,127.0,2019,26014,1511,29671,58,4,1622,27987,29671,73.0,Financials,Public Sector Banks,3.82,Large Cap,14167.0,-1352,5975,14167.0,-1352.0,5975,14167.0,-1352.0,5975.0,-163.56011183597388,,,Financial Sector Benchmark,-11.829732735667823,12.122087604846225,,False,24392,1.7122442789255503,12815.0,1352.0,14167.0,26014,-19.0,16.89763779527559,-2.0,,False
1007,PNB,Mar 2016,50804,27453,,,6100,34331,413,-5293,-31.0,-3510,-19.0,-2.0,-6.908904810644831,,1090,127.0,2019,26014,1511,29671,58,4,1622,27987,29671,73.0,Financials,Public Sector Banks,3.82,Large Cap,14167.0,-1352,5975,14167.0,-1352.0,5975,14167.0,-1352.0,5975.0,-163.56011183597388,,,Financial Sector Benchmark,-11.829732735667823,12.122087604846225,,False,24392,1.7122442789255503,12815.0,1352.0,14167.0,26014,-19.0,16.89763779527559,-2.0,,False
1007,PNB,Mar 2016,50804,27453,,,6100,34331,413,-5293,-31.0,-3510,-19.0,-2.0,-6.908904810644831,,1102,127.0,2019,26014,1511,29671,58,4,1622,27987,29671,73.0,Financials,Public Sector Banks,3.82,Large Cap,14167.0,-1352,5975,14167.0,-1352.0,5975,14167.0,-1352.0,5975.0,-163.56011183597388,,,Financial Sector Benchmark,-11.829732735667823,12.122087604846225,,False,24392,1.7122442789255503,12815.0,1352.0,14167.0,26014,-19.0,16.89763779527559,-2.0,,False
1007,PNB,Mar 2016,50804,27453,,,6100,34331,413,-5293,-31.0,-3510,-19.0,-2.0,-6.908904810644831,,1114,127.0,2019,26014,1511,29671,58,4,1622,27987,29671,73.0,Financials,Public Sector Banks,3.82,Large Cap,14167.0,-1352,5975,14167.0,-1352.0,5975,14167.0,-1352.0,5975.0,-163.56011183597388,,,Financial Sector Benchmark,-11.829732735667823,12.122087604846225,,False,24392,1.7122442789255503,12815.0,1352.0,14167.0,26014,-19.0,16.89763779527559,-2.0,,False
1007,PNB,Mar 2016,50804,27453,,,6100,34331,413,-5293,-31.0,-3510,-19.0,-2.0,-6.908904810644831,,1126,127.0,2019,26014,1511,29671,58,4,1622,27987,29671,73.0,Financials,Public Sector Banks,3.82,Large Cap,14167.0,-1352,5975,14167.0,-1352.0,5975,14167.0,-1352.0,5975.0,-163.56011183597388,,,Financial Sector Benchmark,-11.829732735667823,12.122087604846225,,False,24392,1.7122442789255503,12815.0,1352.0,14167.0,26014,-19.0,16.89763779527559,-2.0,,False
1008,PNB,Mar 2017,48058,22533,,,9168,32722,430,1540,41.0,1239,6.0,0.0,2.578134753839111,,1079,166.0,5412,35497,1885,42960,58,2,3280,39620,42960,73.0,Financials,Public Sector Banks,3.82,Large Cap,21938.0,159,-9767,21938.0,159.0,-9767,21938.0,159.0,-9767.0,22.212262459662963,,,Financial Sector Benchmark,2.884078212290503,6.3637504481893155,,False,32217,1.1186685288640597,22097.0,159.0,21938.0,35497,6.0,33.602409638554214,0.0,,False
1008,PNB,Mar 2017,48058,22533,,,9168,32722,430,1540,41.0,1239,6.0,0.0,2.578134753839111,,1091,166.0,5412,35497,1885,42960,58,2,3280,39620,42960,73.0,Financials,Public Sector Banks,3.82,Large Cap,21938.0,159,-9767,21938.0,159.0,-9767,21938.0,159.0,-9767.0,22.212262459662963,,,Financial Sector Benchmark,2.884078212290503,6.3637504481893155,,False,32217,1.1186685288640597,22097.0,159.0,21938.0,35497,6.0,33.602409638554214,0.0,,False
1008,PNB,Mar 2017,48058,22533,,,9168,32722,430,1540,41.0,1239,6.0,0.0,2.578134753839111,,1103,166.0,5412,35497,1885,42960,58,2,3280,39620,42960,73.0,Financials,Public Sector Banks,3.82,Large Cap,21938.0,159,-9767,21938.0,159.0,-9767,21938.0,159.0,-9767.0,22.212262459662963,,,Financial Sector Benchmark,2.884078212290503,6.3637504481893155,,False,32217,1.1186685288640597,22097.0,159.0,21938.0,35497,6.0,33.602409638554214,0.0,,False
1008,PNB,Mar 2017,48058,22533,,,9168,32722,430,1540,41.0,1239,6.0,0.0,2.578134753839111,,1115,166.0,5412,35497,1885,42960,58,2,3280,39620,42960,73.0,Financials,Public Sector Banks,3.82,Large Cap,21938.0,159,-9767,21938.0,159.0,-9767,21938.0,159.0,-9767.0,22.212262459662963,,,Financial Sector Benchmark,2.884078212290503,6.3637504481893155,,False,32217,1.1186685288640597,22097.0,159.0,21938.0,35497,6.0,33.602409638554214,0.0,,False
1008,PNB,Mar 2017,48058,22533,,,9168,32722,430,1540,41.0,1239,6.0,0.0,2.578134753839111,,1127,166.0,5412,35497,1885,42960,58,2,3280,39620,42960,73.0,Financials,Public Sector Banks,3.82,Large Cap,21938.0,159,-9767,21938.0,159.0,-9767,21938.0,159.0,-9767.0,22.212262459662963,,,Financial Sector Benchmark,2.884078212290503,6.3637504481893155,,False,32217,1.1186685288640597,22097.0,159.0,21938.0,35497,6.0,33.602409638554214,0.0,,False
1009,PNB,Mar 2018,48725,43345,,,8883,33530,581,-19849,-37.0,-12111,-44.0,0.0,-24.855823499230375,,1080,167.0,6402,53777,2673,63018,255,10,2413,60340,63018,73.0,Financials,Public Sector Banks,3.82,Large Cap,-1742.0,392,7460,-1742.0,392.0,7460,-1742.0,392.0,7460.0,-184.36596133353632,,,Financial Sector Benchmark,-19.218318575645053,8.186481960724615,,False,51364,0.7731917864737059,-1350.0,392.0,-1742.0,53777,-44.0,39.33532934131737,0.0,,False
1009,PNB,Mar 2018,48725,43345,,,8883,33530,581,-19849,-37.0,-12111,-44.0,0.0,-24.855823499230375,,1092,167.0,6402,53777,2673,63018,255,10,2413,60340,63018,73.0,Financials,Public Sector Banks,3.82,Large Cap,-1742.0,392,7460,-1742.0,392.0,7460,-1742.0,392.0,7460.0,-184.36596133353632,,,Financial Sector Benchmark,-19.218318575645053,8.186481960724615,,False,51364,0.7731917864737059,-1350.0,392.0,-1742.0,53777,-44.0,39.33532934131737,0.0,,False
1009,PNB,Mar 2018,48725,43345,,,8883,33530,581,-19849,-37.0,-12111,-44.0,0.0,-24.855823499230375,,1104,167.0,6402,53777,2673,63018,255,10,2413,60340,63018,73.0,Financials,Public Sector Banks,3.82,Large Cap,-1742.0,392,7460,-1742.0,392.0,7460,-1742.0,392.0,7460.0,-184.36596133353632,,,Financial Sector Benchmark,-19.218318575645053,8.186481960724615,,False,51364,0.7731917864737059,-1350.0,392.0,-1742.0,53777,-44.0,39.33532934131737,0.0,,False
1009,PNB,Mar 2018,48725,43345,,,8883,33530,581,-19849,-37.0,-12111,-44.0,0.0,-24.855823499230375,,1116,167.0,6402,53777,2673,63018,255,10,2413,60340,63018,73.0,Financials,Public Sector Banks,3.82,Large Cap,-1742.0,392,7460,-1742.0,392.0,7460,-1742.0,392.0,7460.0,-184.36596133353632,,,Financial Sector Benchmark,-19.218318575645053,8.186481960724615,,False,51364,0.7731917864737059,-1350.0,392.0,-1742.0,53777,-44.0,39.33532934131737,0.0,,False
1009,PNB,Mar 2018,48725,43345,,,8883,33530,581,-19849,-37.0,-12111,-44.0,0.0,-24.855823499230375,,1128,167.0,6402,53777,2673,63018,255,10,2413,60340,63018,73.0,Financials,Public Sector Banks,3.82,Large Cap,-1742.0,392,7460,-1742.0,392.0,7460,-1742.0,392.0,7460.0,-184.36596133353632,,,Financial Sector Benchmark,-19.218318575645053,8.186481960724615,,False,51364,0.7731917864737059,-1350.0,392.0,-1742.0,53777,-44.0,39.33532934131737,0.0,,False
1010,PNB,Mar 2019,52147,39645,,,7367,34656,584,-15370,-35.0,-9550,-21.0,0.0,-18.31361343893225,,1081,167.0,7268,71859,4456,83750,102,5,4457,79185,83750,73.0,Financials,Public Sector Banks,3.82,Large Cap,-33532.0,-629,13969,-33532.0,-629.0,13969,-33532.0,-629.0,13969.0,-128.4465366509751,,,Financial Sector Benchmark,-11.402985074626866,9.664963012777404,,False,67402,0.6226507462686567,-34161.0,629.0,-33532.0,71859,-21.0,44.52095808383233,0.0,,False
1010,PNB,Mar 2019,52147,39645,,,7367,34656,584,-15370,-35.0,-9550,-21.0,0.0,-18.31361343893225,,1093,167.0,7268,71859,4456,83750,102,5,4457,79185,83750,73.0,Financials,Public Sector Banks,3.82,Large Cap,-33532.0,-629,13969,-33532.0,-629.0,13969,-33532.0,-629.0,13969.0,-128.4465366509751,,,Financial Sector Benchmark,-11.402985074626866,9.664963012777404,,False,67402,0.6226507462686567,-34161.0,629.0,-33532.0,71859,-21.0,44.52095808383233,0.0,,False
1010,PNB,Mar 2019,52147,39645,,,7367,34656,584,-15370,-35.0,-9550,-21.0,0.0,-18.31361343893225,,1105,167.0,7268,71859,4456,83750,102,5,4457,79185,83750,73.0,Financials,Public Sector Banks,3.82,Large Cap,-33532.0,-629,13969,-33532.0,-629.0,13969,-33532.0,-629.0,13969.0,-128.4465366509751,,,Financial Sector Benchmark,-11.402985074626866,9.664963012777404,,False,67402,0.6226507462686567,-34161.0,629.0,-33532.0,71859,-21.0,44.52095808383233,0.0,,False
1010,PNB,Mar 2019,52147,39645,,,7367,34656,584,-15370,-35.0,-9550,-21.0,0.0,-18.31361343893225,,1117,167.0,7268,71859,4456,83750,102,5,4457,79185,83750,73.0,Financials,Public Sector Banks,3.82,Large Cap,-33532.0,-629,13969,-33532.0,-629.0,13969,-33532.0,-629.0,13969.0,-128.4465366509751,,,Financial Sector Benchmark,-11.402985074626866,9.664963012777404,,False,67402,0.6226507462686567,-34161.0,629.0,-33532.0,71859,-21.0,44.52095808383233,0.0,,False
1010,PNB,Mar 2019,52147,39645,,,7367,34656,584,-15370,-35.0,-9550,-21.0,0.0,-18.31361343893225,,1129,167.0,7268,71859,4456,83750,102,5,4457,79185,83750,73.0,Financials,Public Sector Banks,3.82,Large Cap,-33532.0,-629,13969,-33532.0,-629.0,13969,-33532.0,-629.0,13969.0,-128.4465366509751,,,Financial Sector Benchmark,-11.402985074626866,9.664963012777404,,False,67402,0.6226507462686567,-34161.0,629.0,-33532.0,71859,-21.0,44.52095808383233,0.0,,False
1011,PNB,Mar 2020,54918,25867,,,9388,36997,614,827,56.0,485,1.0,0.0,0.883134855602899,,1082,168.0,7779,67736,3191,78874,250,4,2048,76572,78874,73.0,Financials,Public Sector Banks,3.82,Large Cap,-12793.0,-338,13591,-12793.0,-338.0,13591,-12793.0,-338.0,13591.0,6.1029319239964765,,,Financial Sector Benchmark,0.6149047848467175,8.523467975336604,,False,65688,0.6962750716332379,-13131.0,338.0,-12793.0,67736,1.0,47.30357142857143,0.0,,False
1011,PNB,Mar 2020,54918,25867,,,9388,36997,614,827,56.0,485,1.0,0.0,0.883134855602899,,1094,168.0,7779,67736,3191,78874,250,4,2048,76572,78874,73.0,Financials,Public Sector Banks,3.82,Large Cap,-12793.0,-338,13591,-12793.0,-338.0,13591,-12793.0,-338.0,13591.0,6.1029319239964765,,,Financial Sector Benchmark,0.6149047848467175,8.523467975336604,,False,65688,0.6962750716332379,-13131.0,338.0,-12793.0,67736,1.0,47.30357142857143,0.0,,False
1011,PNB,Mar 2020,54918,25867,,,9388,36997,614,827,56.0,485,1.0,0.0,0.883134855602899,,1106,168.0,7779,67736,3191,78874,250,4,2048,76572,78874,73.0,Financials,Public Sector Banks,3.82,Large Cap,-12793.0,-338,13591,-12793.0,-338.0,13591,-12793.0,-338.0,13591.0,6.1029319239964765,,,Financial Sector Benchmark,0.6149047848467175,8.523467975336604,,False,65688,0.6962750716332379,-13131.0,338.0,-12793.0,67736,1.0,47.30357142857143,0.0,,False
1011,PNB,Mar 2020,54918,25867,,,9388,36997,614,827,56.0,485,1.0,0.0,0.883134855602899,,1118,168.0,7779,67736,3191,78874,250,4,2048,76572,78874,73.0,Financials,Public Sector Banks,3.82,Large Cap,-12793.0,-338,13591,-12793.0,-338.0,13591,-12793.0,-338.0,13591.0,6.1029319239964765,,,Financial Sector Benchmark,0.6149047848467175,8.523467975336604,,False,65688,0.6962750716332379,-13131.0,338.0,-12793.0,67736,1.0,47.30357142857143,0.0,,False
1011,PNB,Mar 2020,54918,25867,,,9388,36997,614,827,56.0,485,1.0,0.0,0.883134855602899,,1130,168.0,7779,67736,3191,78874,250,4,2048,76572,78874,73.0,Financials,Public Sector Banks,3.82,Large Cap,-12793.0,-338,13591,-12793.0,-338.0,13591,-12793.0,-338.0,13591.0,6.1029319239964765,,,Financial Sector Benchmark,0.6149047848467175,8.523467975336604,,False,65688,0.6962750716332379,-13131.0,338.0,-12793.0,67736,1.0,47.30357142857143,0.0,,False
1012,PNB,Mar 2021,81935,38601,,,12777,50805,982,4325,38.0,2695,2.0,0.0,3.289192652712516,,1083,168.0,8699,59394,3072,71333,181,2,2033,69117,71333,73.0,Financials,Public Sector Banks,3.82,Large Cap,30950.0,-787,5415,30950.0,-787.0,5415,30950.0,-787.0,5415.0,30.393594225780983,,,Financial Sector Benchmark,3.7780550376403625,6.69831961204466,,False,57361,1.1486268627423493,30163.0,787.0,30950.0,59394,2.0,52.779761904761905,0.0,,False
1012,PNB,Mar 2021,81935,38601,,,12777,50805,982,4325,38.0,2695,2.0,0.0,3.289192652712516,,1095,168.0,8699,59394,3072,71333,181,2,2033,69117,71333,73.0,Financials,Public Sector Banks,3.82,Large Cap,30950.0,-787,5415,30950.0,-787.0,5415,30950.0,-787.0,5415.0,30.393594225780983,,,Financial Sector Benchmark,3.7780550376403625,6.69831961204466,,False,57361,1.1486268627423493,30163.0,787.0,30950.0,59394,2.0,52.779761904761905,0.0,,False
1012,PNB,Mar 2021,81935,38601,,,12777,50805,982,4325,38.0,2695,2.0,0.0,3.289192652712516,,1107,168.0,8699,59394,3072,71333,181,2,2033,69117,71333,73.0,Financials,Public Sector Banks,3.82,Large Cap,30950.0,-787,5415,30950.0,-787.0,5415,30950.0,-787.0,5415.0,30.393594225780983,,,Financial Sector Benchmark,3.7780550376403625,6.69831961204466,,False,57361,1.1486268627423493,30163.0,787.0,30950.0,59394,2.0,52.779761904761905,0.0,,False
1012,PNB,Mar 2021,81935,38601,,,12777,50805,982,4325,38.0,2695,2.0,0.0,3.289192652712516,,1119,168.0,8699,59394,3072,71333,181,2,2033,69117,71333,73.0,Financials,Public Sector Banks,3.82,Large Cap,30950.0,-787,5415,30950.0,-787.0,5415,30950.0,-787.0,5415.0,30.393594225780983,,,Financial Sector Benchmark,3.7780550376403625,6.69831961204466,,False,57361,1.1486268627423493,30163.0,787.0,30950.0,59394,2.0,52.779761904761905,0.0,,False
1012,PNB,Mar 2021,81935,38601,,,12777,50805,982,4325,38.0,2695,2.0,0.0,3.289192652712516,,1131,168.0,8699,59394,3072,71333,181,2,2033,69117,71333,73.0,Financials,Public Sector Banks,3.82,Large Cap,30950.0,-787,5415,30950.0,-787.0,5415,30950.0,-787.0,5415.0,30.393594225780983,,,Financial Sector Benchmark,3.7780550376403625,6.69831961204466,,False,57361,1.1486268627423493,30163.0,787.0,30950.0,59394,2.0,52.779761904761905,0.0,,False
1013,PNB,Mar 2022,76242,36026,,,12329,46823,896,4826,19.0,3908,4.0,18.0,5.125783688780462,,1084,169.0,9632,52961,2888,65649,150,4,3472,62024,65649,73.0,Financials,Public Sector Banks,3.82,Large Cap,20032.0,-1204,2032,20032.0,-1204.0,2032,20032.0,-1204.0,2032.0,39.87348229772472,,,Financial Sector Benchmark,5.95287056923944,5.403632282420161,,False,49489,1.161358131883197,18828.0,1204.0,20032.0,52961,4.0,57.994082840236686,18.0,,False
1013,PNB,Mar 2022,76242,36026,,,12329,46823,896,4826,19.0,3908,4.0,18.0,5.125783688780462,,1096,169.0,9632,52961,2888,65649,150,4,3472,62024,65649,73.0,Financials,Public Sector Banks,3.82,Large Cap,20032.0,-1204,2032,20032.0,-1204.0,2032,20032.0,-1204.0,2032.0,39.87348229772472,,,Financial Sector Benchmark,5.95287056923944,5.403632282420161,,False,49489,1.161358131883197,18828.0,1204.0,20032.0,52961,4.0,57.994082840236686,18.0,,False
1013,PNB,Mar 2022,76242,36026,,,12329,46823,896,4826,19.0,3908,4.0,18.0,5.125783688780462,,1108,169.0,9632,52961,2888,65649,150,4,3472,62024,65649,73.0,Financials,Public Sector Banks,3.82,Large Cap,20032.0,-1204,2032,20032.0,-1204.0,2032,20032.0,-1204.0,2032.0,39.87348229772472,,,Financial Sector Benchmark,5.95287056923944,5.403632282420161,,False,49489,1.161358131883197,18828.0,1204.0,20032.0,52961,4.0,57.994082840236686,18.0,,False
1013,PNB,Mar 2022,76242,36026,,,12329,46823,896,4826,19.0,3908,4.0,18.0,5.125783688780462,,1120,169.0,9632,52961,2888,65649,150,4,3472,62024,65649,73.0,Financials,Public Sector Banks,3.82,Large Cap,20032.0,-1204,2032,20032.0,-1204.0,2032,20032.0,-1204.0,2032.0,39.87348229772472,,,Financial Sector Benchmark,5.95287056923944,5.403632282420161,,False,49489,1.161358131883197,18828.0,1204.0,20032.0,52961,4.0,57.994082840236686,18.0,,False
1013,PNB,Mar 2022,76242,36026,,,12329,46823,896,4826,19.0,3908,4.0,18.0,5.125783688780462,,1132,169.0,9632,52961,2888,65649,150,4,3472,62024,65649,73.0,Financials,Public Sector Banks,3.82,Large Cap,20032.0,-1204,2032,20032.0,-1204.0,2032,20032.0,-1204.0,2032.0,39.87348229772472,,,Financial Sector Benchmark,5.95287056923944,5.403632282420161,,False,49489,1.161358131883197,18828.0,1204.0,20032.0,52961,4.0,57.994082840236686,18.0,,False
1014,PNB,Mar 2023,86845,41502,,,12529,51817,905,5151,35.0,3359,3.0,21.0,3.8678104669238302,,1085,169.0,10784,53621,2231,66805,146,3,3188,63468,66805,73.0,Financials,Public Sector Banks,3.82,Large Cap,22592.0,-732,1275,22592.0,-732.0,1275,22592.0,-732.0,1275.0,30.667397060166163,,,Financial Sector Benchmark,5.02806676146995,4.895553729571807,,False,50433,1.299977546590824,21860.0,732.0,22592.0,53621,3.0,64.81065088757397,21.0,,False
1014,PNB,Mar 2023,86845,41502,,,12529,51817,905,5151,35.0,3359,3.0,21.0,3.8678104669238302,,1097,169.0,10784,53621,2231,66805,146,3,3188,63468,66805,73.0,Financials,Public Sector Banks,3.82,Large Cap,22592.0,-732,1275,22592.0,-732.0,1275,22592.0,-732.0,1275.0,30.667397060166163,,,Financial Sector Benchmark,5.02806676146995,4.895553729571807,,False,50433,1.299977546590824,21860.0,732.0,22592.0,53621,3.0,64.81065088757397,21.0,,False
1014,PNB,Mar 2023,86845,41502,,,12529,51817,905,5151,35.0,3359,3.0,21.0,3.8678104669238302,,1109,169.0,10784,53621,2231,66805,146,3,3188,63468,66805,73.0,Financials,Public Sector Banks,3.82,Large Cap,22592.0,-732,1275,22592.0,-732.0,1275,22592.0,-732.0,1275.0,30.667397060166163,,,Financial Sector Benchmark,5.02806676146995,4.895553729571807,,False,50433,1.299977546590824,21860.0,732.0,22592.0,53621,3.0,64.81065088757397,21.0,,False
1014,PNB,Mar 2023,86845,41502,,,12529,51817,905,5151,35.0,3359,3.0,21.0,3.8678104669238302,,1121,169.0,10784,53621,2231,66805,146,3,3188,63468,66805,73.0,Financials,Public Sector Banks,3.82,Large Cap,22592.0,-732,1275,22592.0,-732.0,1275,22592.0,-732.0,1275.0,30.667397060166163,,,Financial Sector Benchmark,5.02806676146995,4.895553729571807,,False,50433,1.299977546590824,21860.0,732.0,22592.0,53621,3.0,64.81065088757397,21.0,,False
1014,PNB,Mar 2023,86845,41502,,,12529,51817,905,5151,35.0,3359,3.0,21.0,3.8678104669238302,,1133,169.0,10784,53621,2231,66805,146,3,3188,63468,66805,73.0,Financials,Public Sector Banks,3.82,Large Cap,22592.0,-732,1275,22592.0,-732.0,1275,22592.0,-732.0,1275.0,30.667397060166163,,,Financial Sector Benchmark,5.02806676146995,4.895553729571807,,False,50433,1.299977546590824,21860.0,732.0,22592.0,53621,3.0,64.81065088757397,21.0,,False
1015,PNB,Mar 2024,109065,39623,,,14158,68534,906,14160,35.0,9157,8.0,18.0,8.395910695456838,,1086,260.0,14673,55017,2422,72371,206,15,4345,67804,72371,73.0,Financials,Public Sector Banks,3.82,Large Cap,-27939.0,-1506,3518,-27939.0,-1506.0,3518,-27939.0,-1506.0,3518.0,61.320565191187306,,,Financial Sector Benchmark,12.652858189053626,3.684256345007701,,False,50672,1.5070262950629396,-29445.0,1506.0,-27939.0,55017,8.0,57.434615384615384,18.0,,False
1015,PNB,Mar 2024,109065,39623,,,14158,68534,906,14160,35.0,9157,8.0,18.0,8.395910695456838,,1098,260.0,14673,55017,2422,72371,206,15,4345,67804,72371,73.0,Financials,Public Sector Banks,3.82,Large Cap,-27939.0,-1506,3518,-27939.0,-1506.0,3518,-27939.0,-1506.0,3518.0,61.320565191187306,,,Financial Sector Benchmark,12.652858189053626,3.684256345007701,,False,50672,1.5070262950629396,-29445.0,1506.0,-27939.0,55017,8.0,57.434615384615384,18.0,,False
1015,PNB,Mar 2024,109065,39623,,,14158,68534,906,14160,35.0,9157,8.0,18.0,8.395910695456838,,1110,260.0,14673,55017,2422,72371,206,15,4345,67804,72371,73.0,Financials,Public Sector Banks,3.82,Large Cap,-27939.0,-1506,3518,-27939.0,-1506.0,3518,-27939.0,-1506.0,3518.0,61.320565191187306,,,Financial Sector Benchmark,12.652858189053626,3.684256345007701,,False,50672,1.5070262950629396,-29445.0,1506.0,-27939.0,55017,8.0,57.434615384615384,18.0,,False
1015,PNB,Mar 2024,109065,39623,,,14158,68534,906,14160,35.0,9157,8.0,18.0,8.395910695456838,,1122,260.0,14673,55017,2422,72371,206,15,4345,67804,72371,73.0,Financials,Public Sector Banks,3.82,Large Cap,-27939.0,-1506,3518,-27939.0,-1506.0,3518,-27939.0,-1506.0,3518.0,61.320565191187306,,,Financial Sector Benchmark,12.652858189053626,3.684256345007701,,False,50672,1.5070262950629396,-29445.0,1506.0,-27939.0,55017,8.0,57.434615384615384,18.0,,False
1015,PNB,Mar 2024,109065,39623,,,14158,68534,906,14160,35.0,9157,8.0,18.0,8.395910695456838,,1134,260.0,14673,55017,2422,72371,206,15,4345,67804,72371,73.0,Financials,Public Sector Banks,3.82,Large Cap,-27939.0,-1506,3518,-27939.0,-1506.0,3518,-27939.0,-1506.0,3518.0,61.320565191187306,,,Financial Sector Benchmark,12.652858189053626,3.684256345007701,,False,50672,1.5070262950629396,-29445.0,1506.0,-27939.0,55017,8.0,57.434615384615384,18.0,,False
1030,RECLTD,Mar 2013,13634,365,13270.0,97.0,4,8083,4,5186,26.0,3833,15.0,21.0,28.113539680211236,97.33020390200969,1161,987.0,16543,107762,5277,130570,72,9,638,129851,130570,75.0,Financials,Speciality Finance,1.78,Large Cap,-20059.0,152,16059,-20059.0,152.0,16059,-20059.0,152.0,16059.0,21.86537364517969,13274.0,10.594451361619257,Financial Sector Benchmark,2.9355901049245614,6.147290359383914,1.6422120499814425,False,107124,0.10441908554798192,-19907.0,152.0,-20059.0,107762,15.0,17.760891590678824,21.0,,False
1031,RECLTD,Mar 2014,17223,572,16650.0,97.0,6,10035,5,6617,28.0,4741,18.0,20.0,27.527143935435173,96.67305347500435,1162,987.0,19816,126173,5968,152944,73,10,1690,151170,152944,75.0,Financials,Speciality Finance,1.78,Large Cap,-17244.0,136,16815,-17244.0,136.0,16815,-17244.0,136.0,16815.0,22.789982214103734,16656.0,11.332462442847811,Financial Sector Benchmark,3.0998273878020717,6.065134836321684,1.6597907324364722,False,124483,0.1126098441259546,-17108.0,136.0,-17244.0,126173,18.0,21.077001013171227,20.0,,False
1032,RECLTD,Mar 2015,20544,1149,19395.0,94.0,6,11840,8,7552,29.0,5344,20.0,20.0,26.012461059190027,94.4071261682243,1163,987.0,24085,150979,7404,183456,110,10,1596,181740,183456,75.0,Financials,Speciality Finance,1.78,Large Cap,-23898.0,151,23098,-23898.0,151.0,23098,-23898.0,151.0,23098.0,21.31461391193363,19401.0,11.020102129496566,Financial Sector Benchmark,2.912960055817199,6.021817166560306,1.638597972972973,False,149383,0.1119832548403977,-23747.0,151.0,-23898.0,150979,20.0,25.40222897669706,20.0,,False
1033,RECLTD,Mar 2016,24125,1680,22445.0,93.0,4,14282,20,8147,30.0,5691,22.0,30.0,23.589637305699483,93.03626943005182,1164,987.0,27906,169212,8840,206945,254,78,2352,204261,206945,75.0,Financials,Speciality Finance,1.78,Large Cap,-13278.0,-756,15291,-13278.0,-756.0,15291,-13278.0,-756.0,15291.0,19.69681237670024,22449.0,11.331869463163475,Financial Sector Benchmark,2.750006040252241,5.856505035821825,1.5718386780562947,False,166860,0.11657686825001812,-14034.0,756.0,-13278.0,169212,22.0,29.273556231003038,30.0,,False
1034,RECLTD,Mar 2017,24338,1888,22450.0,92.0,24,13462,40,8972,30.0,6313,24.0,30.0,25.938861040348428,92.2425836141014,1165,1975.0,31696,167852,8723,210245,355,166,2617,207108,210245,75.0,Financials,Speciality Finance,1.78,Large Cap,6805.0,-101,-3947,6805.0,-101.0,-3947,6805.0,-101.0,-3947.0,18.749071901636423,22474.0,11.152076934146475,Financial Sector Benchmark,3.002687340959357,4.9850613287398655,1.6694399049175457,False,165235,0.11576018454660039,6704.0,101.0,6805.0,167852,24.0,17.04860759493671,30.0,,False
1035,RECLTD,Mar 2018,22658,3379,19279.0,85.0,18,13333,7,5958,25.0,4451,17.0,41.0,19.644275752493602,85.08694500838556,1166,1975.0,30613,204367,5416,242370,132,129,2948,239162,242370,75.0,Financials,Speciality Finance,1.78,Large Cap,-32510.0,46,28244,-32510.0,46.0,28244,-32510.0,46.0,28244.0,13.658401865717442,19297.0,8.143740372644595,Financial Sector Benchmark,1.8364484053306929,6.271234810359641,1.4473111827795695,True,201419,0.09348516730618475,-32464.0,46.0,-32510.0,204367,17.0,16.500253164556963,41.0,,False
1036,RECLTD,Mar 2019,25408,1702,23705.0,93.0,33,15639,8,8090,29.0,5741,22.0,38.0,22.59524559193955,93.29738664987406,1167,1975.0,32571,244249,19659,298454,165,199,2463,295627,298454,75.0,Financials,Speciality Finance,1.78,Large Cap,-35866.0,457,35543,-35866.0,457.0,35543,-35866.0,457.0,35543.0,16.618421814392402,23738.0,8.514499901361216,Financial Sector Benchmark,1.9235795130907944,7.0702541538817805,1.5178719866999169,False,241786,0.08513204714964451,-35409.0,457.0,-35866.0,244249,22.0,17.491645569620253,38.0,,False
1037,RECLTD,Mar 2020,29942,3981,25961.0,87.0,72,18991,12,7030,29.0,4972,19.0,44.0,16.605437178545188,86.70429497027587,1168,1975.0,33422,286289,25345,347030,166,288,2386,344190,347030,75.0,Financials,Speciality Finance,1.78,Large Cap,-32712.0,121,33926,-32712.0,121.0,33926,-32712.0,121.0,33926.0,14.046388111986891,26033.0,8.092674222689206,Financial Sector Benchmark,1.432729158862346,8.087945306099387,1.3708072244747511,True,283903,0.08628072500936518,-32591.0,121.0,-32712.0,286289,19.0,17.92253164556962,44.0,,False
1038,RECLTD,Mar 2021,35557,3292,32265.0,91.0,15,21489,11,10780,22.0,8378,32.0,30.0,23.562167786933657,90.74162612143881,1169,1975.0,41789,329723,27380,400867,267,336,1981,398282,400867,75.0,Financials,Speciality Finance,1.78,Large Cap,-43512.0,861,42113,-43512.0,861.0,42113,-43512.0,861.0,42113.0,19.143588337446303,32280.0,8.642871103947392,Financial Sector Benchmark,2.089969990046574,7.534114797550498,1.5021638978081808,False,327742,0.08870024222497735,-42651.0,861.0,-43512.0,329723,32.0,22.158987341772153,30.0,,False
1039,RECLTD,Mar 2022,39276,4838,34438.0,88.0,62,22051,18,12431,19.0,10036,38.0,30.0,25.55250025460841,87.68204501476728,1170,1975.0,49339,333043,26503,410860,628,6,2190,408035,410860,75.0,Financials,Speciality Finance,1.78,Large Cap,-819.0,-287,68,-819.0,-287.0,68,-819.0,-287.0,68.0,19.558015356432943,34500.0,8.976030097019178,Financial Sector Benchmark,2.4426812052767364,6.490295046186226,1.5645548954695931,False,330853,0.09559460643528209,-1106.0,287.0,-819.0,333043,38.0,25.981772151898735,30.0,,False
1040,RECLTD,Mar 2023,39486,1858,37628.0,95.0,28,23733,24,13898,20.0,11167,42.0,30.0,28.28090968951021,95.29453477181787,1171,2633.0,55487,380790,26592,465503,641,3,3170,461689,465503,75.0,Financials,Speciality Finance,1.78,Large Cap,-37360.0,-943,38123,-37360.0,-943.0,38123,-37360.0,-943.0,38123.0,19.213695801789402,37656.0,8.579435419562097,Financial Sector Benchmark,2.3989104259263634,6.551789401238816,1.5866514979142965,False,377620,0.08482437277525601,-38303.0,943.0,-37360.0,380790,42.0,22.07368021268515,30.0,,False
1041,RECLTD,Mar 2024,47517,-366,47883.0,101.0,48,29948,24,17960,21.0,14145,54.0,30.0,29.7682934528695,100.7702506471368,1172,2633.0,66717,445568,33273,548191,632,24,5352,542184,548191,75.0,Financials,Speciality Finance,1.78,Large Cap,-57723.0,-1831,59588,-57723.0,-1831.0,59588,-57723.0,-1831.0,59588.0,20.39653929343908,47931.0,9.308472416967362,Financial Sector Benchmark,2.5803050396668312,6.4249170872386445,1.6004741552023507,False,440216,0.08667964267928514,-59554.0,1831.0,-57723.0,445568,54.0,26.33877706038739,30.0,,False
1056,SBILIFE,Mar 2013,14870,14443,427.0,3.0,292,4,25,690,9.0,630,6.0,8.0,4.236718224613315,2.8715534633490245,1187,1000.0,1736,0,50978,53714,283,3,50047,3382,53714,77.0,Financials,Life Insurance,3.16,Large Cap,1130.0,-227,-58,1130.0,-227.0,-58,1130.0,-227.0,-58.0,23.026315789473685,719.0,26.27923976608187,Financial Sector Benchmark,1.1728785791413783,0.0,179.75,False,-50047,0.276836578917973,903.0,227.0,1130.0,0,6.0,2.736,8.0,,False
1057,SBILIFE,Mar 2014,17258,16747,511.0,3.0,344,5,35,816,11.0,728,7.0,14.0,4.218333526480473,2.9609456483949472,1188,1000.0,2356,0,57284,60640,304,4,56275,4058,60640,77.0,Financials,Life Insurance,3.16,Large Cap,166.0,-708,-58,166.0,-708.0,-58,166.0,-708.0,-58.0,21.69249106078665,855.0,25.476758045292016,Financial Sector Benchmark,1.2005277044854883,0.0,171.0,False,-56275,0.2845976253298153,-542.0,708.0,166.0,0,7.0,3.356,14.0,,False
1058,SBILIFE,Mar 2015,23399,22505,794.0,3.0,183,4,34,939,13.0,815,8.0,15.0,3.4830548314030514,3.3933074062994146,1189,1000.0,3056,0,70064,74121,292,7,69385,4437,74121,77.0,Financials,Life Insurance,3.16,Large Cap,2711.0,-178,-117,2711.0,-178.0,-117,2711.0,-178.0,-117.0,20.09368836291913,977.0,24.08777120315582,Financial Sector Benchmark,1.0995534329002576,0.0,244.25,False,-69385,0.31568651259427155,2533.0,178.0,2711.0,0,8.0,4.056,15.0,,False
1059,SBILIFE,Mar 2016,19324,18404,920.0,5.0,129,5,37,1007,16.0,844,8.0,14.0,4.367625750362244,4.760919064375906,1190,1000.0,3733,0,78696,83429,301,146,77843,5139,83429,77.0,Financials,Life Insurance,3.16,Large Cap,5778.0,-7204,-144,5778.0,-7204.0,-144,5778.0,-7204.0,-144.0,17.832241707162478,1049.0,22.16353264314388,Financial Sector Benchmark,1.0116386388426086,0.0,209.8,False,-77843,0.23162209783168922,-1426.0,7204.0,5778.0,0,8.0,4.733,14.0,,False
1060,SBILIFE,Mar 2017,30548,29479,1068.0,4.0,139,5,48,1154,17.0,955,10.0,16.0,3.1262275762734055,3.496137226659683,1191,1000.0,4552,0,96687,102240,507,31,95830,5871,102240,77.0,Financials,Life Insurance,3.16,Large Cap,8525.0,-9032,-144,8525.0,-9032.0,-144,8525.0,-9032.0,-144.0,17.201008645533143,1207.0,21.73991354466859,Financial Sector Benchmark,0.9340766823161188,0.0,241.4,False,-95830,0.2987871674491393,-507.0,9032.0,8525.0,0,10.0,5.552,16.0,,False
1061,SBILIFE,Mar 2018,34068,32736,1332.0,4.0,156,6,59,1422,19.0,1150,12.0,17.0,3.3756017377010687,3.9098274040154988,1192,1000.0,5528,0,115193,121720,511,70,114436,6703,121720,77.0,Financials,Life Insurance,3.16,Large Cap,10395.0,-8910,-221,10395.0,-8910.0,-221,10395.0,-8910.0,-221.0,17.61642156862745,1488.0,22.794117647058822,Financial Sector Benchmark,0.9447913243509694,0.0,248.0,False,-114436,0.2798882681564246,1485.0,8910.0,10395.0,0,12.0,6.528,17.0,,False
1062,SBILIFE,Mar 2019,44604,43130,1474.0,3.0,266,8,92,1642,19.0,1327,13.0,15.0,2.9750695004932295,3.304636355483813,1193,1000.0,6576,0,139157,146734,563,32,139325,6814,146734,77.0,Financials,Life Insurance,3.16,Large Cap,13473.0,-13552,-241,13473.0,-13552.0,-241,13473.0,-13552.0,-241.0,17.51583949313622,1740.0,22.967265047518477,Financial Sector Benchmark,0.9043575449452751,0.0,217.5,False,-139325,0.30397862799351205,-79.0,13552.0,13473.0,0,13.0,7.576,15.0,,False
1063,SBILIFE,Mar 2020,43798,42447,1351.0,3.0,529,0,89,1790,21.0,1422,14.0,0.0,3.246723594684689,3.0846157358783506,1194,1000.0,7743,0,156837,165580,568,13,158813,6186,165580,77.0,Financials,Life Insurance,3.16,Large Cap,19299.0,-16986,-198,19299.0,-16986.0,-198,19299.0,-16986.0,-198.0,16.264440123527393,1880.0,21.502916619009493,Financial Sector Benchmark,0.8587993719048195,0.0,,False,-158813,0.26451262229737893,2313.0,16986.0,19299.0,0,14.0,8.743,0.0,Debt Free,False
1064,SBILIFE,Mar 2021,81913,81040,872.0,1.0,867,0,99,1640,11.0,1456,15.0,17.0,1.7774956356133946,1.0645440894607694,1195,1000.0,9400,0,216430,226830,564,1,218756,7509,226830,77.0,Financials,Life Insurance,3.16,Large Cap,23878.0,-19203,3,23878.0,-19203.0,3,23878.0,-19203.0,3.0,14.000000000000002,1739.0,16.721153846153847,Financial Sector Benchmark,0.641890402504078,0.0,,False,-218756,0.36112066305162455,4675.0,19203.0,23878.0,0,15.0,10.4,17.0,Debt Free,False
1065,SBILIFE,Mar 2022,82983,82254,730.0,1.0,1032,0,75,1687,11.0,1506,15.0,13.0,1.8148295434004555,0.8796982514490921,1196,1000.0,10622,0,261715,273337,919,3,264437,7978,273337,77.0,Financials,Life Insurance,3.16,Large Cap,21852.0,-21611,-231,21852.0,-21611.0,-231,21852.0,-21611.0,-231.0,12.958182756840475,1762.0,15.160901738082947,Financial Sector Benchmark,0.5509682187190171,0.0,,False,-264437,0.3035922688841979,241.0,21611.0,21852.0,0,15.0,11.622,13.0,Debt Free,False
1066,SBILIFE,Mar 2023,80636,80514,122.0,0.0,1862,10,68,1906,10.0,1721,17.0,15.0,2.1342824544868297,0.15129718736048417,1197,1001.0,12017,0,301582,314599,867,1,303988,9743,314599,77.0,Financials,Life Insurance,3.16,Large Cap,28656.0,-30203,-415,28656.0,-30203.0,-415,28656.0,-30203.0,-415.0,13.220156706099248,1984.0,15.240436318943,Financial Sector Benchmark,0.547045604086472,0.0,198.4,False,-303988,0.2563135928594814,-1547.0,30203.0,28656.0,0,17.0,13.004995004995004,15.0,,False
1067,SBILIFE,Mar 2024,131988,131742,246.0,0.0,1917,9,76,2078,9.0,1894,19.0,14.0,1.4349789374791648,0.18638058005273206,1198,1001.0,13907,0,383390,398299,1198,6,384943,12152,398299,77.0,Financials,Life Insurance,3.16,Large Cap,29122.0,-31221,-227,29122.0,-31221.0,-227,29122.0,-31221.0,-227.0,12.704588140595655,2163.0,14.508988462570432,Financial Sector Benchmark,0.4755221579767963,0.0,240.33333333333334,False,-384943,0.33137919000549837,-2099.0,31221.0,29122.0,0,19.0,14.893106893106893,14.0,,False
1095,SHRIRAMFIN,Mar 2013,7009,1738,2179.0,31.0,7,3092,23,2163,32.0,1463,12.0,11.0,20.873163076045085,31.088600370951635,1260,227.0,7111,33386,6550,47274,72,0,3280,43922,47274,80.0,Financials,Consumer Finance,1.15,Large Cap,-8359.0,-41,9060,-8359.0,-41.0,9060,-8359.0,-41.0,9060.0,19.937312619242302,2186.0,5.367842058736863,Financial Sector Benchmark,3.0947243728053473,4.549741073862088,0.7069857697283312,True,30106,0.1482633159876465,-8400.0,41.0,-8359.0,33386,12.0,32.32599118942731,11.0,,False
1096,SHRIRAMFIN,Mar 2014,8476,2244,1999.0,24.0,4,4233,33,1970,31.0,1358,11.0,12.0,16.021708352996697,23.58423784804153,1261,227.0,8283,38630,5192,52332,155,0,2435,49742,52332,80.0,Financials,Consumer Finance,1.15,Large Cap,-4055.0,-112,5010,-4055.0,-112.0,5010,-4055.0,-112.0,5010.0,15.957696827262044,2003.0,4.2490453966907085,Financial Sector Benchmark,2.5949705724986623,4.539365452408931,0.47318686510748875,True,36195,0.16196590995948942,-4167.0,112.0,-4055.0,38630,11.0,37.48898678414097,12.0,,False
1097,SHRIRAMFIN,Mar 2015,9177,2781,1691.0,18.0,2,4706,43,1650,38.0,1028,8.0,22.0,11.201917838073443,18.426501035196686,1262,227.0,9039,46695,6193,62154,154,0,3037,58962,62154,80.0,Financials,Consumer Finance,1.15,Large Cap,-9611.0,-45,7836,-9611.0,-45.0,7836,-9611.0,-45.0,7836.0,11.094323332613858,1693.0,3.025321205839781,Financial Sector Benchmark,1.6539563020883612,5.039391323116771,0.3597535061623459,True,43658,0.14764938700646782,-9656.0,45.0,-9611.0,46695,8.0,40.819383259911895,22.0,,False
1098,SHRIRAMFIN,Mar 2016,10359,3447,1824.0,18.0,3,5088,38,1789,34.0,1184,9.0,19.0,11.429674679023073,17.607877208224732,1263,227.0,9949,49790,8048,68013,152,0,1340,66522,68013,80.0,Financials,Consumer Finance,1.15,Large Cap,-5507.0,-36,2822,-5507.0,-36.0,2822,-5507.0,-36.0,2822.0,11.635220125786164,1827.0,3.0467264783377246,Financial Sector Benchmark,1.7408436622410421,4.892885220125786,0.3590801886792453,True,48450,0.15230911737461955,-5543.0,36.0,-5507.0,49790,9.0,44.82819383259912,19.0,,False
1099,SHRIRAMFIN,Mar 2017,10903,3712,1972.0,18.0,1,5219,35,1938,35.0,1266,10.0,7.0,11.611483078051913,18.08676511052004,1264,227.0,11105,53080,10034,74446,136,0,1518,72791,74446,80.0,Financials,Consumer Finance,1.15,Large Cap,-2677.0,-2,3017,-2677.0,-2.0,3017,-2677.0,-2.0,3017.0,11.17190257677374,1973.0,3.063093833447184,Financial Sector Benchmark,1.7005614808048786,4.684080480056477,0.37804177045410997,True,51562,0.1464551486983854,-2679.0,2.0,-2677.0,53080,10.0,49.92070484581498,7.0,,False
1100,SHRIRAMFIN,Mar 2018,13502,3288,3805.0,28.0,127,6409,37,3896,35.0,2549,20.0,10.0,18.878684639312695,28.181010220708043,1265,227.0,13463,82131,1539,97360,122,0,2456,94782,97360,80.0,Financials,Consumer Finance,1.15,Large Cap,-13142.0,86,13014,-13142.0,86.0,13014,-13142.0,86.0,13014.0,18.619430241051862,3932.0,4.103484622368791,Financial Sector Benchmark,2.6181183237469186,5.999342585829072,0.6135122484006865,True,79675,0.1386811832374692,-13056.0,86.0,-13142.0,82131,20.0,60.308370044052865,10.0,,False
1101,SHRIRAMFIN,Mar 2019,15536,4171,3801.0,24.0,20,7564,43,3778,32.0,2576,20.0,11.0,16.580844490216272,24.465756951596294,1266,227.0,15736,87914,1542,105419,147,0,4126,101146,105419,80.0,Financials,Consumer Finance,1.15,Large Cap,-5535.0,-76,5550,-5535.0,-76.0,5550,-5535.0,-76.0,5550.0,16.13731754682704,3821.0,3.678388863752322,Financial Sector Benchmark,2.443582276439731,5.507360771784752,0.5051560021152829,True,83788,0.14737381306975023,-5611.0,76.0,-5535.0,87914,20.0,70.3215859030837,11.0,,False
1102,SHRIRAMFIN,Mar 2020,16561,4683,3565.0,22.0,14,8313,141,3439,27.0,2512,20.0,5.0,15.168166173540246,21.526477869693856,1267,227.0,17915,94735,1389,114266,489,0,2936,110841,114266,80.0,Financials,Consumer Finance,1.15,Large Cap,-2464.0,-55,4579,-2464.0,-55.0,4579,-2464.0,-55.0,4579.0,13.84632344835189,3579.0,3.170707938729768,Financial Sector Benchmark,2.1983792204155215,5.221860875316944,0.4305304944063515,True,91799,0.14493375107205994,-2519.0,55.0,-2464.0,94735,20.0,79.92070484581498,5.0,,False
1103,SHRIRAMFIN,Mar 2021,17422,4932,3402.0,20.0,14,9089,137,3278,24.0,2499,18.0,18.0,14.343932958328551,19.527034783606933,1268,253.0,21464,106546,1647,129910,437,0,3347,126126,129910,80.0,Financials,Consumer Finance,1.15,Large Cap,-4239.0,-25,12226,-4239.0,-25.0,12226,-4239.0,-25.0,12226.0,11.50711424229866,3416.0,2.6632777964027037,Financial Sector Benchmark,1.9236394426910937,4.906110420407975,0.37583892617449666,True,103199,0.13410822877376646,-4264.0,25.0,-4239.0,106546,18.0,85.83794466403162,18.0,,False
1104,SHRIRAMFIN,Mar 2022,19255,5816,3666.0,19.0,18,9773,135,3549,24.0,2721,20.0,20.0,14.131394443001819,19.03921059465074,1269,271.0,25824,114846,1328,142268,418,0,6971,134879,142268,80.0,Financials,Consumer Finance,1.15,Large Cap,-8859.0,-34,8505,-8859.0,-34.0,8505,-8859.0,-34.0,8505.0,10.427284920482851,3684.0,2.613859700158222,Financial Sector Benchmark,1.9125875108949308,4.401073002490898,0.3769569221324056,True,107875,0.13534315517192905,-8893.0,34.0,-8859.0,114846,20.0,96.29151291512915,20.0,,False
1105,SHRIRAMFIN,Mar 2023,30492,8706,8799.0,29.0,16,12987,601,8214,27.0,6020,32.0,22.0,19.742883379247015,28.856749311294767,1270,374.0,43138,164202,2858,210573,3714,66,7430,199363,210573,80.0,Financials,Consumer Finance,1.15,Large Cap,-17625.0,5076,11820,-17625.0,5076.0,11820,-17625.0,5076.0,11820.0,13.835263835263836,8815.0,4.243816016253117,Financial Sector Benchmark,2.8588660464541986,3.7737175951461666,0.6787556787556788,True,156772,0.14480488951574988,-12549.0,5076.0,-17625.0,164202,32.0,116.34224598930481,22.0,,False
1106,SHRIRAMFIN,Mar 2024,36388,10278,10523.0,29.0,25,15588,588,9960,26.0,7399,39.0,23.0,20.333626470264925,28.918874354182698,1271,376.0,48571,195496,3823,248266,3718,0,9472,235076,248266,80.0,Financials,Consumer Finance,1.15,Large Cap,-31101.0,-258,27609,-31101.0,-258.0,27609,-31101.0,-258.0,27609.0,15.116350338120824,10548.0,4.315116407506045,Financial Sector Benchmark,2.9802711607711085,3.994034363699512,0.6766743648960739,True,186024,0.14656859980827017,-31359.0,258.0,-31101.0,195496,39.0,130.1781914893617,23.0,,False
