id,company_id,year,sales,expenses,operating_profit,opm_percentage,other_income,interest,depreciation,profit_before_tax,tax_percentage,net_profit,eps,dividend_payout,year_num,revenue_cagr_3yr,revenue_cagr_3yr_flag,revenue_cagr_5yr,revenue_cagr_5yr_flag,revenue_cagr_10yr,revenue_cagr_10yr_flag,pat_cagr_3yr,pat_cagr_3yr_flag,pat_cagr_5yr,pat_cagr_5yr_flag,pat_cagr_10yr,pat_cagr_10yr_flag,eps_cagr_3yr,eps_cagr_3yr_flag,eps_cagr_5yr,eps_cagr_5yr_flag,eps_cagr_10yr,eps_cagr_10yr_flag
61,ABB,Dec 2012,1653,1451,202,12,33,0,19,215,33,145,68.0,25,2012,,INSUFFICIENT,,INSUFFICIENT,,INSUFFICIENT,,INSUFFICIENT,,INSUFFICIENT,,INSUFFICIENT,,INSUFFICIENT,,INSUFFICIENT,,INSUFFICIENT
62,ABB,Mar 2014,2276,2009,267,12,49,0,22,295,33,198,93.0,25,2014,,INSUFFICIENT,,INSUFFICIENT,,INSUFFICIENT,,INSUFFICIENT,,INSUFFICIENT,,INSUFFICIENT,,INSUFFICIENT,,INSUFFICIENT,,INSUFFICIENT
63,ABB,Mar 2015,2289,1977,312,14,48,0,15,344,34,229,108.0,29,2015,11.46,NORMAL,,INSUFFICIENT,,INSUFFICIENT,16.45,NORMAL,,INSUFFICIENT,,INSUFFICIENT,16.67,NORMAL,,INSUFFICIENT,,INSUFFICIENT
64,ABB,Mar 2016,2614,2250,365,14,50,3,14,398,36,255,120.0,29,2016,,INSUFFICIENT,,INSUFFICIENT,,INSUFFICIENT,,INSUFFICIENT,,INSUFFICIENT,,INSUFFICIENT,,INSUFFICIENT,,INSUFFICIENT,,INSUFFICIENT
65,ABB,Mar 2017,2903,2505,398,14,57,2,16,436,37,277,130.0,31,2017,8.45,NORMAL,11.92,NORMAL,,INSUFFICIENT,11.84,NORMAL,13.82,NORMAL,,INSUFFICIENT,11.81,NORMAL,13.84,NORMAL,,INSUFFICIENT
66,ABB,Mar 2018,3298,2774,525,16,117,4,16,621,35,401,189.0,29,2018,12.95,NORMAL,,INSUFFICIENT,,INSUFFICIENT,20.53,NORMAL,,INSUFFICIENT,,INSUFFICIENT,20.51,NORMAL,,INSUFFICIENT,,INSUFFICIENT
67,ABB,Mar 2019,3679,3074,605,16,113,2,17,699,36,450,212.0,31,2019,12.07,NORMAL,10.08,NORMAL,,INSUFFICIENT,20.84,NORMAL,17.84,NORMAL,,INSUFFICIENT,20.89,NORMAL,17.92,NORMAL,,INSUFFICIENT
68,ABB,Mar 2020,4093,3336,757,18,114,9,60,803,26,593,279.0,90,2020,12.13,NORMAL,12.33,NORMAL,,INSUFFICIENT,28.88,NORMAL,20.96,NORMAL,,INSUFFICIENT,28.99,NORMAL,20.9,NORMAL,,INSUFFICIENT
69,ABB,Mar 2021,4310,3388,922,21,81,18,58,926,25,691,325.0,85,2021,9.33,NORMAL,10.52,NORMAL,,INSUFFICIENT,19.89,NORMAL,22.06,NORMAL,,INSUFFICIENT,19.8,NORMAL,22.05,NORMAL,,INSUFFICIENT
70,ABB,Mar 2022,4913,3832,1082,22,83,19,66,1080,26,799,376.0,73,2022,10.12,NORMAL,11.1,NORMAL,11.51,NORMAL,21.09,NORMAL,23.6,NORMAL,18.61,NORMAL,21.05,NORMAL,23.67,NORMAL,18.65,NORMAL
71,ABB,Mar 2023,5349,4143,1206,23,154,16,70,1274,25,949,447.0,73,2023,9.33,NORMAL,10.16,NORMAL,,INSUFFICIENT,16.97,NORMAL,18.8,NORMAL,,INSUFFICIENT,17.01,NORMAL,18.79,NORMAL,,INSUFFICIENT
72,ABB,Mar 2024,5849,4396,1453,25,248,12,71,1618,26,1201,565.0,73,2024,10.71,NORMAL,9.72,NORMAL,9.9,NORMAL,20.23,NORMAL,21.69,NORMAL,19.75,NORMAL,20.24,NORMAL,21.66,NORMAL,19.77,NORMAL
86,ADANIENSOL,Mar 2014,0,0,0,,0,0,0,0,0,0,0.0,,2014,,INSUFFICIENT,,INSUFFICIENT,,INSUFFICIENT,,INSUFFICIENT,,INSUFFICIENT,,INSUFFICIENT,,INSUFFICIENT,,INSUFFICIENT,,INSUFFICIENT
87,ADANIENSOL,Mar 2015,131,29,101,78,3,73,37,-5,34,-7,0.0,0,2015,,INSUFFICIENT,,INSUFFICIENT,,INSUFFICIENT,,INSUFFICIENT,,INSUFFICIENT,,INSUFFICIENT,,INSUFFICIENT,,INSUFFICIENT,,INSUFFICIENT
88,ADANIENSOL,Mar 2016,2194,267,1927,88,70,957,560,480,23,368,3.0,0,2016,,INSUFFICIENT,,INSUFFICIENT,,INSUFFICIENT,,INSUFFICIENT,,INSUFFICIENT,,INSUFFICIENT,,INSUFFICIENT,,INSUFFICIENT,,INSUFFICIENT
89,ADANIENSOL,Mar 2017,2876,893,1983,69,22,904,569,532,22,416,4.0,0,2017,,ZERO_BASE,,INSUFFICIENT,,INSUFFICIENT,,ZERO_BASE,,INSUFFICIENT,,INSUFFICIENT,,ZERO_BASE,,INSUFFICIENT,,INSUFFICIENT
90,ADANIENSOL,Mar 2018,3944,1118,2826,72,111,886,579,1472,22,1143,10.0,0,2018,211.09,NORMAL,,INSUFFICIENT,,INSUFFICIENT,,TURNAROUND,,INSUFFICIENT,,INSUFFICIENT,,ZERO_BASE,,INSUFFICIENT,,INSUFFICIENT
91,ADANIENSOL,Mar 2019,7305,4528,2778,38,336,1391,882,840,33,559,5.0,0,2019,49.32,NORMAL,,ZERO_BASE,,INSUFFICIENT,14.95,NORMAL,,ZERO_BASE,,INSUFFICIENT,18.56,NORMAL,,ZERO_BASE,,INSUFFICIENT
92,ADANIENSOL,Mar 2020,11416,7158,4258,37,261,2238,1174,1107,36,706,7.0,0,2020,58.33,NORMAL,144.37,NORMAL,,INSUFFICIENT,19.28,NORMAL,,TURNAROUND,,INSUFFICIENT,20.51,NORMAL,,ZERO_BASE,,INSUFFICIENT
93,ADANIENSOL,Mar 2021,9926,5976,3950,40,1115,2117,1329,1620,20,1290,11.0,0,2021,36.02,NORMAL,35.24,NORMAL,,INSUFFICIENT,4.12,NORMAL,28.51,NORMAL,,INSUFFICIENT,3.23,NORMAL,29.67,NORMAL,,INSUFFICIENT
94,ADANIENSOL,Mar 2022,11258,7051,4206,37,1286,2365,1427,1700,27,1236,11.0,0,2022,15.51,NORMAL,31.38,NORMAL,,INSUFFICIENT,30.28,NORMAL,24.33,NORMAL,,INSUFFICIENT,30.06,NORMAL,22.42,NORMAL,,INSUFFICIENT
95,ADANIENSOL,Mar 2023,13293,8775,4518,34,1583,2781,1608,1712,25,1281,11.0,0,2023,5.2,NORMAL,27.51,NORMAL,,INSUFFICIENT,21.97,NORMAL,2.31,NORMAL,,INSUFFICIENT,16.26,NORMAL,1.92,NORMAL,,INSUFFICIENT
96,ADANIENSOL,Mar 2024,16607,10896,5711,30,611,2767,1776,1780,33,1196,10.0,0,2024,18.72,NORMAL,17.85,NORMAL,,ZERO_BASE,-2.49,NORMAL,16.43,NORMAL,,ZERO_BASE,-3.13,NORMAL,14.87,NORMAL,,ZERO_BASE
98,ADANIENT,Mar 2013,46375,40354,6021,13,1775,3492,2298,2005,39,1218,15.0,10,2013,,INSUFFICIENT,,INSUFFICIENT,,INSUFFICIENT,,INSUFFICIENT,,INSUFFICIENT,,INSUFFICIENT,,INSUFFICIENT,,INSUFFICIENT,,INSUFFICIENT
99,ADANIENT,Mar 2014,54947,45564,9383,17,1157,5703,3223,1614,-64,2646,20.0,7,2014,,INSUFFICIENT,,INSUFFICIENT,,INSUFFICIENT,,INSUFFICIENT,,INSUFFICIENT,,INSUFFICIENT,,INSUFFICIENT,,INSUFFICIENT,,INSUFFICIENT
100,ADANIENT,Mar 2015,64465,52015,12450,19,792,7056,3522,2663,14,2298,18.0,8,2015,,INSUFFICIENT,,INSUFFICIENT,,INSUFFICIENT,,INSUFFICIENT,,INSUFFICIENT,,INSUFFICIENT,,INSUFFICIENT,,INSUFFICIENT,,INSUFFICIENT
101,ADANIENT,Mar 2016,34008,32325,1684,5,1044,1357,314,1056,7,1000,9.0,4,2016,-9.82,NORMAL,,INSUFFICIENT,,INSUFFICIENT,-6.36,NORMAL,,INSUFFICIENT,,INSUFFICIENT,-15.66,NORMAL,,INSUFFICIENT,,INSUFFICIENT
102,ADANIENT,Mar 2017,36533,34631,1902,5,749,1257,315,1079,25,925,9.0,4,2017,-12.72,NORMAL,,INSUFFICIENT,,INSUFFICIENT,-29.55,NORMAL,,INSUFFICIENT,,INSUFFICIENT,-23.37,NORMAL,,INSUFFICIENT,,INSUFFICIENT
103,ADANIENT,Mar 2018,35924,33886,2038,6,363,1250,664,487,23,594,7.0,6,2018,-17.71,NORMAL,-4.98,NORMAL,,INSUFFICIENT,-36.3,NORMAL,-13.38,NORMAL,,INSUFFICIENT,-27.01,NORMAL,-14.14,NORMAL,,INSUFFICIENT
104,ADANIENT,Mar 2019,40379,38409,1969,5,504,1625,390,459,32,506,7.0,6,2019,5.89,NORMAL,-5.98,NORMAL,,INSUFFICIENT,-20.31,NORMAL,-28.17,NORMAL,,INSUFFICIENT,-8.04,NORMAL,-18.94,NORMAL,,INSUFFICIENT
105,ADANIENT,Mar 2020,43403,41108,2294,5,872,1572,472,1122,29,1040,10.0,10,2020,5.91,NORMAL,-7.61,NORMAL,,INSUFFICIENT,3.98,NORMAL,-14.66,NORMAL,,INSUFFICIENT,3.57,NORMAL,-11.09,NORMAL,,INSUFFICIENT
106,ADANIENT,Mar 2021,39537,37031,2506,6,494,1377,537,1086,31,1046,8.0,12,2021,3.25,NORMAL,3.06,NORMAL,,INSUFFICIENT,20.76,NORMAL,0.9,NORMAL,,INSUFFICIENT,4.55,NORMAL,-2.33,NORMAL,,INSUFFICIENT
107,ADANIENT,Mar 2022,69420,65707,3714,5,1012,2526,1248,952,50,788,7.0,14,2022,19.8,NORMAL,13.7,NORMAL,,INSUFFICIENT,15.91,NORMAL,-3.16,NORMAL,,INSUFFICIENT,0.0,NORMAL,-4.9,NORMAL,,INSUFFICIENT
108,ADANIENT,Mar 2023,127540,118722,8818,7,834,3969,2436,3247,32,2422,22.0,6,2023,43.23,NORMAL,28.84,NORMAL,10.65,NORMAL,32.55,NORMAL,32.46,NORMAL,7.12,NORMAL,30.06,NORMAL,25.74,NORMAL,3.9,NORMAL
109,ADANIENT,Mar 2024,96421,85044,11377,12,1146,4555,3042,4926,33,3335,28.0,5,2024,34.6,NORMAL,19.02,NORMAL,5.78,NORMAL,47.18,NORMAL,45.81,NORMAL,2.34,NORMAL,51.83,NORMAL,31.95,NORMAL,3.42,NORMAL
111,ADANIGREEN,Mar 2017,502,98,403,80,80,334,333,-184,-75,-47,0.0,0,2017,,INSUFFICIENT,,INSUFFICIENT,,INSUFFICIENT,,INSUFFICIENT,,INSUFFICIENT,,INSUFFICIENT,,INSUFFICIENT,,INSUFFICIENT,,INSUFFICIENT
112,ADANIGREEN,Mar 2018,1480,637,843,57,42,552,543,-210,-35,-138,-1.0,0,2018,,INSUFFICIENT,,INSUFFICIENT,,INSUFFICIENT,,INSUFFICIENT,,INSUFFICIENT,,INSUFFICIENT,,INSUFFICIENT,,INSUFFICIENT,,INSUFFICIENT
113,ADANIGREEN,Mar 2019,2058,532,1526,74,73,1121,1062,-585,-19,-475,-3.0,0,2019,,INSUFFICIENT,,INSUFFICIENT,,INSUFFICIENT,,INSUFFICIENT,,INSUFFICIENT,,INSUFFICIENT,,INSUFFICIENT,,INSUFFICIENT,,INSUFFICIENT
114,ADANIGREEN,Mar 2020,2549,1098,1450,57,-111,995,394,-50,23,-68,0.0,0,2020,71.88,NORMAL,,INSUFFICIENT,,INSUFFICIENT,,BOTH_NEGATIVE,,INSUFFICIENT,,INSUFFICIENT,,ZERO_BASE,,INSUFFICIENT,,INSUFFICIENT
115,ADANIGREEN,Mar 2021,3124,883,2241,72,391,1953,486,193,6,182,1.0,0,2021,28.28,NORMAL,,INSUFFICIENT,,INSUFFICIENT,,TURNAROUND,,INSUFFICIENT,,INSUFFICIENT,,TURNAROUND,,INSUFFICIENT,,INSUFFICIENT
116,ADANIGREEN,Mar 2022,5133,1621,3512,68,507,2617,849,553,12,489,3.0,0,2022,35.62,NORMAL,59.2,NORMAL,,INSUFFICIENT,,TURNAROUND,,TURNAROUND,,INSUFFICIENT,,TURNAROUND,,ZERO_BASE,,INSUFFICIENT
117,ADANIGREEN,Mar 2023,7776,2806,4970,64,667,2911,1300,1426,32,973,6.0,0,2023,45.03,NORMAL,39.35,NORMAL,,INSUFFICIENT,,TURNAROUND,,TURNAROUND,,INSUFFICIENT,,ZERO_BASE,,TURNAROUND,,INSUFFICIENT
118,ADANIGREEN,Mar 2024,9220,1902,7318,79,1262,5006,1903,1671,25,1260,7.0,0,2024,43.44,NORMAL,34.98,NORMAL,,INSUFFICIENT,90.59,NORMAL,,TURNAROUND,,INSUFFICIENT,91.29,NORMAL,,TURNAROUND,,INSUFFICIENT
120,ADANIPORTS,Mar 2013,3577,1195,2382,67,344,542,422,1762,7,1639,8.0,12,2013,,INSUFFICIENT,,INSUFFICIENT,,INSUFFICIENT,,INSUFFICIENT,,INSUFFICIENT,,INSUFFICIENT,,INSUFFICIENT,,INSUFFICIENT,,INSUFFICIENT
121,ADANIPORTS,Mar 2014,4830,1910,2919,60,685,977,649,1978,12,1741,8.0,12,2014,,INSUFFICIENT,,INSUFFICIENT,,INSUFFICIENT,,INSUFFICIENT,,INSUFFICIENT,,INSUFFICIENT,,INSUFFICIENT,,INSUFFICIENT,,INSUFFICIENT
122,ADANIPORTS,Mar 2015,6152,2250,3902,63,686,1175,912,2501,7,2324,11.0,10,2015,,INSUFFICIENT,,INSUFFICIENT,,INSUFFICIENT,,INSUFFICIENT,,INSUFFICIENT,,INSUFFICIENT,,INSUFFICIENT,,INSUFFICIENT,,INSUFFICIENT
123,ADANIPORTS,Mar 2016,7109,2532,4577,64,730,1124,1063,3119,9,2856,14.0,8,2016,25.73,NORMAL,,INSUFFICIENT,,INSUFFICIENT,20.34,NORMAL,,INSUFFICIENT,,INSUFFICIENT,20.51,NORMAL,,INSUFFICIENT,,INSUFFICIENT
124,ADANIPORTS,Mar 2017,8439,3021,5418,64,1037,1116,1160,4179,7,3902,19.0,7,2017,20.44,NORMAL,,INSUFFICIENT,,INSUFFICIENT,30.87,NORMAL,,INSUFFICIENT,,INSUFFICIENT,33.42,NORMAL,,INSUFFICIENT,,INSUFFICIENT
125,ADANIPORTS,Mar 2018,11323,4166,7157,63,844,1579,1188,5234,30,3690,18.0,11,2018,22.55,NORMAL,25.92,NORMAL,,INSUFFICIENT,16.66,NORMAL,17.62,NORMAL,,INSUFFICIENT,17.84,NORMAL,17.61,NORMAL,,INSUFFICIENT
126,ADANIPORTS,Mar 2019,10925,4330,6596,60,1289,1385,1373,5126,21,4045,19.0,1,2019,15.4,NORMAL,17.73,NORMAL,,INSUFFICIENT,12.3,NORMAL,18.37,NORMAL,,INSUFFICIENT,10.72,NORMAL,18.89,NORMAL,,INSUFFICIENT
127,ADANIPORTS,Mar 2020,11873,5926,5947,50,1928,1951,1680,4244,11,3785,19.0,17,2020,12.05,NORMAL,14.05,NORMAL,,INSUFFICIENT,-1.01,NORMAL,10.25,NORMAL,,INSUFFICIENT,0.0,NORMAL,11.55,NORMAL,,INSUFFICIENT
128,ADANIPORTS,Mar 2021,12550,3862,8688,69,1967,2255,2107,6292,20,5049,25.0,20,2021,3.49,NORMAL,12.04,NORMAL,,INSUFFICIENT,11.02,NORMAL,12.07,NORMAL,,INSUFFICIENT,11.57,NORMAL,12.3,NORMAL,,INSUFFICIENT
129,ADANIPORTS,Mar 2022,17119,7591,9528,56,1832,2544,3099,5717,13,4953,23.0,22,2022,16.15,NORMAL,15.2,NORMAL,,INSUFFICIENT,6.98,NORMAL,4.89,NORMAL,,INSUFFICIENT,6.58,NORMAL,3.9,NORMAL,,INSUFFICIENT
130,ADANIPORTS,Mar 2023,20852,9905,10947,52,327,2363,3425,5487,2,5391,25.0,20,2023,20.65,NORMAL,12.99,NORMAL,19.28,NORMAL,12.51,NORMAL,7.88,NORMAL,12.64,NORMAL,9.58,NORMAL,6.79,NORMAL,12.07,NORMAL
131,ADANIPORTS,Mar 2024,26711,11121,15589,58,671,2733,3888,9639,16,8104,38.0,16,2024,28.63,NORMAL,19.58,NORMAL,18.65,NORMAL,17.08,NORMAL,14.91,NORMAL,16.62,NORMAL,14.98,NORMAL,14.87,NORMAL,16.86,NORMAL
133,ADANIPORTS,Mar 2013,3577,1195,2382,67,344,542,422,1762,7,1639,8.0,12,2013,,INSUFFICIENT,,INSUFFICIENT,,INSUFFICIENT,,INSUFFICIENT,,INSUFFICIENT,,INSUFFICIENT,,INSUFFICIENT,,INSUFFICIENT,,INSUFFICIENT
134,ADANIPORTS,Mar 2014,4830,1910,2919,60,685,977,649,1978,12,1741,8.0,12,2014,,INSUFFICIENT,,INSUFFICIENT,,INSUFFICIENT,,INSUFFICIENT,,INSUFFICIENT,,INSUFFICIENT,,INSUFFICIENT,,INSUFFICIENT,,INSUFFICIENT
135,ADANIPORTS,Mar 2015,6152,2250,3902,63,686,1175,912,2501,7,2324,11.0,10,2015,,INSUFFICIENT,,INSUFFICIENT,,INSUFFICIENT,,INSUFFICIENT,,INSUFFICIENT,,INSUFFICIENT,,INSUFFICIENT,,INSUFFICIENT,,INSUFFICIENT
136,ADANIPORTS,Mar 2016,7109,2532,4577,64,730,1124,1063,3119,9,2856,14.0,8,2016,25.73,NORMAL,,INSUFFICIENT,,INSUFFICIENT,20.34,NORMAL,,INSUFFICIENT,,INSUFFICIENT,20.51,NORMAL,,INSUFFICIENT,,INSUFFICIENT
137,ADANIPORTS,Mar 2017,8439,3021,5418,64,1037,1116,1160,4179,7,3902,19.0,7,2017,20.44,NORMAL,,INSUFFICIENT,,INSUFFICIENT,30.87,NORMAL,,INSUFFICIENT,,INSUFFICIENT,33.42,NORMAL,,INSUFFICIENT,,INSUFFICIENT
138,ADANIPORTS,Mar 2018,11323,4166,7157,63,844,1579,1188,5234,30,3690,18.0,11,2018,22.55,NORMAL,25.92,NORMAL,,INSUFFICIENT,16.66,NORMAL,17.62,NORMAL,,INSUFFICIENT,17.84,NORMAL,17.61,NORMAL,,INSUFFICIENT
139,ADANIPORTS,Mar 2019,10925,4330,6596,60,1289,1385,1373,5126,21,4045,19.0,1,2019,15.4,NORMAL,17.73,NORMAL,,INSUFFICIENT,12.3,NORMAL,18.37,NORMAL,,INSUFFICIENT,10.72,NORMAL,18.89,NORMAL,,INSUFFICIENT
140,ADANIPORTS,Mar 2020,11873,5926,5947,50,1928,1951,1680,4244,11,3785,19.0,17,2020,12.05,NORMAL,14.05,NORMAL,,INSUFFICIENT,-1.01,NORMAL,10.25,NORMAL,,INSUFFICIENT,0.0,NORMAL,11.55,NORMAL,,INSUFFICIENT
141,ADANIPORTS,Mar 2021,12550,3862,8688,69,1967,2255,2107,6292,20,5049,25.0,20,2021,3.49,NORMAL,12.04,NORMAL,,INSUFFICIENT,11.02,NORMAL,12.07,NORMAL,,INSUFFICIENT,11.57,NORMAL,12.3,NORMAL,,INSUFFICIENT
142,ADANIPORTS,Mar 2022,17119,7591,9528,56,1832,2544,3099,5717,13,4953,23.0,22,2022,16.15,NORMAL,15.2,NORMAL,,INSUFFICIENT,6.98,NORMAL,4.89,NORMAL,,INSUFFICIENT,6.58,NORMAL,3.9,NORMAL,,INSUFFICIENT
143,ADANIPORTS,Mar 2023,20852,9905,10947,52,327,2363,3425,5487,2,5391,25.0,20,2023,20.65,NORMAL,12.99,NORMAL,19.28,NORMAL,12.51,NORMAL,7.88,NORMAL,12.64,NORMAL,9.58,NORMAL,6.79,NORMAL,12.07,NORMAL
144,ADANIPORTS,Mar 2024,26711,11121,15589,58,671,2733,3888,9639,16,8104,38.0,16,2024,28.63,NORMAL,19.58,NORMAL,18.65,NORMAL,17.08,NORMAL,14.91,NORMAL,16.62,NORMAL,14.98,NORMAL,14.87,NORMAL,16.86,NORMAL
146,ADANIPOWER,Mar 2013,6692,5732,960,14,215,1703,1290,-1818,26,-2295,-10.0,0,2013,,INSUFFICIENT,,INSUFFICIENT,,INSUFFICIENT,,INSUFFICIENT,,INSUFFICIENT,,INSUFFICIENT,,INSUFFICIENT,,INSUFFICIENT,,INSUFFICIENT
147,ADANIPOWER,Mar 2014,15328,10735,4593,30,137,4162,1937,-1370,-79,-291,-1.0,0,2014,,INSUFFICIENT,,INSUFFICIENT,,INSUFFICIENT,,INSUFFICIENT,,INSUFFICIENT,,INSUFFICIENT,,INSUFFICIENT,,INSUFFICIENT,,INSUFFICIENT
148,ADANIPOWER,Mar 2015,18683,14005,4678,25,1188,4864,1818,-816,0,-816,-3.0,0,2015,,INSUFFICIENT,,INSUFFICIENT,,INSUFFICIENT,,INSUFFICIENT,,INSUFFICIENT,,INSUFFICIENT,,INSUFFICIENT,,INSUFFICIENT,,INSUFFICIENT
149,ADANIPOWER,Mar 2016,25377,16575,8802,35,-201,5560,2666,375,-47,551,2.0,0,2016,55.94,NORMAL,,INSUFFICIENT,,INSUFFICIENT,,TURNAROUND,,INSUFFICIENT,,INSUFFICIENT,,TURNAROUND,,INSUFFICIENT,,INSUFFICIENT
150,ADANIPOWER,Mar 2017,22616,16635,5980,26,-3666,5902,2672,-6260,-1,-6174,-16.0,0,2017,13.84,NORMAL,,INSUFFICIENT,,INSUFFICIENT,,BOTH_NEGATIVE,,INSUFFICIENT,,INSUFFICIENT,,BOTH_NEGATIVE,,INSUFFICIENT,,INSUFFICIENT
151,ADANIPOWER,Mar 2018,20304,14868,5436,27,754,5570,2699,-2079,0,-2103,-5.0,0,2018,2.81,NORMAL,24.85,NORMAL,,INSUFFICIENT,,BOTH_NEGATIVE,,BOTH_NEGATIVE,,INSUFFICIENT,,BOTH_NEGATIVE,,BOTH_NEGATIVE,,INSUFFICIENT
152,ADANIPOWER,Mar 2019,23884,18901,4983,21,2448,5657,2751,-976,1,-984,-3.0,0,2019,-2.0,NORMAL,9.28,NORMAL,,INSUFFICIENT,,DECLINE_TO_LOSS,,BOTH_NEGATIVE,,INSUFFICIENT,,DECLINE_TO_LOSS,,BOTH_NEGATIVE,,INSUFFICIENT
153,ADANIPOWER,Mar 2020,26468,20734,5734,22,323,5315,3006,-2265,0,-2275,-6.0,0,2020,5.38,NORMAL,7.21,NORMAL,,INSUFFICIENT,,BOTH_NEGATIVE,,BOTH_NEGATIVE,,INSUFFICIENT,,BOTH_NEGATIVE,,BOTH_NEGATIVE,,INSUFFICIENT
154,ADANIPOWER,Mar 2021,26221,17533,8688,33,1909,5106,3202,2289,45,1270,3.0,0,2021,8.9,NORMAL,0.66,NORMAL,,INSUFFICIENT,,TURNAROUND,18.18,NORMAL,,INSUFFICIENT,,TURNAROUND,8.45,NORMAL,,INSUFFICIENT
155,ADANIPOWER,Mar 2022,27711,17830,9881,36,3908,4095,3118,6577,25,4912,13.0,0,2022,5.08,NORMAL,4.15,NORMAL,,INSUFFICIENT,,TURNAROUND,,TURNAROUND,,INSUFFICIENT,,TURNAROUND,,TURNAROUND,,INSUFFICIENT
156,ADANIPOWER,Mar 2023,38773,28677,10096,26,4216,3334,3304,7675,-40,10727,28.0,0,2023,13.57,NORMAL,13.81,NORMAL,19.21,NORMAL,,TURNAROUND,,TURNAROUND,,TURNAROUND,,TURNAROUND,,TURNAROUND,,TURNAROUND
157,ADANIPOWER,Mar 2024,50351,32124,18228,36,9883,3388,3931,20792,0,20829,54.0,0,2024,24.29,NORMAL,16.09,NORMAL,12.63,NORMAL,154.07,NORMAL,,TURNAROUND,,TURNAROUND,162.07,NORMAL,,TURNAROUND,,TURNAROUND
159,AMBUJACEM,Dec 2012,9749,7276,2473,25,69,78,569,1896,32,1292,8.0,43,2012,,INSUFFICIENT,,INSUFFICIENT,,INSUFFICIENT,,INSUFFICIENT,,INSUFFICIENT,,INSUFFICIENT,,INSUFFICIENT,,INSUFFICIENT,,INSUFFICIENT
160,AMBUJACEM,Dec 2013,9161,7492,1669,18,390,67,494,1498,15,1278,8.0,44,2013,,INSUFFICIENT,,INSUFFICIENT,,INSUFFICIENT,,INSUFFICIENT,,INSUFFICIENT,,INSUFFICIENT,,INSUFFICIENT,,INSUFFICIENT,,INSUFFICIENT
161,AMBUJACEM,Dec 2014,9955,8022,1934,19,419,66,513,1774,16,1487,10.0,46,2014,,INSUFFICIENT,,INSUFFICIENT,,INSUFFICIENT,,INSUFFICIENT,,INSUFFICIENT,,INSUFFICIENT,,INSUFFICIENT,,INSUFFICIENT,,INSUFFICIENT
162,AMBUJACEM,Dec 2015,9437,7895,1542,16,353,92,630,1173,31,808,5.0,54,2015,-1.08,NORMAL,,INSUFFICIENT,,INSUFFICIENT,-14.48,NORMAL,,INSUFFICIENT,,INSUFFICIENT,-14.5,NORMAL,,INSUFFICIENT,,INSUFFICIENT
163,AMBUJACEM,Dec 2016,20094,16913,3181,16,441,153,1461,2008,29,1434,6.0,50,2016,29.93,NORMAL,,INSUFFICIENT,,INSUFFICIENT,3.91,NORMAL,,INSUFFICIENT,,INSUFFICIENT,-9.14,NORMAL,,INSUFFICIENT,,INSUFFICIENT
164,AMBUJACEM,Dec 2017,23609,19751,3858,16,335,206,1219,2768,30,1945,8.0,47,2017,33.36,NORMAL,19.35,NORMAL,,INSUFFICIENT,9.36,NORMAL,8.53,NORMAL,,INSUFFICIENT,-7.17,NORMAL,0.0,NORMAL,,INSUFFICIENT
165,AMBUJACEM,Dec 2018,26041,22030,4011,15,232,170,1154,2919,-2,2973,11.0,14,2018,40.26,NORMAL,23.24,NORMAL,,INSUFFICIENT,54.38,NORMAL,18.39,NORMAL,,INSUFFICIENT,30.06,NORMAL,6.58,NORMAL,,INSUFFICIENT
166,AMBUJACEM,Dec 2019,27104,22507,4597,17,601,170,1153,3875,28,2783,11.0,14,2019,10.49,NORMAL,22.18,NORMAL,,INSUFFICIENT,24.73,NORMAL,13.35,NORMAL,,INSUFFICIENT,22.39,NORMAL,1.92,NORMAL,,INSUFFICIENT
167,AMBUJACEM,Dec 2020,24516,19511,5006,20,288,140,1162,3992,22,3107,12.0,151,2020,1.26,NORMAL,21.04,NORMAL,,INSUFFICIENT,16.9,NORMAL,30.91,NORMAL,,INSUFFICIENT,14.47,NORMAL,19.14,NORMAL,,INSUFFICIENT
168,AMBUJACEM,Dec 2021,28965,22755,6210,21,252,146,1152,5164,28,3711,14.0,45,2021,3.61,NORMAL,7.59,NORMAL,,INSUFFICIENT,7.67,NORMAL,20.95,NORMAL,,INSUFFICIENT,8.37,NORMAL,18.47,NORMAL,,INSUFFICIENT
169,AMBUJACEM,Mar 2023 15,38937,33815,5122,13,447,195,1645,3729,19,3024,13.0,19,2023,16.67,NORMAL,8.38,NORMAL,15.57,NORMAL,-0.9,NORMAL,0.34,NORMAL,8.99,NORMAL,2.7,NORMAL,3.4,NORMAL,4.97,NORMAL
170,AMBUJACEM,Mar 2024,33160,26760,6400,19,1401,276,1623,5901,20,4738,16.0,12,2024,4.61,NORMAL,4.12,NORMAL,12.79,NORMAL,8.48,NORMAL,11.23,NORMAL,12.29,NORMAL,4.55,NORMAL,7.78,NORMAL,4.81,NORMAL
172,APOLLOHOSP,Mar 2013,3769,3157,612,16,33,103,142,399,26,303,22.0,25,2013,,INSUFFICIENT,,INSUFFICIENT,,INSUFFICIENT,,INSUFFICIENT,,INSUFFICIENT,,INSUFFICIENT,,INSUFFICIENT,,INSUFFICIENT,,INSUFFICIENT
173,APOLLOHOSP,Mar 2014,4357,3681,676,16,18,119,168,407,25,315,23.0,25,2014,,INSUFFICIENT,,INSUFFICIENT,,INSUFFICIENT,,INSUFFICIENT,,INSUFFICIENT,,INSUFFICIENT,,INSUFFICIENT,,INSUFFICIENT,,INSUFFICIENT
174,APOLLOHOSP,Mar 2015,5129,4392,737,14,47,118,212,455,29,335,24.0,24,2015,,INSUFFICIENT,,INSUFFICIENT,,INSUFFICIENT,,INSUFFICIENT,,INSUFFICIENT,,INSUFFICIENT,,INSUFFICIENT,,INSUFFICIENT,,INSUFFICIENT
175,APOLLOHOSP,Mar 2016,6150,5465,684,11,92,180,264,332,29,235,17.0,35,2016,17.73,NORMAL,,INSUFFICIENT,,INSUFFICIENT,-8.12,NORMAL,,INSUFFICIENT,,INSUFFICIENT,-8.24,NORMAL,,INSUFFICIENT,,INSUFFICIENT
176,APOLLOHOSP,Mar 2017,7256,6522,734,10,60,257,314,222,41,131,16.0,38,2017,18.53,NORMAL,,INSUFFICIENT,,INSUFFICIENT,-25.36,NORMAL,,INSUFFICIENT,,INSUFFICIENT,-11.39,NORMAL,,INSUFFICIENT,,INSUFFICIENT
177,APOLLOHOSP,Mar 2018,8243,7442,801,10,24,295,359,171,65,60,8.0,59,2018,17.13,NORMAL,16.94,NORMAL,,INSUFFICIENT,-43.63,NORMAL,-27.67,NORMAL,,INSUFFICIENT,-30.66,NORMAL,-18.32,NORMAL,,INSUFFICIENT
178,APOLLOHOSP,Mar 2019,9617,8548,1070,11,26,327,396,373,47,200,17.0,35,2019,16.07,NORMAL,17.16,NORMAL,,INSUFFICIENT,-5.23,NORMAL,-8.68,NORMAL,,INSUFFICIENT,0.0,NORMAL,-5.87,NORMAL,,INSUFFICIENT
179,APOLLOHOSP,Mar 2020,11247,9656,1591,14,222,533,620,660,34,432,33.0,18,2020,15.73,NORMAL,17.0,NORMAL,,INSUFFICIENT,48.85,NORMAL,5.22,NORMAL,,INSUFFICIENT,27.29,NORMAL,6.58,NORMAL,,INSUFFICIENT
180,APOLLOHOSP,Mar 2021,10560,9420,1140,11,103,449,573,221,38,137,10.0,29,2021,8.61,NORMAL,11.42,NORMAL,,INSUFFICIENT,31.68,NORMAL,-10.23,NORMAL,,INSUFFICIENT,7.72,NORMAL,-10.07,NORMAL,,INSUFFICIENT
181,APOLLOHOSP,Mar 2022,14663,12474,2189,15,368,379,601,1578,30,1108,73.0,16,2022,15.1,NORMAL,15.11,NORMAL,,INSUFFICIENT,76.94,NORMAL,53.27,NORMAL,,INSUFFICIENT,62.54,NORMAL,35.47,NORMAL,,INSUFFICIENT
182,APOLLOHOSP,Mar 2023,16612,14548,2065,12,75,381,615,1144,22,844,57.0,26,2023,13.88,NORMAL,15.04,NORMAL,15.99,NORMAL,25.01,NORMAL,69.68,NORMAL,10.79,NORMAL,19.98,NORMAL,48.1,NORMAL,9.99,NORMAL
183,APOLLOHOSP,Mar 2024,19059,16665,2394,13,105,449,687,1362,33,935,63.0,26,2024,21.75,NORMAL,14.66,NORMAL,15.9,NORMAL,89.68,NORMAL,36.13,NORMAL,11.49,NORMAL,84.69,NORMAL,29.95,NORMAL,10.6,NORMAL
185,ASIANPAINT,Mar 2013,10504,8767,1737,17,114,42,155,1655,30,1160,12.0,40,2013,,INSUFFICIENT,,INSUFFICIENT,,INSUFFICIENT,,INSUFFICIENT,,INSUFFICIENT,,INSUFFICIENT,,INSUFFICIENT,,INSUFFICIENT,,INSUFFICIENT
186,ASIANPAINT,Mar 2014,12220,10217,2004,16,124,48,246,1834,31,1263,13.0,42,2014,,INSUFFICIENT,,INSUFFICIENT,,INSUFFICIENT,,INSUFFICIENT,,INSUFFICIENT,,INSUFFICIENT,,INSUFFICIENT,,INSUFFICIENT,,INSUFFICIENT
187,ASIANPAINT,Mar 2015,13615,11372,2243,16,142,42,266,2077,31,1427,15.0,42,2015,,INSUFFICIENT,,INSUFFICIENT,,INSUFFICIENT,,INSUFFICIENT,,INSUFFICIENT,,INSUFFICIENT,,INSUFFICIENT,,INSUFFICIENT,,INSUFFICIENT
188,ASIANPAINT,Mar 2016,14271,11546,2725,19,213,49,276,2614,32,1803,18.0,41,2016,10.76,NORMAL,,INSUFFICIENT,,INSUFFICIENT,15.84,NORMAL,,INSUFFICIENT,,INSUFFICIENT,14.47,NORMAL,,INSUFFICIENT,,INSUFFICIENT
189,ASIANPAINT,Mar 2017,15062,12068,2994,20,338,37,335,2960,32,2016,20.0,51,2017,7.22,NORMAL,,INSUFFICIENT,,INSUFFICIENT,16.87,NORMAL,,INSUFFICIENT,,INSUFFICIENT,15.44,NORMAL,,INSUFFICIENT,,INSUFFICIENT
190,ASIANPAINT,Mar 2018,16825,13621,3204,19,336,41,360,3138,33,2098,21.0,41,2018,7.31,NORMAL,9.88,NORMAL,,INSUFFICIENT,13.71,NORMAL,12.58,NORMAL,,INSUFFICIENT,11.87,NORMAL,11.84,NORMAL,,INSUFFICIENT
191,ASIANPAINT,Mar 2019,19240,15475,3765,20,274,110,622,3306,33,2208,22.0,47,2019,10.47,NORMAL,9.5,NORMAL,,INSUFFICIENT,6.99,NORMAL,11.82,NORMAL,,INSUFFICIENT,6.92,NORMAL,11.1,NORMAL,,INSUFFICIENT
192,ASIANPAINT,Mar 2020,20211,16054,4157,21,355,102,780,3629,24,2774,28.0,43,2020,10.3,NORMAL,8.22,NORMAL,,INSUFFICIENT,11.23,NORMAL,14.22,NORMAL,,INSUFFICIENT,11.87,NORMAL,13.3,NORMAL,,INSUFFICIENT
193,ASIANPAINT,Mar 2021,21713,16857,4856,22,332,92,791,4304,26,3207,33.0,55,2021,8.87,NORMAL,8.76,NORMAL,,INSUFFICIENT,15.19,NORMAL,12.21,NORMAL,,INSUFFICIENT,16.26,NORMAL,12.89,NORMAL,,INSUFFICIENT
194,ASIANPAINT,Mar 2022,29101,24298,4804,17,296,95,816,4188,26,3085,32.0,61,2022,14.79,NORMAL,14.08,NORMAL,,INSUFFICIENT,11.79,NORMAL,8.88,NORMAL,,INSUFFICIENT,13.3,NORMAL,9.86,NORMAL,,INSUFFICIENT
195,ASIANPAINT,Mar 2023,34489,28229,6260,18,431,144,858,5689,26,4195,43.0,60,2023,19.5,NORMAL,15.44,NORMAL,12.62,NORMAL,14.78,NORMAL,14.86,NORMAL,13.72,NORMAL,15.37,NORMAL,15.41,NORMAL,13.61,NORMAL
196,ASIANPAINT,Mar 2024,35495,27910,7585,21,821,205,853,7348,24,5558,57.0,58,2024,17.8,NORMAL,13.03,NORMAL,11.25,NORMAL,20.12,NORMAL,20.28,NORMAL,15.97,NORMAL,19.98,NORMAL,20.97,NORMAL,15.93,NORMAL
198,ATGL,Mar 2018,1374,1008,366,27,80,125,61,259,36,162,6.0,0,2018,,INSUFFICIENT,,INSUFFICIENT,,INSUFFICIENT,,INSUFFICIENT,,INSUFFICIENT,,INSUFFICIENT,,INSUFFICIENT,,INSUFFICIENT,,INSUFFICIENT
199,ATGL,Mar 2019,1719,1264,455,26,59,90,67,357,36,229,2.0,12,2019,,INSUFFICIENT,,INSUFFICIENT,,INSUFFICIENT,,INSUFFICIENT,,INSUFFICIENT,,INSUFFICIENT,,INSUFFICIENT,,INSUFFICIENT,,INSUFFICIENT
200,ATGL,Mar 2020,1875,1280,595,32,44,41,51,547,20,436,4.0,6,2020,,INSUFFICIENT,,INSUFFICIENT,,INSUFFICIENT,,INSUFFICIENT,,INSUFFICIENT,,INSUFFICIENT,,INSUFFICIENT,,INSUFFICIENT,,INSUFFICIENT
201,ATGL,Mar 2021,1696,991,704,42,30,40,63,631,25,463,4.0,6,2021,7.27,NORMAL,,INSUFFICIENT,,INSUFFICIENT,41.91,NORMAL,,INSUFFICIENT,,INSUFFICIENT,-12.64,NORMAL,,INSUFFICIENT,,INSUFFICIENT
202,ATGL,Mar 2022,3038,2265,773,25,46,53,83,684,26,509,5.0,5,2022,20.9,NORMAL,,INSUFFICIENT,,INSUFFICIENT,30.51,NORMAL,,INSUFFICIENT,,INSUFFICIENT,35.72,NORMAL,,INSUFFICIENT,,INSUFFICIENT
203,ATGL,Mar 2023,4378,3508,870,20,54,78,113,733,25,546,5.0,5,2023,32.67,NORMAL,26.08,NORMAL,,INSUFFICIENT,7.79,NORMAL,27.51,NORMAL,,INSUFFICIENT,7.72,NORMAL,-3.58,NORMAL,,INSUFFICIENT
204,ATGL,Mar 2024,4475,3371,1104,25,62,111,158,896,26,668,6.0,4,2024,38.18,NORMAL,21.09,NORMAL,,INSUFFICIENT,13.0,NORMAL,23.88,NORMAL,,INSUFFICIENT,14.47,NORMAL,24.57,NORMAL,,INSUFFICIENT
206,BAJAJ-AUTO,Mar 2013,20025,16370,3656,18,790,1,168,4277,29,3133,108.0,42,2013,,INSUFFICIENT,,INSUFFICIENT,,INSUFFICIENT,,INSUFFICIENT,,INSUFFICIENT,,INSUFFICIENT,,INSUFFICIENT,,INSUFFICIENT,,INSUFFICIENT
207,BAJAJ-AUTO,Mar 2014,20137,15974,4163,21,674,1,181,4655,31,3380,117.0,43,2014,,INSUFFICIENT,,INSUFFICIENT,,INSUFFICIENT,,INSUFFICIENT,,INSUFFICIENT,,INSUFFICIENT,,INSUFFICIENT,,INSUFFICIENT,,INSUFFICIENT
208,BAJAJ-AUTO,Mar 2015,21595,17467,4128,19,228,6,267,4083,31,3026,105.0,48,2015,,INSUFFICIENT,,INSUFFICIENT,,INSUFFICIENT,,INSUFFICIENT,,INSUFFICIENT,,INSUFFICIENT,,INSUFFICIENT,,INSUFFICIENT,,INSUFFICIENT
209,BAJAJ-AUTO,Mar 2016,22574,17781,4793,21,1194,1,307,5679,28,4061,140.0,39,2016,4.07,NORMAL,,INSUFFICIENT,,INSUFFICIENT,9.03,NORMAL,,INSUFFICIENT,,INSUFFICIENT,9.04,NORMAL,,INSUFFICIENT,,INSUFFICIENT
210,BAJAJ-AUTO,Mar 2017,21755,17326,4429,20,1468,1,307,5588,27,4079,141.0,39,2017,2.61,NORMAL,,INSUFFICIENT,,INSUFFICIENT,6.47,NORMAL,,INSUFFICIENT,,INSUFFICIENT,6.42,NORMAL,,INSUFFICIENT,,INSUFFICIENT
211,BAJAJ-AUTO,Mar 2018,25210,20364,4846,19,1404,1,315,5933,29,4219,146.0,41,2018,5.29,NORMAL,4.71,NORMAL,,INSUFFICIENT,11.72,NORMAL,6.13,NORMAL,,INSUFFICIENT,11.61,NORMAL,6.21,NORMAL,,INSUFFICIENT
212,BAJAJ-AUTO,Mar 2019,30358,25160,5198,17,2028,4,266,6956,29,4928,170.0,35,2019,10.38,NORMAL,8.56,NORMAL,,INSUFFICIENT,6.66,NORMAL,7.83,NORMAL,,INSUFFICIENT,6.69,NORMAL,7.76,NORMAL,,INSUFFICIENT
213,BAJAJ-AUTO,Mar 2020,29919,24809,5109,17,1832,3,246,6692,22,5212,180.0,67,2020,11.21,NORMAL,6.74,NORMAL,,INSUFFICIENT,8.51,NORMAL,11.49,NORMAL,,INSUFFICIENT,8.48,NORMAL,11.38,NORMAL,,INSUFFICIENT
214,BAJAJ-AUTO,Mar 2021,27741,22803,4938,18,1570,7,259,6241,22,4857,168.0,83,2021,3.24,NORMAL,4.21,NORMAL,,INSUFFICIENT,4.81,NORMAL,3.64,NORMAL,,INSUFFICIENT,4.79,NORMAL,3.71,NORMAL,,INSUFFICIENT
215,BAJAJ-AUTO,Mar 2022,33145,27886,5259,16,2671,9,270,7652,19,6166,213.0,66,2022,2.97,NORMAL,8.79,NORMAL,,INSUFFICIENT,7.76,NORMAL,8.62,NORMAL,,INSUFFICIENT,7.81,NORMAL,8.6,NORMAL,,INSUFFICIENT
216,BAJAJ-AUTO,Mar 2023,36455,29991,6465,18,1703,40,286,7842,23,6060,214.0,65,2023,6.81,NORMAL,7.66,NORMAL,6.17,NORMAL,5.15,NORMAL,7.51,NORMAL,6.82,NORMAL,5.94,NORMAL,7.95,NORMAL,7.08,NORMAL
217,BAJAJ-AUTO,Mar 2024,44870,36106,8765,20,1700,60,365,10040,23,7708,276.0,29,2024,17.38,NORMAL,8.13,NORMAL,8.34,NORMAL,16.64,NORMAL,9.36,NORMAL,8.59,NORMAL,18.0,NORMAL,10.18,NORMAL,8.96,NORMAL
219,AXISBANK,Mar 2013,27183,17516,8313,1353,5,6551,352,7553,31,5179,22.0,16,2013,,INSUFFICIENT,,INSUFFICIENT,,INSUFFICIENT,,INSUFFICIENT,,INSUFFICIENT,,INSUFFICIENT,,INSUFFICIENT,,INSUFFICIENT,,INSUFFICIENT
220,AXISBANK,Mar 2014,30641,18690,9644,2307,8,7405,364,9349,33,6218,26.0,15,2014,,INSUFFICIENT,,INSUFFICIENT,,INSUFFICIENT,,INSUFFICIENT,,INSUFFICIENT,,INSUFFICIENT,,INSUFFICIENT,,INSUFFICIENT,,INSUFFICIENT
221,AXISBANK,Mar 2015,35479,21254,11127,3097,9,8365,406,11057,33,7358,31.0,15,2015,,INSUFFICIENT,,INSUFFICIENT,,INSUFFICIENT,,INSUFFICIENT,,INSUFFICIENT,,INSUFFICIENT,,INSUFFICIENT,,INSUFFICIENT,,INSUFFICIENT
222,AXISBANK,Mar 2016,40988,24155,13367,3466,8,9371,444,12394,34,8224,35.0,14,2016,14.67,NORMAL,,INSUFFICIENT,,INSUFFICIENT,16.67,NORMAL,,INSUFFICIENT,,INSUFFICIENT,16.74,NORMAL,,INSUFFICIENT,,INSUFFICIENT
223,AXISBANK,Mar 2017,44542,26449,23808,-5715,-13,11691,509,5468,33,3679,15.0,33,2017,13.28,NORMAL,,INSUFFICIENT,,INSUFFICIENT,-16.05,NORMAL,,INSUFFICIENT,,INSUFFICIENT,-16.75,NORMAL,,INSUFFICIENT,,INSUFFICIENT
224,AXISBANK,Mar 2018,45780,27163,28895,-10277,-22,10967,568,122,-99,276,1.0,0,2018,8.87,NORMAL,10.99,NORMAL,,INSUFFICIENT,-66.53,NORMAL,-44.37,NORMAL,,INSUFFICIENT,-68.17,NORMAL,-46.11,NORMAL,,INSUFFICIENT
225,AXISBANK,Mar 2019,54986,33278,27155,-5447,-10,13130,710,6974,33,4677,18.0,6,2019,10.29,NORMAL,12.41,NORMAL,,INSUFFICIENT,-17.15,NORMAL,-5.54,NORMAL,,INSUFFICIENT,-19.88,NORMAL,-7.09,NORMAL,,INSUFFICIENT
226,AXISBANK,Mar 2020,62635,37429,35066,-9859,-16,15537,773,4904,67,1627,6.0,0,2020,12.03,NORMAL,12.04,NORMAL,,INSUFFICIENT,-23.81,NORMAL,-26.05,NORMAL,,INSUFFICIENT,-26.32,NORMAL,-28.0,NORMAL,,INSUFFICIENT
227,AXISBANK,Mar 2021,63346,34107,31749,-2510,-4,12264,948,8806,25,6588,22.0,0,2021,11.43,NORMAL,9.1,NORMAL,,INSUFFICIENT,187.93,NORMAL,-4.34,NORMAL,,INSUFFICIENT,180.2,NORMAL,-8.87,NORMAL,,INSUFFICIENT
228,AXISBANK,Mar 2022,67377,34245,29962,3170,5,15221,1008,17383,25,13025,42.0,2,2022,7.01,NORMAL,8.63,NORMAL,,INSUFFICIENT,40.69,NORMAL,28.77,NORMAL,,INSUFFICIENT,32.64,NORMAL,22.87,NORMAL,,INSUFFICIENT
229,AXISBANK,Mar 2023,85164,42218,29089,13857,16,16143,13094,16906,43,9580,31.0,3,2023,10.78,NORMAL,13.22,NORMAL,12.1,NORMAL,80.58,NORMAL,103.28,NORMAL,6.34,NORMAL,72.88,NORMAL,98.73,NORMAL,3.49,NORMAL
230,AXISBANK,Mar 2024,109369,59474,37943,11952,11,22442,1334,33060,25,24861,81.0,1,2024,19.97,NORMAL,14.74,NORMAL,13.57,NORMAL,55.69,NORMAL,39.67,NORMAL,14.86,NORMAL,54.41,NORMAL,35.1,NORMAL,12.03,NORMAL
232,BAJAJFINSV,Mar 2013,8055,4124,3931,49,2,1204,22,2708,18,2214,10.0,2,2013,,INSUFFICIENT,,INSUFFICIENT,,INSUFFICIENT,,INSUFFICIENT,,INSUFFICIENT,,INSUFFICIENT,,INSUFFICIENT,,INSUFFICIENT,,INSUFFICIENT
233,BAJAJFINSV,Mar 2014,6023,1531,4491,75,3,1562,31,2902,24,2191,10.0,2,2014,,INSUFFICIENT,,INSUFFICIENT,,INSUFFICIENT,,INSUFFICIENT,,INSUFFICIENT,,INSUFFICIENT,,INSUFFICIENT,,INSUFFICIENT,,INSUFFICIENT
234,BAJAJFINSV,Mar 2015,11335,5823,5511,49,8,2230,38,3251,26,2409,11.0,2,2015,,INSUFFICIENT,,INSUFFICIENT,,INSUFFICIENT,,INSUFFICIENT,,INSUFFICIENT,,INSUFFICIENT,,INSUFFICIENT,,INSUFFICIENT,,INSUFFICIENT
235,BAJAJFINSV,Mar 2016,20533,13795,6739,33,0,2877,58,3804,27,2775,12.0,1,2016,36.6,NORMAL,,INSUFFICIENT,,INSUFFICIENT,7.82,NORMAL,,INSUFFICIENT,,INSUFFICIENT,6.27,NORMAL,,INSUFFICIENT,,INSUFFICIENT
236,BAJAJFINSV,Mar 2017,24507,15794,8713,36,0,3716,73,4925,30,3450,14.0,1,2017,59.65,NORMAL,,INSUFFICIENT,,INSUFFICIENT,16.34,NORMAL,,INSUFFICIENT,,INSUFFICIENT,11.87,NORMAL,,INSUFFICIENT,,INSUFFICIENT
237,BAJAJFINSV,Mar 2018,32862,22074,10788,33,1,4531,160,6099,32,4176,17.0,1,2018,42.59,NORMAL,32.47,NORMAL,,INSUFFICIENT,20.13,NORMAL,13.53,NORMAL,,INSUFFICIENT,15.62,NORMAL,11.2,NORMAL,,INSUFFICIENT
238,BAJAJFINSV,Mar 2019,42605,27569,15037,35,2,6657,226,8155,34,5374,20.0,1,2019,27.55,NORMAL,47.89,NORMAL,,INSUFFICIENT,24.65,NORMAL,19.66,NORMAL,,INSUFFICIENT,18.56,NORMAL,14.87,NORMAL,,INSUFFICIENT
239,BAJAJFINSV,Mar 2020,54351,36094,18258,34,0,9500,457,8302,28,5994,21.0,2,2020,30.41,NORMAL,36.82,NORMAL,,INSUFFICIENT,20.22,NORMAL,20.0,NORMAL,,INSUFFICIENT,14.47,NORMAL,13.81,NORMAL,,INSUFFICIENT
240,BAJAJFINSV,Mar 2021,60592,40950,19641,32,-7,9274,498,9862,25,7367,28.0,1,2021,22.62,NORMAL,24.16,NORMAL,,INSUFFICIENT,20.83,NORMAL,21.56,NORMAL,,INSUFFICIENT,18.1,NORMAL,18.47,NORMAL,,INSUFFICIENT
241,BAJAJFINSV,Mar 2022,68406,46951,21455,31,8,9629,563,11271,26,8314,29.0,1,2022,17.1,NORMAL,22.79,NORMAL,,INSUFFICIENT,15.66,NORMAL,19.23,NORMAL,,INSUFFICIENT,13.19,NORMAL,15.68,NORMAL,,INSUFFICIENT
242,BAJAJFINSV,Mar 2023,82072,52204,29868,36,1,12380,678,16811,27,12210,40.0,2,2023,14.73,NORMAL,20.09,NORMAL,26.13,NORMAL,26.77,NORMAL,23.93,NORMAL,18.62,NORMAL,23.96,NORMAL,18.66,NORMAL,14.87,NORMAL
243,BAJAJFINSV,Mar 2024,110382,69497,40886,37,-4,18607,900,21375,27,15595,51.0,2,2024,22.13,NORMAL,20.97,NORMAL,33.75,NORMAL,28.4,NORMAL,23.75,NORMAL,21.68,NORMAL,22.12,NORMAL,20.59,NORMAL,17.69,NORMAL
245,BAJAJHLDNG,Mar 2013,337,15,322,95,3,0,2,322,21,1856,167.0,15,2013,,INSUFFICIENT,,INSUFFICIENT,,INSUFFICIENT,,INSUFFICIENT,,INSUFFICIENT,,INSUFFICIENT,,INSUFFICIENT,,INSUFFICIENT,,INSUFFICIENT
246,BAJAJHLDNG,Mar 2014,423,23,400,94,5,0,5,400,20,1988,179.0,17,2014,,INSUFFICIENT,,INSUFFICIENT,,INSUFFICIENT,,INSUFFICIENT,,INSUFFICIENT,,INSUFFICIENT,,INSUFFICIENT,,INSUFFICIENT,,INSUFFICIENT
247,BAJAJHLDNG,Mar 2015,524,40,484,92,35,0,6,513,19,2029,182.0,19,2015,,INSUFFICIENT,,INSUFFICIENT,,INSUFFICIENT,,INSUFFICIENT,,INSUFFICIENT,,INSUFFICIENT,,INSUFFICIENT,,INSUFFICIENT,,INSUFFICIENT
248,BAJAJHLDNG,Mar 2016,470,42,429,91,7,0,5,430,21,2265,204.0,16,2016,11.73,NORMAL,,INSUFFICIENT,,INSUFFICIENT,6.86,NORMAL,,INSUFFICIENT,,INSUFFICIENT,6.9,NORMAL,,INSUFFICIENT,,INSUFFICIENT
249,BAJAJHLDNG,Mar 2017,842,215,628,75,8,0,5,630,21,2473,222.0,15,2017,25.79,NORMAL,,INSUFFICIENT,,INSUFFICIENT,7.55,NORMAL,,INSUFFICIENT,,INSUFFICIENT,7.44,NORMAL,,INSUFFICIENT,,INSUFFICIENT
250,BAJAJHLDNG,Mar 2018,420,65,355,85,2390,0,5,2739,3,2655,239.0,17,2018,-7.11,NORMAL,4.5,NORMAL,,INSUFFICIENT,9.38,NORMAL,7.42,NORMAL,,INSUFFICIENT,9.51,NORMAL,7.43,NORMAL,,INSUFFICIENT
251,BAJAJHLDNG,Mar 2019,431,85,347,80,2827,0,4,3170,4,3048,274.0,12,2019,-2.85,NORMAL,0.38,NORMAL,,INSUFFICIENT,10.4,NORMAL,8.92,NORMAL,,INSUFFICIENT,10.33,NORMAL,8.89,NORMAL,,INSUFFICIENT
252,BAJAJHLDNG,Mar 2020,435,134,301,69,3058,13,33,3314,7,3080,269.0,15,2020,-19.76,NORMAL,-3.65,NORMAL,,INSUFFICIENT,7.59,NORMAL,8.71,NORMAL,,INSUFFICIENT,6.61,NORMAL,8.13,NORMAL,,INSUFFICIENT
253,BAJAJHLDNG,Mar 2021,457,106,352,77,3451,4,34,3766,3,3654,328.0,12,2021,2.85,NORMAL,-0.56,NORMAL,,INSUFFICIENT,11.23,NORMAL,10.04,NORMAL,,INSUFFICIENT,11.13,NORMAL,9.96,NORMAL,,INSUFFICIENT
254,BAJAJHLDNG,Mar 2022,484,117,367,76,3896,3,34,4226,2,4126,364.0,32,2022,3.94,NORMAL,-10.48,NORMAL,,INSUFFICIENT,10.62,NORMAL,10.78,NORMAL,,INSUFFICIENT,9.93,NORMAL,10.4,NORMAL,,INSUFFICIENT
255,BAJAJHLDNG,Mar 2023,522,142,380,73,4673,7,34,5012,1,4946,436.0,28,2023,6.27,NORMAL,4.44,NORMAL,4.47,NORMAL,17.1,NORMAL,13.25,NORMAL,10.3,NORMAL,17.47,NORMAL,12.78,NORMAL,10.07,NORMAL
256,BAJAJHLDNG,Mar 2024,1702,140,1562,92,5967,2,34,7493,2,7365,653.0,20,2024,55.01,NORMAL,31.61,NORMAL,14.94,NORMAL,26.32,NORMAL,19.3,NORMAL,13.99,NORMAL,25.8,NORMAL,18.97,NORMAL,13.82,NORMAL
258,BAJFINANCE,Mar 2015,5392,2274,1752,1367,25,26,36,1357,34,898,18.0,10,2015,,INSUFFICIENT,,INSUFFICIENT,,INSUFFICIENT,,INSUFFICIENT,,INSUFFICIENT,,INSUFFICIENT,,INSUFFICIENT,,INSUFFICIENT,,INSUFFICIENT
259,BAJFINANCE,Mar 2016,7299,2959,2354,1986,27,35,56,1965,35,1279,24.0,10,2016,,INSUFFICIENT,,INSUFFICIENT,,INSUFFICIENT,,INSUFFICIENT,,INSUFFICIENT,,INSUFFICIENT,,INSUFFICIENT,,INSUFFICIENT,,INSUFFICIENT
260,BAJFINANCE,Mar 2017,9970,3853,3250,2867,29,22,71,2817,35,1836,33.0,11,2017,,INSUFFICIENT,,INSUFFICIENT,,INSUFFICIENT,,INSUFFICIENT,,INSUFFICIENT,,INSUFFICIENT,,INSUFFICIENT,,INSUFFICIENT,,INSUFFICIENT
261,BAJFINANCE,Mar 2018,12746,4696,4115,3935,31,10,102,3843,35,2496,43.0,9,2018,33.21,NORMAL,,INSUFFICIENT,,INSUFFICIENT,40.6,NORMAL,,INSUFFICIENT,,INSUFFICIENT,33.68,NORMAL,,INSUFFICIENT,,INSUFFICIENT
262,BAJFINANCE,Mar 2019,18487,6723,5454,6310,34,13,144,6179,35,3995,69.0,9,2019,36.31,NORMAL,,INSUFFICIENT,,INSUFFICIENT,46.18,NORMAL,,INSUFFICIENT,,INSUFFICIENT,42.19,NORMAL,,INSUFFICIENT,,INSUFFICIENT
263,BAJFINANCE,Mar 2020,26374,9608,9159,7608,29,9,295,7322,28,5264,87.0,11,2020,38.3,NORMAL,37.37,NORMAL,,INSUFFICIENT,42.06,NORMAL,42.43,NORMAL,,INSUFFICIENT,38.14,NORMAL,37.04,NORMAL,,INSUFFICIENT
264,BAJFINANCE,Mar 2021,26673,9519,10839,6314,24,3,325,5992,26,4420,73.0,14,2021,27.91,NORMAL,29.59,NORMAL,,INSUFFICIENT,20.98,NORMAL,28.15,NORMAL,,INSUFFICIENT,19.29,NORMAL,24.92,NORMAL,,INSUFFICIENT
265,BAJFINANCE,Mar 2022,31641,9855,11880,9906,31,-17,385,9504,26,7028,116.0,17,2022,19.62,NORMAL,25.98,NORMAL,,INSUFFICIENT,20.72,NORMAL,30.8,NORMAL,,INSUFFICIENT,18.91,NORMAL,28.58,NORMAL,,INSUFFICIENT
266,BAJFINANCE,Mar 2023,41411,12701,12693,16018,39,-5,485,15528,26,11508,190.0,16,2023,16.23,NORMAL,26.58,NORMAL,,INSUFFICIENT,29.79,NORMAL,35.75,NORMAL,,INSUFFICIENT,29.74,NORMAL,34.6,NORMAL,,INSUFFICIENT
267,BAJFINANCE,Mar 2024,54972,18886,16099,19987,36,6,683,19310,25,14451,233.0,15,2024,27.26,NORMAL,24.35,NORMAL,,INSUFFICIENT,48.42,NORMAL,29.32,NORMAL,,INSUFFICIENT,47.23,NORMAL,27.56,NORMAL,,INSUFFICIENT
269,BANKBARODA,Mar 2013,36442,24486,10950,1006,3,4511,322,5195,9,4829,23.0,19,2013,,INSUFFICIENT,,INSUFFICIENT,,INSUFFICIENT,,INSUFFICIENT,,INSUFFICIENT,,INSUFFICIENT,,INSUFFICIENT,,INSUFFICIENT,,INSUFFICIENT
270,BANKBARODA,Mar 2014,40463,27604,12049,809,2,5555,368,5996,18,5036,23.0,19,2014,,INSUFFICIENT,,INSUFFICIENT,,INSUFFICIENT,,INSUFFICIENT,,INSUFFICIENT,,INSUFFICIENT,,INSUFFICIENT,,INSUFFICIENT,,INSUFFICIENT
271,BANKBARODA,Mar 2015,44915,30547,13466,902,2,5449,368,5983,36,3950,18.0,18,2015,,INSUFFICIENT,,INSUFFICIENT,,INSUFFICIENT,,INSUFFICIENT,,INSUFFICIENT,,INSUFFICIENT,,INSUFFICIENT,,INSUFFICIENT,,INSUFFICIENT
272,BANKBARODA,Mar 2016,45799,32107,25391,-11700,-26,5992,525,-6233,-19,-5033,-22.0,0,2016,7.92,NORMAL,,INSUFFICIENT,,INSUFFICIENT,,DECLINE_TO_LOSS,,INSUFFICIENT,,INSUFFICIENT,,DECLINE_TO_LOSS,,INSUFFICIENT,,INSUFFICIENT
273,BANKBARODA,Mar 2017,44473,29596,19250,-4372,-10,7937,540,3024,41,1855,8.0,15,2017,3.2,NORMAL,,INSUFFICIENT,,INSUFFICIENT,-28.32,NORMAL,,INSUFFICIENT,,INSUFFICIENT,-29.67,NORMAL,,INSUFFICIENT,,INSUFFICIENT
274,BANKBARODA,Mar 2018,46056,29160,26093,-9197,-20,7992,901,-2106,-9,-1836,-7.0,0,2018,0.84,NORMAL,4.79,NORMAL,,INSUFFICIENT,,DECLINE_TO_LOSS,,DECLINE_TO_LOSS,,INSUFFICIENT,,DECLINE_TO_LOSS,,DECLINE_TO_LOSS,,INSUFFICIENT
275,BANKBARODA,Mar 2019,52906,32506,25815,-5414,-10,7887,948,1525,29,1166,4.0,0,2019,4.93,NORMAL,5.51,NORMAL,,INSUFFICIENT,,TURNAROUND,-25.37,NORMAL,,INSUFFICIENT,,TURNAROUND,-29.52,NORMAL,,INSUFFICIENT
276,BANKBARODA,Mar 2020,78895,50040,40583,-11728,-15,12191,1697,-1234,-99,981,2.0,0,2020,21.06,NORMAL,11.93,NORMAL,,INSUFFICIENT,-19.13,NORMAL,-24.31,NORMAL,,INSUFFICIENT,-37.0,NORMAL,-35.56,NORMAL,,INSUFFICIENT
277,BANKBARODA,Mar 2021,74314,43201,38070,-6957,-9,14687,1357,6373,77,1620,3.0,0,2021,17.29,NORMAL,10.16,NORMAL,,INSUFFICIENT,,TURNAROUND,,TURNAROUND,,INSUFFICIENT,,TURNAROUND,,TURNAROUND,,INSUFFICIENT
278,BANKBARODA,Mar 2022,73385,38815,37518,-2948,-4,14395,1438,10008,23,7933,15.0,19,2022,11.52,NORMAL,10.54,NORMAL,,INSUFFICIENT,89.49,NORMAL,33.73,NORMAL,,INSUFFICIENT,55.36,NORMAL,13.4,NORMAL,,INSUFFICIENT
279,BANKBARODA,Mar 2023,94503,49942,38231,6329,7,16275,2040,20565,29,15005,29.0,19,2023,6.2,NORMAL,15.46,NORMAL,10.0,NORMAL,148.23,NORMAL,,TURNAROUND,12.01,NORMAL,143.85,NORMAL,,TURNAROUND,2.35,NORMAL
280,BANKBARODA,Mar 2024,118379,69899,44379,4102,3,23399,1702,25799,29,18869,36.0,21,2024,16.79,NORMAL,17.48,NORMAL,11.33,NORMAL,126.68,NORMAL,74.51,NORMAL,14.12,NORMAL,128.94,NORMAL,55.18,NORMAL,4.58,NORMAL
282,BHARTIARTL,Mar 2013,76947,53987,22960,30,1159,4519,14815,4785,53,2267,4.0,17,2013,,INSUFFICIENT,,INSUFFICIENT,,INSUFFICIENT,,INSUFFICIENT,,INSUFFICIENT,,INSUFFICIENT,,INSUFFICIENT,,INSUFFICIENT,,INSUFFICIENT
283,BHARTIARTL,Mar 2014,85864,59352,26512,31,2881,5879,15650,7864,62,3019,5.0,26,2014,,INSUFFICIENT,,INSUFFICIENT,,INSUFFICIENT,,INSUFFICIENT,,INSUFFICIENT,,INSUFFICIENT,,INSUFFICIENT,,INSUFFICIENT,,INSUFFICIENT
284,BHARTIARTL,Mar 2015,96101,62499,33602,35,1243,4446,19858,10540,52,5048,8.0,33,2015,,INSUFFICIENT,,INSUFFICIENT,,INSUFFICIENT,,INSUFFICIENT,,INSUFFICIENT,,INSUFFICIENT,,INSUFFICIENT,,INSUFFICIENT,,INSUFFICIENT
285,BHARTIARTL,Mar 2016,96532,62548,33984,35,4858,8546,17450,12846,46,6893,11.0,9,2016,7.85,NORMAL,,INSUFFICIENT,,INSUFFICIENT,44.87,NORMAL,,INSUFFICIENT,,INSUFFICIENT,40.1,NORMAL,,INSUFFICIENT,,INSUFFICIENT
286,BHARTIARTL,Mar 2017,95468,60138,35330,37,1713,9547,19773,7723,45,4241,7.0,11,2017,3.6,NORMAL,,INSUFFICIENT,,INSUFFICIENT,12.0,NORMAL,,INSUFFICIENT,,INSUFFICIENT,11.87,NORMAL,,INSUFFICIENT,,INSUFFICIENT
287,BHARTIARTL,Mar 2018,82639,52560,30079,36,1756,9326,19243,3267,33,2184,2.0,194,2018,-4.91,NORMAL,1.44,NORMAL,,INSUFFICIENT,-24.37,NORMAL,-0.74,NORMAL,,INSUFFICIENT,-37.0,NORMAL,-12.94,NORMAL,,INSUFFICIENT
288,BHARTIARTL,Mar 2019,80780,55016,25764,32,4474,10622,21348,-1732,-99,1688,1.0,244,2019,-5.77,NORMAL,-1.21,NORMAL,,INSUFFICIENT,-37.44,NORMAL,-10.98,NORMAL,,INSUFFICIENT,-55.04,NORMAL,-27.52,NORMAL,,INSUFFICIENT
289,BHARTIARTL,Mar 2020,87539,50930,36610,42,-37775,13992,27690,-42846,-28,-30664,-55.0,-3,2020,-2.85,NORMAL,-1.85,NORMAL,,INSUFFICIENT,,DECLINE_TO_LOSS,,DECLINE_TO_LOSS,,INSUFFICIENT,,DECLINE_TO_LOSS,,DECLINE_TO_LOSS,,INSUFFICIENT
290,BHARTIARTL,Mar 2021,100616,55337,45279,45,-4215,15091,29404,-3432,99,-12364,-26.0,0,2021,6.78,NORMAL,0.83,NORMAL,,INSUFFICIENT,,DECLINE_TO_LOSS,,DECLINE_TO_LOSS,,INSUFFICIENT,,DECLINE_TO_LOSS,,DECLINE_TO_LOSS,,INSUFFICIENT
291,BHARTIARTL,Mar 2022,116547,59013,57534,49,4656,16616,33091,12483,33,8305,7.0,39,2022,13.0,NORMAL,4.07,NORMAL,,INSUFFICIENT,70.08,NORMAL,14.39,NORMAL,,INSUFFICIENT,91.29,NORMAL,0.0,NORMAL,,INSUFFICIENT
292,BHARTIARTL,Mar 2023,139145,67871,71274,51,1019,19300,36432,16561,26,12287,15.0,27,2023,16.7,NORMAL,10.98,NORMAL,6.1,NORMAL,,TURNAROUND,41.27,NORMAL,18.41,NORMAL,,TURNAROUND,49.63,NORMAL,14.13,NORMAL
293,BHARTIARTL,Mar 2024,149982,71691,78292,52,-3428,22648,39538,12679,32,8558,13.0,62,2024,14.23,NORMAL,13.17,NORMAL,5.74,NORMAL,,TURNAROUND,38.36,NORMAL,10.98,NORMAL,,TURNAROUND,67.03,NORMAL,10.03,NORMAL
295,BEL,Mar 2013,6273,5604,669,11,622,7,136,1147,21,911,1.0,20,2013,,INSUFFICIENT,,INSUFFICIENT,,INSUFFICIENT,,INSUFFICIENT,,INSUFFICIENT,,INSUFFICIENT,,INSUFFICIENT,,INSUFFICIENT,,INSUFFICIENT
296,BEL,Mar 2014,6518,5593,925,14,438,7,150,1206,21,952,1.0,20,2014,,INSUFFICIENT,,INSUFFICIENT,,INSUFFICIENT,,INSUFFICIENT,,INSUFFICIENT,,INSUFFICIENT,,INSUFFICIENT,,INSUFFICIENT,,INSUFFICIENT
297,BEL,Mar 2015,7093,5913,1179,17,507,7,166,1513,21,1197,2.0,20,2015,,INSUFFICIENT,,INSUFFICIENT,,INSUFFICIENT,,INSUFFICIENT,,INSUFFICIENT,,INSUFFICIENT,,INSUFFICIENT,,INSUFFICIENT,,INSUFFICIENT
298,BEL,Mar 2016,7354,5961,1393,19,573,10,192,1764,24,1337,2.0,31,2016,5.44,NORMAL,,INSUFFICIENT,,INSUFFICIENT,13.64,NORMAL,,INSUFFICIENT,,INSUFFICIENT,25.99,NORMAL,,INSUFFICIENT,,INSUFFICIENT
299,BEL,Mar 2017,8656,6864,1792,21,420,18,212,1983,24,1523,2.0,33,2017,9.92,NORMAL,,INSUFFICIENT,,INSUFFICIENT,16.96,NORMAL,,INSUFFICIENT,,INSUFFICIENT,25.99,NORMAL,,INSUFFICIENT,,INSUFFICIENT
300,BEL,Mar 2018,10401,8361,2039,20,196,6,272,1957,28,1431,2.0,34,2018,13.61,NORMAL,10.64,NORMAL,,INSUFFICIENT,6.13,NORMAL,9.45,NORMAL,,INSUFFICIENT,0.0,NORMAL,14.87,NORMAL,,INSUFFICIENT
301,BEL,Mar 2019,12164,9255,2909,24,73,16,338,2628,30,1887,3.0,44,2019,18.26,NORMAL,13.29,NORMAL,,INSUFFICIENT,12.17,NORMAL,14.66,NORMAL,,INSUFFICIENT,14.47,NORMAL,24.57,NORMAL,,INSUFFICIENT
302,BEL,Mar 2020,12968,10209,2759,21,99,8,372,2478,28,1825,3.0,37,2020,14.42,NORMAL,12.83,NORMAL,,INSUFFICIENT,6.22,NORMAL,8.8,NORMAL,,INSUFFICIENT,14.47,NORMAL,8.45,NORMAL,,INSUFFICIENT
303,BEL,Mar 2021,14109,10895,3214,23,125,10,387,2942,30,2100,3.0,46,2021,10.7,NORMAL,13.92,NORMAL,,INSUFFICIENT,13.64,NORMAL,9.45,NORMAL,,INSUFFICIENT,14.47,NORMAL,8.45,NORMAL,,INSUFFICIENT
304,BEL,Mar 2022,15368,12024,3344,22,232,9,401,3166,26,2400,3.0,46,2022,8.11,NORMAL,12.17,NORMAL,,INSUFFICIENT,8.35,NORMAL,9.52,NORMAL,,INSUFFICIENT,0.0,NORMAL,8.45,NORMAL,,INSUFFICIENT
305,BEL,Mar 2023,17734,13645,4090,23,281,19,429,3923,25,2986,4.0,44,2023,11.0,NORMAL,11.26,NORMAL,10.95,NORMAL,17.84,NORMAL,15.85,NORMAL,12.6,NORMAL,10.06,NORMAL,14.87,NORMAL,14.87,NORMAL
306,BEL,Mar 2024,20268,15217,5051,25,670,12,443,5266,25,3985,5.0,40,2024,12.83,NORMAL,10.75,NORMAL,12.01,NORMAL,23.8,NORMAL,16.13,NORMAL,15.39,NORMAL,18.56,NORMAL,10.76,NORMAL,17.46,NORMAL
308,BHEL,Mar 2013,48903,39420,9483,19,1132,128,957,9531,30,6693,18.0,20,2013,,INSUFFICIENT,,INSUFFICIENT,,INSUFFICIENT,,INSUFFICIENT,,INSUFFICIENT,,INSUFFICIENT,,INSUFFICIENT,,INSUFFICIENT,,INSUFFICIENT
309,BHEL,Mar 2014,39561,34982,4579,12,1617,133,985,5078,31,3502,10.0,20,2014,,INSUFFICIENT,,INSUFFICIENT,,INSUFFICIENT,,INSUFFICIENT,,INSUFFICIENT,,INSUFFICIENT,,INSUFFICIENT,,INSUFFICIENT,,INSUFFICIENT
310,BHEL,Mar 2015,31323,29183,2141,7,1221,92,1082,2187,34,1450,4.0,20,2015,,INSUFFICIENT,,INSUFFICIENT,,INSUFFICIENT,,INSUFFICIENT,,INSUFFICIENT,,INSUFFICIENT,,INSUFFICIENT,,INSUFFICIENT,,INSUFFICIENT
311,BHEL,Mar 2016,25505,26862,-1357,-5,1492,360,937,-1161,-39,-706,-2.0,-14,2016,-19.51,NORMAL,,INSUFFICIENT,,INSUFFICIENT,,DECLINE_TO_LOSS,,INSUFFICIENT,,INSUFFICIENT,,DECLINE_TO_LOSS,,INSUFFICIENT,,INSUFFICIENT
312,BHEL,Mar 2017,28465,27370,1095,4,753,413,850,586,22,455,1.0,85,2017,-10.39,NORMAL,,INSUFFICIENT,,INSUFFICIENT,-49.35,NORMAL,,INSUFFICIENT,,INSUFFICIENT,-53.58,NORMAL,,INSUFFICIENT,,INSUFFICIENT
313,BHEL,Mar 2018,28827,27174,1653,6,679,330,787,1215,64,438,1.0,151,2018,-2.73,NORMAL,-10.03,NORMAL,,INSUFFICIENT,-32.9,NORMAL,-42.03,NORMAL,,INSUFFICIENT,-37.0,NORMAL,-43.9,NORMAL,,INSUFFICIENT
314,BHEL,Mar 2019,30441,28409,2032,7,662,378,476,1840,46,1002,3.0,69,2019,6.07,NORMAL,-5.11,NORMAL,,INSUFFICIENT,,TURNAROUND,-22.14,NORMAL,,INSUFFICIENT,,TURNAROUND,-21.4,NORMAL,,INSUFFICIENT
315,BHEL,Mar 2020,21463,21596,-133,-1,590,613,503,-659,99,-1468,-4.0,0,2020,-8.98,NORMAL,-7.28,NORMAL,,INSUFFICIENT,,DECLINE_TO_LOSS,,DECLINE_TO_LOSS,,INSUFFICIENT,,DECLINE_TO_LOSS,,DECLINE_TO_LOSS,,INSUFFICIENT
316,BHEL,Mar 2021,17309,20357,-3049,-18,393,467,473,-3596,-25,-2700,-8.0,0,2021,-15.64,NORMAL,-7.46,NORMAL,,INSUFFICIENT,,DECLINE_TO_LOSS,,BOTH_NEGATIVE,,INSUFFICIENT,,DECLINE_TO_LOSS,,BOTH_NEGATIVE,,INSUFFICIENT
317,BHEL,Mar 2022,21211,20383,828,4,405,448,314,470,5,445,1.0,31,2022,-11.35,NORMAL,-5.71,NORMAL,,INSUFFICIENT,-23.7,NORMAL,-0.44,NORMAL,,INSUFFICIENT,-30.66,NORMAL,0.0,NORMAL,,INSUFFICIENT
318,BHEL,Mar 2023,23365,22321,1044,4,544,612,260,716,9,654,2.0,21,2023,2.87,NORMAL,-4.11,NORMAL,-7.12,NORMAL,,TURNAROUND,8.35,NORMAL,-20.75,NORMAL,,TURNAROUND,14.87,NORMAL,-19.73,NORMAL
319,BHEL,Mar 2024,23893,23182,711,3,608,828,249,243,-16,282,1.0,31,2024,11.34,NORMAL,-4.73,NORMAL,-4.92,NORMAL,,TURNAROUND,-22.4,NORMAL,-22.27,NORMAL,,TURNAROUND,-19.73,NORMAL,-20.57,NORMAL
321,BOSCHLTD,Dec 2012,8659,7310,1350,16,369,6,367,1346,29,958,305.0,20,2012,,INSUFFICIENT,,INSUFFICIENT,,INSUFFICIENT,,INSUFFICIENT,,INSUFFICIENT,,INSUFFICIENT,,INSUFFICIENT,,INSUFFICIENT,,INSUFFICIENT
322,BOSCHLTD,Dec 2013,8757,7468,1289,15,353,0,384,1257,30,885,282.0,20,2013,,INSUFFICIENT,,INSUFFICIENT,,INSUFFICIENT,,INSUFFICIENT,,INSUFFICIENT,,INSUFFICIENT,,INSUFFICIENT,,INSUFFICIENT,,INSUFFICIENT
323,BOSCHLTD,Mar 2015,12086,10104,1981,16,537,14,548,1956,32,1338,426.0,20,2015,11.76,NORMAL,,INSUFFICIENT,,INSUFFICIENT,11.78,NORMAL,,INSUFFICIENT,,INSUFFICIENT,11.78,NORMAL,,INSUFFICIENT,,INSUFFICIENT
324,BOSCHLTD,Mar 2016,9701,7823,1878,19,623,13,386,2102,27,1531,488.0,17,2016,3.47,NORMAL,,INSUFFICIENT,,INSUFFICIENT,20.04,NORMAL,,INSUFFICIENT,,INSUFFICIENT,20.06,NORMAL,,INSUFFICIENT,,INSUFFICIENT
325,BOSCHLTD,Mar 2017,10435,8473,1963,19,912,27,456,2391,27,1741,570.0,29,2017,,INSUFFICIENT,3.8,NORMAL,,INSUFFICIENT,,INSUFFICIENT,12.69,NORMAL,,INSUFFICIENT,,INSUFFICIENT,13.32,NORMAL,,INSUFFICIENT
326,BOSCHLTD,Mar 2018,11690,9597,2093,18,418,3,467,2041,33,1371,449.0,22,2018,-1.1,NORMAL,5.95,NORMAL,,INSUFFICIENT,0.82,NORMAL,9.15,NORMAL,,INSUFFICIENT,1.77,NORMAL,9.75,NORMAL,,INSUFFICIENT
327,BOSCHLTD,Mar 2019,12085,9931,2154,18,600,13,402,2339,32,1598,542.0,19,2019,7.6,NORMAL,,INSUFFICIENT,,INSUFFICIENT,1.44,NORMAL,,INSUFFICIENT,,INSUFFICIENT,3.56,NORMAL,,INSUFFICIENT,,INSUFFICIENT
328,BOSCHLTD,Mar 2020,9842,8358,1483,15,-105,10,383,985,34,650,220.0,48,2020,-1.93,NORMAL,-4.02,NORMAL,,INSUFFICIENT,-27.99,NORMAL,-13.45,NORMAL,,INSUFFICIENT,-27.19,NORMAL,-12.38,NORMAL,,INSUFFICIENT
329,BOSCHLTD,Mar 2021,9718,8555,1163,12,-241,14,341,567,15,482,164.0,70,2021,-5.97,NORMAL,0.04,NORMAL,,INSUFFICIENT,-29.42,NORMAL,-20.64,NORMAL,,INSUFFICIENT,-28.52,NORMAL,-19.59,NORMAL,,INSUFFICIENT
330,BOSCHLTD,Mar 2022,11782,10319,1462,12,391,29,324,1500,19,1217,413.0,51,2022,-0.84,NORMAL,2.46,NORMAL,3.13,NORMAL,-8.68,NORMAL,-6.91,NORMAL,2.42,NORMAL,-8.66,NORMAL,-6.24,NORMAL,3.08,NORMAL
331,BOSCHLTD,Mar 2023,14929,13120,1810,13,471,12,386,1882,24,1424,483.0,99,2023,14.9,NORMAL,5.01,NORMAL,5.48,NORMAL,29.88,NORMAL,0.76,NORMAL,4.87,NORMAL,29.97,NORMAL,1.47,NORMAL,5.53,NORMAL
332,BOSCHLTD,Mar 2024,16727,14632,2095,13,1566,51,430,3181,22,2490,844.0,44,2024,19.84,NORMAL,6.72,NORMAL,,INSUFFICIENT,72.87,NORMAL,9.28,NORMAL,,INSUFFICIENT,72.65,NORMAL,9.26,NORMAL,,INSUFFICIENT
334,BPCL,Mar 2013,242181,235472,6709,3,1492,2518,2463,3220,40,1936,4.0,42,2013,,INSUFFICIENT,,INSUFFICIENT,,INSUFFICIENT,,INSUFFICIENT,,INSUFFICIENT,,INSUFFICIENT,,INSUFFICIENT,,INSUFFICIENT,,INSUFFICIENT
335,BPCL,Mar 2014,264421,255007,9414,4,1344,1982,2611,6166,34,4053,9.0,31,2014,,INSUFFICIENT,,INSUFFICIENT,,INSUFFICIENT,,INSUFFICIENT,,INSUFFICIENT,,INSUFFICIENT,,INSUFFICIENT,,INSUFFICIENT,,INSUFFICIENT
336,BPCL,Mar 2015,242598,232818,9780,4,2117,1180,3027,7690,34,5082,11.0,34,2015,,INSUFFICIENT,,INSUFFICIENT,,INSUFFICIENT,,INSUFFICIENT,,INSUFFICIENT,,INSUFFICIENT,,INSUFFICIENT,,INSUFFICIENT,,INSUFFICIENT
337,BPCL,Mar 2016,187815,174844,12971,7,1913,680,2072,12132,33,8089,19.0,25,2016,-8.13,NORMAL,,INSUFFICIENT,,INSUFFICIENT,61.06,NORMAL,,INSUFFICIENT,,INSUFFICIENT,68.1,NORMAL,,INSUFFICIENT,,INSUFFICIENT
338,BPCL,Mar 2017,201251,187468,13783,7,2721,696,2108,13700,31,9507,20.0,49,2017,-8.7,NORMAL,,INSUFFICIENT,,INSUFFICIENT,32.87,NORMAL,,INSUFFICIENT,,INSUFFICIENT,30.5,NORMAL,,INSUFFICIENT,,INSUFFICIENT
339,BPCL,Mar 2018,235895,220578,15317,6,2927,1186,2885,14174,31,9792,21.0,46,2018,-0.93,NORMAL,-0.52,NORMAL,,INSUFFICIENT,24.44,NORMAL,38.29,NORMAL,,INSUFFICIENT,24.05,NORMAL,39.33,NORMAL,,INSUFFICIENT
340,BPCL,Mar 2019,298226,283113,15112,5,2975,1764,3418,12905,34,8528,18.0,48,2019,16.66,NORMAL,2.44,NORMAL,,INSUFFICIENT,1.78,NORMAL,16.04,NORMAL,,INSUFFICIENT,-1.79,NORMAL,14.87,NORMAL,,INSUFFICIENT
341,BPCL,Mar 2020,284572,275597,8975,3,1393,2637,4080,3652,0,3666,7.0,106,2020,12.24,NORMAL,3.24,NORMAL,,INSUFFICIENT,-27.21,NORMAL,-6.32,NORMAL,,INSUFFICIENT,-29.53,NORMAL,-8.64,NORMAL,,INSUFFICIENT
342,BPCL,Mar 2021,230171,209170,21001,9,7489,1723,4334,22432,23,17320,37.0,102,2021,-0.82,NORMAL,4.15,NORMAL,,INSUFFICIENT,20.94,NORMAL,16.45,NORMAL,,INSUFFICIENT,20.78,NORMAL,14.26,NORMAL,,INSUFFICIENT
343,BPCL,Mar 2022,346791,327654,19137,6,4939,2606,5434,16037,27,11682,27.0,29,2022,5.16,NORMAL,11.5,NORMAL,,INSUFFICIENT,11.06,NORMAL,4.21,NORMAL,,INSUFFICIENT,14.47,NORMAL,6.19,NORMAL,,INSUFFICIENT
344,BPCL,Mar 2023,473187,462288,10899,2,2036,3745,6369,2821,24,2131,5.0,40,2023,18.47,NORMAL,14.94,NORMAL,6.93,NORMAL,-16.54,NORMAL,-26.29,NORMAL,0.96,NORMAL,-10.61,NORMAL,-24.95,NORMAL,2.26,NORMAL
345,BPCL,Mar 2024,448083,404001,44082,10,3032,4149,6771,36194,26,26859,62.0,33,2024,24.86,NORMAL,8.48,NORMAL,5.42,NORMAL,15.75,NORMAL,25.79,NORMAL,20.82,NORMAL,18.78,NORMAL,28.06,NORMAL,21.29,NORMAL
347,BRITANNIA,Mar 2013,6185,5765,421,7,52,41,73,358,27,260,11.0,39,2013,,INSUFFICIENT,,INSUFFICIENT,,INSUFFICIENT,,INSUFFICIENT,,INSUFFICIENT,,INSUFFICIENT,,INSUFFICIENT,,INSUFFICIENT,,INSUFFICIENT
348,BRITANNIA,Mar 2014,6913,6286,627,9,34,8,83,569,30,395,16.0,36,2014,,INSUFFICIENT,,INSUFFICIENT,,INSUFFICIENT,,INSUFFICIENT,,INSUFFICIENT,,INSUFFICIENT,,INSUFFICIENT,,INSUFFICIENT,,INSUFFICIENT
349,BRITANNIA,Mar 2015,7858,6988,870,11,228,4,144,950,28,689,29.0,28,2015,,INSUFFICIENT,,INSUFFICIENT,,INSUFFICIENT,,INSUFFICIENT,,INSUFFICIENT,,INSUFFICIENT,,INSUFFICIENT,,INSUFFICIENT,,INSUFFICIENT
350,BRITANNIA,Mar 2016,8397,7174,1224,15,115,5,113,1220,32,825,34.0,29,2016,10.73,NORMAL,,INSUFFICIENT,,INSUFFICIENT,46.95,NORMAL,,INSUFFICIENT,,INSUFFICIENT,45.67,NORMAL,,INSUFFICIENT,,INSUFFICIENT
351,BRITANNIA,Mar 2017,9054,7776,1278,14,151,5,119,1304,32,885,37.0,30,2017,9.41,NORMAL,,INSUFFICIENT,,INSUFFICIENT,30.85,NORMAL,,INSUFFICIENT,,INSUFFICIENT,32.24,NORMAL,,INSUFFICIENT,,INSUFFICIENT
352,BRITANNIA,Mar 2018,9914,8413,1501,15,166,8,142,1518,34,1004,42.0,30,2018,8.06,NORMAL,9.9,NORMAL,,INSUFFICIENT,13.37,NORMAL,31.02,NORMAL,,INSUFFICIENT,13.14,NORMAL,30.73,NORMAL,,INSUFFICIENT
353,BRITANNIA,Mar 2019,11055,9322,1732,16,206,9,162,1768,35,1155,48.0,31,2019,9.6,NORMAL,9.84,NORMAL,,INSUFFICIENT,11.87,NORMAL,23.94,NORMAL,,INSUFFICIENT,12.18,NORMAL,24.57,NORMAL,,INSUFFICIENT
354,BRITANNIA,Mar 2020,11600,9756,1843,16,263,77,185,1844,24,1394,58.0,60,2020,8.61,NORMAL,8.1,NORMAL,,INSUFFICIENT,16.35,NORMAL,15.14,NORMAL,,INSUFFICIENT,16.17,NORMAL,14.87,NORMAL,,INSUFFICIENT
355,BRITANNIA,Mar 2021,13136,10627,2509,19,313,111,198,2514,26,1851,77.0,204,2021,9.83,NORMAL,9.36,NORMAL,,INSUFFICIENT,22.62,NORMAL,17.54,NORMAL,,INSUFFICIENT,22.39,NORMAL,17.76,NORMAL,,INSUFFICIENT
356,BRITANNIA,Mar 2022,14136,11935,2201,16,222,144,201,2078,27,1516,63.0,89,2022,8.54,NORMAL,9.32,NORMAL,,INSUFFICIENT,9.49,NORMAL,11.37,NORMAL,,INSUFFICIENT,9.49,NORMAL,11.23,NORMAL,,INSUFFICIENT
357,BRITANNIA,Mar 2023,16301,13470,2831,17,597,169,226,3033,24,2316,96.0,75,2023,12.01,NORMAL,10.46,NORMAL,10.18,NORMAL,18.44,NORMAL,18.2,NORMAL,24.44,NORMAL,18.29,NORMAL,17.98,NORMAL,24.19,NORMAL
358,BRITANNIA,Mar 2024,16769,13603,3167,19,211,164,300,2913,27,2134,89.0,83,2024,8.48,NORMAL,8.69,NORMAL,9.27,NORMAL,4.86,NORMAL,13.06,NORMAL,18.37,NORMAL,4.95,NORMAL,13.14,NORMAL,18.72,NORMAL
360,CANBK,Mar 2013,34070,26198,7217,655,2,3308,191,3771,22,2995,12.0,19,2013,,INSUFFICIENT,,INSUFFICIENT,,INSUFFICIENT,,INSUFFICIENT,,INSUFFICIENT,,INSUFFICIENT,,INSUFFICIENT,,INSUFFICIENT,,INSUFFICIENT
361,CANBK,Mar 2014,39570,30606,9636,-672,-2,4144,230,3242,20,2672,10.0,19,2014,,INSUFFICIENT,,INSUFFICIENT,,INSUFFICIENT,,INSUFFICIENT,,INSUFFICIENT,,INSUFFICIENT,,INSUFFICIENT,,INSUFFICIENT,,INSUFFICIENT
362,CANBK,Mar 2015,43813,34133,10302,-621,-1,4733,429,3683,22,2931,11.0,17,2015,,INSUFFICIENT,,INSUFFICIENT,,INSUFFICIENT,,INSUFFICIENT,,INSUFFICIENT,,INSUFFICIENT,,INSUFFICIENT,,INSUFFICIENT,,INSUFFICIENT
363,CANBK,Mar 2016,44039,34263,17785,-8008,-18,5266,172,-2914,-13,-2535,-9.0,0,2016,8.93,NORMAL,,INSUFFICIENT,,INSUFFICIENT,,DECLINE_TO_LOSS,,INSUFFICIENT,,INSUFFICIENT,,DECLINE_TO_LOSS,,INSUFFICIENT,,INSUFFICIENT
364,CANBK,Mar 2017,41457,31540,15691,-5775,-14,7852,331,1746,29,1411,5.0,4,2017,1.56,NORMAL,,INSUFFICIENT,,INSUFFICIENT,-19.17,NORMAL,,INSUFFICIENT,,INSUFFICIENT,-20.63,NORMAL,,INSUFFICIENT,,INSUFFICIENT
365,CANBK,Mar 2018,41345,29113,25582,-13350,-32,7398,456,-6408,-36,-3873,-11.0,0,2018,-1.91,NORMAL,3.95,NORMAL,,INSUFFICIENT,,DECLINE_TO_LOSS,,DECLINE_TO_LOSS,,INSUFFICIENT,,DECLINE_TO_LOSS,,DECLINE_TO_LOSS,,INSUFFICIENT
366,CANBK,Mar 2019,47951,32339,27202,-11590,-24,9907,429,-2111,-99,696,2.0,0,2019,2.88,NORMAL,3.92,NORMAL,,INSUFFICIENT,,TURNAROUND,-23.59,NORMAL,,INSUFFICIENT,,TURNAROUND,-27.52,NORMAL,,INSUFFICIENT
367,CANBK,Mar 2020,49759,35817,26809,-12867,-26,11799,446,-1514,34,-1921,-4.0,0,2020,6.27,NORMAL,2.58,NORMAL,,INSUFFICIENT,,DECLINE_TO_LOSS,,DECLINE_TO_LOSS,,INSUFFICIENT,,DECLINE_TO_LOSS,,DECLINE_TO_LOSS,,INSUFFICIENT
368,CANBK,Mar 2021,70253,45182,43437,-18367,-26,23086,838,3882,30,2957,4.0,0,2021,19.33,NORMAL,9.79,NORMAL,,INSUFFICIENT,,TURNAROUND,,TURNAROUND,,INSUFFICIENT,,TURNAROUND,,TURNAROUND,,INSUFFICIENT
369,CANBK,Mar 2022,70614,43035,41235,-13657,-19,23643,841,9145,37,6158,7.0,19,2022,13.77,NORMAL,11.24,NORMAL,,INSUFFICIENT,106.83,NORMAL,34.27,NORMAL,,INSUFFICIENT,51.83,NORMAL,6.96,NORMAL,,INSUFFICIENT
370,CANBK,Mar 2023,85885,52990,42772,-9877,-12,25325,1021,14427,25,11345,12.0,19,2023,19.95,NORMAL,15.74,NORMAL,9.69,NORMAL,,TURNAROUND,,TURNAROUND,14.25,NORMAL,,TURNAROUND,,TURNAROUND,0.0,NORMAL
371,CANBK,Mar 2024,110519,72118,46146,-7745,-7,28646,902,20000,26,15401,17.0,19,2024,16.3,NORMAL,18.18,NORMAL,10.82,NORMAL,73.34,NORMAL,85.78,NORMAL,19.14,NORMAL,61.98,NORMAL,53.42,NORMAL,5.45,NORMAL
373,CHOLAFIN,Mar 2013,2570,1410,688,472,18,1,22,452,32,308,4.0,16,2013,,INSUFFICIENT,,INSUFFICIENT,,INSUFFICIENT,,INSUFFICIENT,,INSUFFICIENT,,INSUFFICIENT,,INSUFFICIENT,,INSUFFICIENT,,INSUFFICIENT
374,CHOLAFIN,Mar 2014,3279,1769,932,578,18,1,25,554,34,368,5.0,14,2014,,INSUFFICIENT,,INSUFFICIENT,,INSUFFICIENT,,INSUFFICIENT,,INSUFFICIENT,,INSUFFICIENT,,INSUFFICIENT,,INSUFFICIENT,,INSUFFICIENT
375,CHOLAFIN,Mar 2015,3715,1958,1061,696,19,0,30,666,33,444,6.0,11,2015,,INSUFFICIENT,,INSUFFICIENT,,INSUFFICIENT,,INSUFFICIENT,,INSUFFICIENT,,INSUFFICIENT,,INSUFFICIENT,,INSUFFICIENT,,INSUFFICIENT
376,CHOLAFIN,Mar 2016,4214,2048,1266,899,21,2,22,879,35,575,7.0,12,2016,17.92,NORMAL,,INSUFFICIENT,,INSUFFICIENT,23.13,NORMAL,,INSUFFICIENT,,INSUFFICIENT,20.51,NORMAL,,INSUFFICIENT,,INSUFFICIENT
377,CHOLAFIN,Mar 2017,4694,2228,1322,1143,24,3,39,1107,35,718,9.0,12,2017,12.7,NORMAL,,INSUFFICIENT,,INSUFFICIENT,24.96,NORMAL,,INSUFFICIENT,,INSUFFICIENT,21.64,NORMAL,,INSUFFICIENT,,INSUFFICIENT
378,CHOLAFIN,Mar 2018,5559,2657,1451,1451,26,0,51,1401,34,918,12.0,11,2018,14.38,NORMAL,16.68,NORMAL,,INSUFFICIENT,27.4,NORMAL,24.41,NORMAL,,INSUFFICIENT,25.99,NORMAL,24.57,NORMAL,,INSUFFICIENT
379,CHOLAFIN,Mar 2019,7108,3588,1632,1888,27,1,57,1832,35,1197,15.0,8,2019,19.04,NORMAL,16.74,NORMAL,,INSUFFICIENT,27.69,NORMAL,26.6,NORMAL,,INSUFFICIENT,28.92,NORMAL,24.57,NORMAL,,INSUFFICIENT
380,CHOLAFIN,Mar 2020,8712,4592,2421,1699,20,0,111,1588,34,1054,13.0,13,2020,22.89,NORMAL,18.59,NORMAL,,INSUFFICIENT,13.65,NORMAL,18.88,NORMAL,,INSUFFICIENT,13.04,NORMAL,16.72,NORMAL,,INSUFFICIENT
381,CHOLAFIN,Mar 2021,9583,4576,2913,2094,22,56,102,2048,26,1521,19.0,11,2021,19.9,NORMAL,17.86,NORMAL,,INSUFFICIENT,18.33,NORMAL,21.48,NORMAL,,INSUFFICIENT,16.55,NORMAL,22.1,NORMAL,,INSUFFICIENT
382,CHOLAFIN,Mar 2022,10148,4298,2926,2924,29,84,101,2908,26,2154,26.0,8,2022,12.6,NORMAL,16.67,NORMAL,,INSUFFICIENT,21.63,NORMAL,24.57,NORMAL,,INSUFFICIENT,20.12,NORMAL,23.64,NORMAL,,INSUFFICIENT
383,CHOLAFIN,Mar 2023,12884,5748,3621,3515,27,220,121,3615,26,2665,32.0,6,2023,13.93,NORMAL,18.31,NORMAL,17.49,NORMAL,36.23,NORMAL,23.76,NORMAL,24.08,NORMAL,35.02,NORMAL,21.67,NORMAL,23.11,NORMAL
384,CHOLAFIN,Mar 2024,19163,9231,5385,4548,24,255,198,4605,26,3420,41.0,5,2024,25.99,NORMAL,21.94,NORMAL,19.31,NORMAL,31.01,NORMAL,23.36,NORMAL,24.97,NORMAL,29.22,NORMAL,22.28,NORMAL,23.42,NORMAL
386,CIPLA,Mar 2013,8279,34,6065,2214,27,245,330,2095,26,1545,19.0,10,2013,,INSUFFICIENT,,INSUFFICIENT,,INSUFFICIENT,,INSUFFICIENT,,INSUFFICIENT,,INSUFFICIENT,,INSUFFICIENT,,INSUFFICIENT,,INSUFFICIENT
387,CIPLA,Mar 2014,10173,146,8026,2147,21,251,373,1880,25,1404,17.0,12,2014,,INSUFFICIENT,,INSUFFICIENT,,INSUFFICIENT,,INSUFFICIENT,,INSUFFICIENT,,INSUFFICIENT,,INSUFFICIENT,,INSUFFICIENT,,INSUFFICIENT
388,CIPLA,Mar 2015,11345,168,9183,2163,19,164,505,1654,24,1229,15.0,14,2015,,INSUFFICIENT,,INSUFFICIENT,,INSUFFICIENT,,INSUFFICIENT,,INSUFFICIENT,,INSUFFICIENT,,INSUFFICIENT,,INSUFFICIENT,,INSUFFICIENT
389,CIPLA,Mar 2016,13790,207,11310,2480,18,208,754,1727,19,1383,17.0,12,2016,18.54,NORMAL,,INSUFFICIENT,,INSUFFICIENT,-3.62,NORMAL,,INSUFFICIENT,,INSUFFICIENT,-3.64,NORMAL,,INSUFFICIENT,,INSUFFICIENT
390,CIPLA,Mar 2017,14394,159,11898,2496,17,208,1323,1222,15,1035,13.0,16,2017,12.26,NORMAL,,INSUFFICIENT,,INSUFFICIENT,-9.66,NORMAL,,INSUFFICIENT,,INSUFFICIENT,-8.55,NORMAL,,INSUFFICIENT,,INSUFFICIENT
391,CIPLA,Mar 2018,15156,114,12329,2826,19,280,1323,1669,15,1417,18.0,17,2018,10.14,NORMAL,12.86,NORMAL,,INSUFFICIENT,4.86,NORMAL,-1.71,NORMAL,,INSUFFICIENT,6.27,NORMAL,-1.08,NORMAL,,INSUFFICIENT
392,CIPLA,Mar 2019,16362,168,13265,3097,19,477,1326,2079,27,1492,19.0,16,2019,5.87,NORMAL,9.97,NORMAL,,INSUFFICIENT,2.56,NORMAL,1.22,NORMAL,,INSUFFICIENT,3.78,NORMAL,2.25,NORMAL,,INSUFFICIENT
393,CIPLA,Mar 2020,17132,197,13926,3206,19,344,1175,2178,29,1500,19.0,21,2020,5.98,NORMAL,8.59,NORMAL,,INSUFFICIENT,13.17,NORMAL,4.07,NORMAL,,INSUFFICIENT,13.48,NORMAL,4.84,NORMAL,,INSUFFICIENT
394,CIPLA,Mar 2021,19160,161,14907,4252,22,266,1068,3290,27,2389,30.0,17,2021,8.13,NORMAL,6.8,NORMAL,,INSUFFICIENT,19.02,NORMAL,11.55,NORMAL,,INSUFFICIENT,18.56,NORMAL,12.03,NORMAL,,INSUFFICIENT
395,CIPLA,Mar 2022,21763,106,17211,4553,21,99,1052,3493,27,2547,31.0,16,2022,9.98,NORMAL,8.62,NORMAL,,INSUFFICIENT,19.51,NORMAL,19.73,NORMAL,,INSUFFICIENT,17.73,NORMAL,18.98,NORMAL,,INSUFFICIENT
396,CIPLA,Mar 2023,22753,110,17726,5027,22,293,1172,4038,30,2833,35.0,24,2023,9.92,NORMAL,8.47,NORMAL,10.64,NORMAL,23.61,NORMAL,14.86,NORMAL,6.25,NORMAL,22.59,NORMAL,14.22,NORMAL,6.3,NORMAL
397,CIPLA,Mar 2024,25774,90,19483,6291,24,552,1051,5702,27,4154,51.0,25,2024,10.39,NORMAL,9.51,NORMAL,9.74,NORMAL,20.25,NORMAL,22.73,NORMAL,11.46,NORMAL,19.35,NORMAL,21.83,NORMAL,11.61,NORMAL
399,COALINDIA,Mar 2013,68303,46,50216,18087,26,8752,1813,24979,31,17356,27.0,51,2013,,INSUFFICIENT,,INSUFFICIENT,,INSUFFICIENT,,INSUFFICIENT,,INSUFFICIENT,,INSUFFICIENT,,INSUFFICIENT,,INSUFFICIENT,,INSUFFICIENT
400,COALINDIA,Mar 2014,70608,59,52842,17766,25,7169,1996,22880,34,15112,24.0,121,2014,,INSUFFICIENT,,INSUFFICIENT,,INSUFFICIENT,,INSUFFICIENT,,INSUFFICIENT,,INSUFFICIENT,,INSUFFICIENT,,INSUFFICIENT,,INSUFFICIENT
401,COALINDIA,Mar 2015,74120,9,56777,17343,23,6570,2320,21584,36,13727,22.0,95,2015,,INSUFFICIENT,,INSUFFICIENT,,INSUFFICIENT,,INSUFFICIENT,,INSUFFICIENT,,INSUFFICIENT,,INSUFFICIENT,,INSUFFICIENT,,INSUFFICIENT
402,COALINDIA,Mar 2016,77861,388,59147,18714,24,5939,2826,21440,33,14267,23.0,121,2016,4.46,NORMAL,,INSUFFICIENT,,INSUFFICIENT,-6.32,NORMAL,,INSUFFICIENT,,INSUFFICIENT,-5.2,NORMAL,,INSUFFICIENT,,INSUFFICIENT
403,COALINDIA,Mar 2017,78164,410,65716,12448,16,5316,2907,14446,36,9280,15.0,133,2017,3.45,NORMAL,,INSUFFICIENT,,INSUFFICIENT,-15.0,NORMAL,,INSUFFICIENT,,INSUFFICIENT,-14.5,NORMAL,,INSUFFICIENT,,INSUFFICIENT
404,COALINDIA,Mar 2018,85244,430,75956,9288,11,4975,3063,10770,35,7038,11.0,146,2018,4.77,NORMAL,4.53,NORMAL,,INSUFFICIENT,-19.96,NORMAL,-16.52,NORMAL,,INSUFFICIENT,-20.63,NORMAL,-16.44,NORMAL,,INSUFFICIENT
405,COALINDIA,Mar 2019,99586,264,74579,25007,25,5834,3450,27127,36,17464,28.0,46,2019,8.55,NORMAL,7.12,NORMAL,,INSUFFICIENT,6.97,NORMAL,2.94,NORMAL,,INSUFFICIENT,6.78,NORMAL,3.13,NORMAL,,INSUFFICIENT
406,COALINDIA,Mar 2020,96080,503,74500,21581,22,6444,3451,24071,31,16700,27.0,44,2020,7.12,NORMAL,5.33,NORMAL,,INSUFFICIENT,21.63,NORMAL,4.0,NORMAL,,INSUFFICIENT,21.64,NORMAL,4.18,NORMAL,,INSUFFICIENT
407,COALINDIA,Mar 2021,90026,642,71398,18628,21,3742,3718,18009,29,12702,21.0,78,2021,1.84,NORMAL,2.95,NORMAL,,INSUFFICIENT,21.75,NORMAL,-2.3,NORMAL,,INSUFFICIENT,24.05,NORMAL,-1.8,NORMAL,,INSUFFICIENT
408,COALINDIA,Mar 2022,109715,541,84995,24721,23,3866,4429,23616,26,17378,28.0,60,2022,3.28,NORMAL,7.02,NORMAL,,INSUFFICIENT,-0.16,NORMAL,13.37,NORMAL,,INSUFFICIENT,0.0,NORMAL,13.3,NORMAL,,INSUFFICIENT
409,COALINDIA,Mar 2023,138252,684,94020,44232,32,6560,6833,43275,27,31723,52.0,47,2023,12.9,NORMAL,10.15,NORMAL,7.31,NORMAL,23.85,NORMAL,35.14,NORMAL,6.22,NORMAL,24.42,NORMAL,36.43,NORMAL,6.77,NORMAL
410,COALINDIA,Mar 2024,142324,819,94352,47971,34,8396,6735,48813,23,37369,61.0,42,2024,16.49,NORMAL,7.4,NORMAL,7.26,NORMAL,43.29,NORMAL,16.43,NORMAL,9.48,NORMAL,42.68,NORMAL,16.85,NORMAL,9.78,NORMAL
412,DABUR,Mar 2013,6140,5148,992,16,100,59,85,948,19,766,4.0,34,2013,,INSUFFICIENT,,INSUFFICIENT,,INSUFFICIENT,,INSUFFICIENT,,INSUFFICIENT,,INSUFFICIENT,,INSUFFICIENT,,INSUFFICIENT,,INSUFFICIENT
413,DABUR,Mar 2014,7058,5897,1162,16,126,54,97,1136,19,916,5.0,33,2014,,INSUFFICIENT,,INSUFFICIENT,,INSUFFICIENT,,INSUFFICIENT,,INSUFFICIENT,,INSUFFICIENT,,INSUFFICIENT,,INSUFFICIENT,,INSUFFICIENT
414,DABUR,Mar 2015,7795,6475,1320,17,154,40,115,1319,19,1068,6.0,33,2015,,INSUFFICIENT,,INSUFFICIENT,,INSUFFICIENT,,INSUFFICIENT,,INSUFFICIENT,,INSUFFICIENT,,INSUFFICIENT,,INSUFFICIENT,,INSUFFICIENT
415,DABUR,Mar 2016,7780,6261,1518,20,217,48,133,1554,19,1254,7.0,32,2016,8.21,NORMAL,,INSUFFICIENT,,INSUFFICIENT,17.86,NORMAL,,INSUFFICIENT,,INSUFFICIENT,20.51,NORMAL,,INSUFFICIENT,,INSUFFICIENT
416,DABUR,Mar 2017,7614,6102,1512,20,296,54,143,1611,21,1280,7.0,31,2017,2.56,NORMAL,,INSUFFICIENT,,INSUFFICIENT,11.8,NORMAL,,INSUFFICIENT,,INSUFFICIENT,11.87,NORMAL,,INSUFFICIENT,,INSUFFICIENT
417,DABUR,Mar 2018,7722,6104,1617,21,291,53,162,1693,20,1358,8.0,81,2018,-0.31,NORMAL,4.69,NORMAL,,INSUFFICIENT,8.34,NORMAL,12.13,NORMAL,,INSUFFICIENT,10.06,NORMAL,14.87,NORMAL,,INSUFFICIENT
418,DABUR,Mar 2019,8515,6775,1740,20,222,60,177,1725,16,1446,8.0,34,2019,3.05,NORMAL,3.82,NORMAL,,INSUFFICIENT,4.86,NORMAL,9.56,NORMAL,,INSUFFICIENT,4.55,NORMAL,9.86,NORMAL,,INSUFFICIENT
419,DABUR,Mar 2020,8685,6892,1792,21,205,50,220,1728,16,1448,8.0,37,2020,4.48,NORMAL,2.19,NORMAL,,INSUFFICIENT,4.2,NORMAL,6.28,NORMAL,,INSUFFICIENT,4.55,NORMAL,5.92,NORMAL,,INSUFFICIENT
420,DABUR,Mar 2021,9562,7560,2002,21,325,31,240,2056,18,1695,10.0,50,2021,7.38,NORMAL,4.21,NORMAL,,INSUFFICIENT,7.67,NORMAL,6.21,NORMAL,,INSUFFICIENT,7.72,NORMAL,7.39,NORMAL,,INSUFFICIENT
421,DABUR,Mar 2022,10889,8637,2252,21,308,39,253,2269,23,1742,10.0,53,2022,8.54,NORMAL,7.42,NORMAL,,INSUFFICIENT,6.4,NORMAL,6.36,NORMAL,,INSUFFICIENT,7.72,NORMAL,7.39,NORMAL,,INSUFFICIENT
422,DABUR,Mar 2023,11530,9367,2162,19,445,78,311,2219,23,1701,10.0,54,2023,9.91,NORMAL,8.35,NORMAL,6.5,NORMAL,5.51,NORMAL,4.61,NORMAL,8.3,NORMAL,7.72,NORMAL,4.56,NORMAL,9.6,NORMAL
423,DABUR,Mar 2024,12404,10004,2400,19,482,124,399,2359,23,1811,10.0,53,2024,9.06,NORMAL,7.81,NORMAL,5.8,NORMAL,2.23,NORMAL,4.6,NORMAL,7.05,NORMAL,0.0,NORMAL,4.56,NORMAL,7.18,NORMAL
425,DIVISLAB,Mar 2013,2145,1329,816,38,45,3,77,781,23,602,23.0,33,2013,,INSUFFICIENT,,INSUFFICIENT,,INSUFFICIENT,,INSUFFICIENT,,INSUFFICIENT,,INSUFFICIENT,,INSUFFICIENT,,INSUFFICIENT,,INSUFFICIENT
426,DIVISLAB,Mar 2014,2532,1514,1018,40,68,3,92,991,22,773,29.0,34,2014,,INSUFFICIENT,,INSUFFICIENT,,INSUFFICIENT,,INSUFFICIENT,,INSUFFICIENT,,INSUFFICIENT,,INSUFFICIENT,,INSUFFICIENT,,INSUFFICIENT
427,DIVISLAB,Mar 2015,3115,1942,1173,38,38,3,136,1072,21,852,32.0,31,2015,,INSUFFICIENT,,INSUFFICIENT,,INSUFFICIENT,,INSUFFICIENT,,INSUFFICIENT,,INSUFFICIENT,,INSUFFICIENT,,INSUFFICIENT,,INSUFFICIENT
428,DIVISLAB,Mar 2016,3776,2354,1423,38,93,5,118,1393,19,1126,42.0,24,2016,20.74,NORMAL,,INSUFFICIENT,,INSUFFICIENT,23.21,NORMAL,,INSUFFICIENT,,INSUFFICIENT,22.23,NORMAL,,INSUFFICIENT,,INSUFFICIENT
429,DIVISLAB,Mar 2017,4064,2615,1450,36,72,3,123,1395,24,1060,40.0,25,2017,17.08,NORMAL,,INSUFFICIENT,,INSUFFICIENT,11.1,NORMAL,,INSUFFICIENT,,INSUFFICIENT,11.32,NORMAL,,INSUFFICIENT,,INSUFFICIENT
430,DIVISLAB,Mar 2018,3891,2622,1269,33,107,2,142,1231,29,877,33.0,30,2018,7.7,NORMAL,12.65,NORMAL,,INSUFFICIENT,0.97,NORMAL,7.82,NORMAL,,INSUFFICIENT,1.03,NORMAL,7.49,NORMAL,,INSUFFICIENT
431,DIVISLAB,Mar 2019,4946,3072,1874,38,154,5,169,1855,27,1353,51.0,31,2019,9.41,NORMAL,14.33,NORMAL,,INSUFFICIENT,6.31,NORMAL,11.85,NORMAL,,INSUFFICIENT,6.69,NORMAL,11.95,NORMAL,,INSUFFICIENT
432,DIVISLAB,Mar 2020,5394,3568,1826,34,186,7,186,1819,24,1377,52.0,31,2020,9.9,NORMAL,11.61,NORMAL,,INSUFFICIENT,9.11,NORMAL,10.08,NORMAL,,INSUFFICIENT,9.14,NORMAL,10.2,NORMAL,,INSUFFICIENT
433,DIVISLAB,Mar 2021,6969,4102,2867,41,57,2,256,2666,26,1984,75.0,27,2021,21.44,NORMAL,13.04,NORMAL,,INSUFFICIENT,31.27,NORMAL,12.0,NORMAL,,INSUFFICIENT,31.48,NORMAL,12.3,NORMAL,,INSUFFICIENT
434,DIVISLAB,Mar 2022,8960,5075,3885,43,112,2,312,3684,20,2960,112.0,27,2022,21.9,NORMAL,17.13,NORMAL,,INSUFFICIENT,29.82,NORMAL,22.8,NORMAL,,INSUFFICIENT,29.98,NORMAL,22.87,NORMAL,,INSUFFICIENT
435,DIVISLAB,Mar 2023,7767,5397,2370,31,344,2,343,2369,23,1824,69.0,44,2023,12.92,NORMAL,14.83,NORMAL,13.73,NORMAL,9.82,NORMAL,15.77,NORMAL,11.72,NORMAL,9.89,NORMAL,15.9,NORMAL,11.61,NORMAL
436,DIVISLAB,Mar 2024,7845,5635,2210,28,335,4,378,2163,26,1600,60.0,50,2024,4.03,NORMAL,9.66,NORMAL,11.97,NORMAL,-6.92,NORMAL,3.41,NORMAL,7.55,NORMAL,-7.17,NORMAL,3.3,NORMAL,7.54,NORMAL
438,DLF,Mar 2013,7773,5140,2633,34,1279,2314,796,802,17,667,4.0,48,2013,,INSUFFICIENT,,INSUFFICIENT,,INSUFFICIENT,,INSUFFICIENT,,INSUFFICIENT,,INSUFFICIENT,,INSUFFICIENT,,INSUFFICIENT,,INSUFFICIENT
439,DLF,Mar 2014,8298,5805,2493,30,1133,2463,663,500,-16,590,4.0,55,2014,,INSUFFICIENT,,INSUFFICIENT,,INSUFFICIENT,,INSUFFICIENT,,INSUFFICIENT,,INSUFFICIENT,,INSUFFICIENT,,INSUFFICIENT,,INSUFFICIENT
440,DLF,Mar 2015,7649,4635,3014,39,503,2304,545,668,24,507,3.0,66,2015,,INSUFFICIENT,,INSUFFICIENT,,INSUFFICIENT,,INSUFFICIENT,,INSUFFICIENT,,INSUFFICIENT,,INSUFFICIENT,,INSUFFICIENT,,INSUFFICIENT
441,DLF,Mar 2016,9926,5960,3966,40,506,2680,766,1026,55,305,2.0,117,2016,8.49,NORMAL,,INSUFFICIENT,,INSUFFICIENT,-22.96,NORMAL,,INSUFFICIENT,,INSUFFICIENT,-20.63,NORMAL,,INSUFFICIENT,,INSUFFICIENT
442,DLF,Mar 2017,8221,4775,3446,42,1135,2980,572,1030,22,708,4.0,50,2017,-0.31,NORMAL,,INSUFFICIENT,,INSUFFICIENT,6.27,NORMAL,,INSUFFICIENT,,INSUFFICIENT,0.0,NORMAL,,INSUFFICIENT,,INSUFFICIENT
443,DLF,Mar 2018,6707,4329,2378,35,9722,2951,534,8615,50,4477,25.0,8,2018,-4.29,NORMAL,-2.91,NORMAL,,INSUFFICIENT,106.69,NORMAL,46.34,NORMAL,,INSUFFICIENT,102.74,NORMAL,44.27,NORMAL,,INSUFFICIENT
444,DLF,Mar 2019,8366,6218,2148,26,784,2062,225,646,43,1314,6.0,33,2019,-5.54,NORMAL,0.16,NORMAL,,INSUFFICIENT,62.72,NORMAL,17.37,NORMAL,,INSUFFICIENT,44.22,NORMAL,8.45,NORMAL,,INSUFFICIENT
445,DLF,Mar 2020,6083,4937,1146,19,1135,1427,200,653,99,-590,-2.0,-85,2020,-9.55,NORMAL,-4.48,NORMAL,,INSUFFICIENT,,DECLINE_TO_LOSS,,DECLINE_TO_LOSS,,INSUFFICIENT,,DECLINE_TO_LOSS,,DECLINE_TO_LOSS,,INSUFFICIENT
446,DLF,Mar 2021,5414,3945,1469,27,383,853,159,840,43,1083,4.0,45,2021,-6.89,NORMAL,-11.42,NORMAL,,INSUFFICIENT,-37.69,NORMAL,28.84,NORMAL,,INSUFFICIENT,-45.71,NORMAL,14.87,NORMAL,,INSUFFICIENT
447,DLF,Mar 2022,5717,3974,1743,30,195,625,149,1165,28,1500,6.0,49,2022,-11.92,NORMAL,-7.01,NORMAL,,INSUFFICIENT,4.51,NORMAL,16.2,NORMAL,,INSUFFICIENT,0.0,NORMAL,8.45,NORMAL,,INSUFFICIENT
448,DLF,Mar 2023,5695,3969,1726,30,317,392,149,1502,27,2034,8.0,49,2023,-2.17,NORMAL,-3.22,NORMAL,-3.06,NORMAL,,TURNAROUND,-14.6,NORMAL,11.8,NORMAL,,TURNAROUND,-20.38,NORMAL,7.18,NORMAL
449,DLF,Mar 2024,6427,4303,2124,33,531,356,148,2151,24,2724,11.0,45,2024,5.88,NORMAL,-5.14,NORMAL,-2.52,NORMAL,36.0,NORMAL,15.7,NORMAL,16.53,NORMAL,40.1,NORMAL,12.89,NORMAL,10.65,NORMAL
451,DMART,Mar 2013,3341,3126,215,6,15,43,46,141,34,94,2.0,0,2013,,INSUFFICIENT,,INSUFFICIENT,,INSUFFICIENT,,INSUFFICIENT,,INSUFFICIENT,,INSUFFICIENT,,INSUFFICIENT,,INSUFFICIENT,,INSUFFICIENT
452,DMART,Mar 2014,4686,4345,341,7,16,56,57,245,34,161,3.0,0,2014,,INSUFFICIENT,,INSUFFICIENT,,INSUFFICIENT,,INSUFFICIENT,,INSUFFICIENT,,INSUFFICIENT,,INSUFFICIENT,,INSUFFICIENT,,INSUFFICIENT
453,DMART,Mar 2015,6439,5983,456,7,20,72,82,323,34,212,4.0,0,2015,,INSUFFICIENT,,INSUFFICIENT,,INSUFFICIENT,,INSUFFICIENT,,INSUFFICIENT,,INSUFFICIENT,,INSUFFICIENT,,INSUFFICIENT,,INSUFFICIENT
454,DMART,Mar 2016,8584,7919,664,8,17,91,98,492,35,320,6.0,0,2016,36.96,NORMAL,,INSUFFICIENT,,INSUFFICIENT,50.43,NORMAL,,INSUFFICIENT,,INSUFFICIENT,44.22,NORMAL,,INSUFFICIENT,,INSUFFICIENT
455,DMART,Mar 2017,11898,10929,969,8,28,122,128,747,36,479,8.0,0,2017,36.42,NORMAL,,INSUFFICIENT,,INSUFFICIENT,43.83,NORMAL,,INSUFFICIENT,,INSUFFICIENT,38.67,NORMAL,,INSUFFICIENT,,INSUFFICIENT
456,DMART,Mar 2018,15033,13680,1353,9,88,60,159,1222,34,806,13.0,0,2018,32.66,NORMAL,35.09,NORMAL,,INSUFFICIENT,56.07,NORMAL,53.69,NORMAL,,INSUFFICIENT,48.12,NORMAL,45.41,NORMAL,,INSUFFICIENT
457,DMART,Mar 2019,20005,18371,1633,8,48,47,212,1422,37,902,14.0,0,2019,32.58,NORMAL,33.68,NORMAL,,INSUFFICIENT,41.26,NORMAL,41.15,NORMAL,,INSUFFICIENT,32.64,NORMAL,36.08,NORMAL,,INSUFFICIENT
458,DMART,Mar 2020,24870,22742,2128,9,60,69,374,1745,25,1301,20.0,0,2020,27.86,NORMAL,31.03,NORMAL,,INSUFFICIENT,39.52,NORMAL,43.74,NORMAL,,INSUFFICIENT,35.72,NORMAL,37.97,NORMAL,,INSUFFICIENT
459,DMART,Mar 2021,24143,22398,1745,7,194,42,414,1483,26,1099,17.0,0,2021,17.11,NORMAL,22.98,NORMAL,,INSUFFICIENT,10.89,NORMAL,27.99,NORMAL,,INSUFFICIENT,9.35,NORMAL,23.16,NORMAL,,INSUFFICIENT
460,DMART,Mar 2022,30976,28474,2502,8,114,54,498,2064,28,1492,23.0,0,2022,15.69,NORMAL,21.09,NORMAL,,INSUFFICIENT,18.26,NORMAL,25.51,NORMAL,,INSUFFICIENT,18.0,NORMAL,23.52,NORMAL,,INSUFFICIENT
461,DMART,Mar 2023,42840,39201,3639,8,128,67,639,3060,22,2378,37.0,0,2023,19.87,NORMAL,23.3,NORMAL,29.06,NORMAL,22.27,NORMAL,24.16,NORMAL,38.14,NORMAL,22.76,NORMAL,23.27,NORMAL,33.88,NORMAL
462,DMART,Mar 2024,50789,46683,4106,8,145,58,731,3461,27,2536,39.0,0,2024,28.13,NORMAL,20.48,NORMAL,26.91,NORMAL,32.14,NORMAL,22.97,NORMAL,31.74,NORMAL,31.89,NORMAL,22.74,NORMAL,29.24,NORMAL
464,DRREDDY,Mar 2013,11833,9164,2669,23,146,100,550,2165,29,1527,18.0,17,2013,,INSUFFICIENT,,INSUFFICIENT,,INSUFFICIENT,,INSUFFICIENT,,INSUFFICIENT,,INSUFFICIENT,,INSUFFICIENT,,INSUFFICIENT,,INSUFFICIENT
465,DRREDDY,Mar 2014,13415,10164,3251,24,170,127,648,2646,26,1963,23.0,16,2014,,INSUFFICIENT,,INSUFFICIENT,,INSUFFICIENT,,INSUFFICIENT,,INSUFFICIENT,,INSUFFICIENT,,INSUFFICIENT,,INSUFFICIENT,,INSUFFICIENT
466,DRREDDY,Mar 2015,15023,11515,3508,23,260,108,760,2900,19,2336,27.0,15,2015,,INSUFFICIENT,,INSUFFICIENT,,INSUFFICIENT,,INSUFFICIENT,,INSUFFICIENT,,INSUFFICIENT,,INSUFFICIENT,,INSUFFICIENT,,INSUFFICIENT
467,DRREDDY,Mar 2016,15568,11983,3585,23,295,83,939,2859,26,2131,25.0,16,2016,9.58,NORMAL,,INSUFFICIENT,,INSUFFICIENT,11.75,NORMAL,,INSUFFICIENT,,INSUFFICIENT,11.57,NORMAL,,INSUFFICIENT,,INSUFFICIENT
468,DRREDDY,Mar 2017,14196,11724,2472,17,172,79,1027,1554,19,1292,16.0,26,2017,1.9,NORMAL,,INSUFFICIENT,,INSUFFICIENT,-13.01,NORMAL,,INSUFFICIENT,,INSUFFICIENT,-11.39,NORMAL,,INSUFFICIENT,,INSUFFICIENT
469,DRREDDY,Mar 2018,14281,11930,2351,16,155,79,1077,1350,32,947,11.0,35,2018,-1.67,NORMAL,3.83,NORMAL,,INSUFFICIENT,-25.99,NORMAL,-9.11,NORMAL,,INSUFFICIENT,-25.87,NORMAL,-9.38,NORMAL,,INSUFFICIENT
470,DRREDDY,Mar 2019,15448,12270,3178,21,381,89,1135,2336,17,1950,23.0,17,2019,-0.26,NORMAL,2.86,NORMAL,,INSUFFICIENT,-2.92,NORMAL,-0.13,NORMAL,,INSUFFICIENT,-2.74,NORMAL,0.0,NORMAL,,INSUFFICIENT
471,DRREDDY,Mar 2020,17517,15040,2477,14,670,98,1163,1886,-7,2026,24.0,21,2020,7.26,NORMAL,3.12,NORMAL,,INSUFFICIENT,16.18,NORMAL,-2.81,NORMAL,,INSUFFICIENT,14.47,NORMAL,-2.33,NORMAL,,INSUFFICIENT
472,DRREDDY,Mar 2021,19048,15173,3874,20,335,97,1229,2884,32,1952,23.0,21,2021,10.08,NORMAL,4.12,NORMAL,,INSUFFICIENT,27.27,NORMAL,-1.74,NORMAL,,INSUFFICIENT,27.87,NORMAL,-1.65,NORMAL,,INSUFFICIENT
473,DRREDDY,Mar 2022,21545,17778,3768,17,555,96,1165,3061,29,2182,26.0,23,2022,11.73,NORMAL,8.7,NORMAL,,INSUFFICIENT,3.82,NORMAL,11.05,NORMAL,,INSUFFICIENT,4.17,NORMAL,10.2,NORMAL,,INSUFFICIENT
474,DRREDDY,Mar 2023,24670,18200,6470,26,971,143,1250,6048,25,4507,54.0,15,2023,12.09,NORMAL,11.55,NORMAL,7.62,NORMAL,30.54,NORMAL,36.62,NORMAL,11.43,NORMAL,31.04,NORMAL,37.47,NORMAL,11.61,NORMAL
475,DRREDDY,Mar 2024,28011,20078,7933,28,909,171,1470,7201,23,5578,67.0,12,2024,13.72,NORMAL,12.64,NORMAL,7.64,NORMAL,41.91,NORMAL,23.39,NORMAL,11.01,NORMAL,42.82,NORMAL,23.84,NORMAL,11.28,NORMAL
477,EICHERMOT,Dec 2012,6390,5840,550,9,136,4,82,600,21,475,12.0,17,2012,,INSUFFICIENT,,INSUFFICIENT,,INSUFFICIENT,,INSUFFICIENT,,INSUFFICIENT,,INSUFFICIENT,,INSUFFICIENT,,INSUFFICIENT,,INSUFFICIENT
478,EICHERMOT,Dec 2013,6810,6094,715,11,93,8,130,671,22,525,15.0,21,2013,,INSUFFICIENT,,INSUFFICIENT,,INSUFFICIENT,,INSUFFICIENT,,INSUFFICIENT,,INSUFFICIENT,,INSUFFICIENT,,INSUFFICIENT,,INSUFFICIENT
479,EICHERMOT,Dec 2014,8738,7621,1118,13,105,10,220,993,29,702,23.0,22,2014,,INSUFFICIENT,,INSUFFICIENT,,INSUFFICIENT,,INSUFFICIENT,,INSUFFICIENT,,INSUFFICIENT,,INSUFFICIENT,,INSUFFICIENT,,INSUFFICIENT
480,EICHERMOT,Mar 2016,6173,4484,1690,27,326,2,137,1877,29,1338,49.0,20,2016,-3.22,NORMAL,,INSUFFICIENT,,INSUFFICIENT,36.59,NORMAL,,INSUFFICIENT,,INSUFFICIENT,48.38,NORMAL,,INSUFFICIENT,,INSUFFICIENT
481,EICHERMOT,Mar 2017,7033,4859,2174,31,416,4,154,2433,30,1667,61.0,16,2017,-6.98,NORMAL,1.94,NORMAL,,INSUFFICIENT,33.41,NORMAL,28.54,NORMAL,,INSUFFICIENT,38.42,NORMAL,38.43,NORMAL,,INSUFFICIENT
482,EICHERMOT,Mar 2018,8965,6156,2809,31,536,5,223,3116,30,1960,72.0,15,2018,,INSUFFICIENT,5.65,NORMAL,,INSUFFICIENT,,INSUFFICIENT,30.14,NORMAL,,INSUFFICIENT,,INSUFFICIENT,36.85,NORMAL,,INSUFFICIENT
483,EICHERMOT,Mar 2019,9797,6893,2904,30,701,7,300,3297,33,2203,81.0,15,2019,16.64,NORMAL,2.31,NORMAL,,INSUFFICIENT,18.08,NORMAL,25.7,NORMAL,,INSUFFICIENT,18.24,NORMAL,28.63,NORMAL,,INSUFFICIENT
484,EICHERMOT,Mar 2020,9154,6971,2183,24,572,19,382,2355,22,1827,67.0,19,2020,9.18,NORMAL,,INSUFFICIENT,,INSUFFICIENT,3.1,NORMAL,,INSUFFICIENT,,INSUFFICIENT,3.18,NORMAL,,INSUFFICIENT,,INSUFFICIENT
485,EICHERMOT,Mar 2021,8720,6937,1783,20,482,16,451,2203,25,1347,49.0,34,2021,-0.92,NORMAL,7.15,NORMAL,,INSUFFICIENT,-11.75,NORMAL,0.13,NORMAL,,INSUFFICIENT,-12.04,NORMAL,0.0,NORMAL,,INSUFFICIENT
486,EICHERMOT,Mar 2022,10298,8120,2178,21,496,19,452,2203,24,1677,61.0,34,2022,1.68,NORMAL,7.93,NORMAL,4.89,NORMAL,-8.69,NORMAL,0.12,NORMAL,13.44,NORMAL,-9.02,NORMAL,0.0,NORMAL,17.66,NORMAL
487,EICHERMOT,Mar 2023,14442,10996,3446,24,908,28,526,3800,23,2914,107.0,35,2023,16.41,NORMAL,10.01,NORMAL,7.81,NORMAL,16.84,NORMAL,8.25,NORMAL,18.7,NORMAL,16.89,NORMAL,8.25,NORMAL,21.71,NORMAL
488,EICHERMOT,Mar 2024,16536,12206,4329,26,1521,51,598,5202,23,4001,146.0,35,2024,23.78,NORMAL,11.04,NORMAL,6.59,NORMAL,43.75,NORMAL,12.68,NORMAL,19.01,NORMAL,43.9,NORMAL,12.51,NORMAL,20.3,NORMAL
490,GAIL,Mar 2013,50974,43547,7427,15,887,437,1319,6558,34,4367,6.0,28,2013,,INSUFFICIENT,,INSUFFICIENT,,INSUFFICIENT,,INSUFFICIENT,,INSUFFICIENT,,INSUFFICIENT,,INSUFFICIENT,,INSUFFICIENT,,INSUFFICIENT
491,GAIL,Mar 2014,61765,53777,7988,13,1247,669,1644,6922,32,4786,7.0,28,2014,,INSUFFICIENT,,INSUFFICIENT,,INSUFFICIENT,,INSUFFICIENT,,INSUFFICIENT,,INSUFFICIENT,,INSUFFICIENT,,INSUFFICIENT,,INSUFFICIENT
492,GAIL,Mar 2015,60557,54926,5631,9,945,652,1433,4492,32,3160,5.0,24,2015,,INSUFFICIENT,,INSUFFICIENT,,INSUFFICIENT,,INSUFFICIENT,,INSUFFICIENT,,INSUFFICIENT,,INSUFFICIENT,,INSUFFICIENT,,INSUFFICIENT
493,GAIL,Mar 2016,52053,47517,4536,9,731,822,1496,2949,37,1874,3.0,37,2016,0.7,NORMAL,,INSUFFICIENT,,INSUFFICIENT,-24.57,NORMAL,,INSUFFICIENT,,INSUFFICIENT,-20.63,NORMAL,,INSUFFICIENT,,INSUFFICIENT
494,GAIL,Mar 2017,48552,42531,6021,12,1212,509,1541,5183,35,3374,5.0,56,2017,-7.71,NORMAL,,INSUFFICIENT,,INSUFFICIENT,-11.0,NORMAL,,INSUFFICIENT,,INSUFFICIENT,-10.61,NORMAL,,INSUFFICIENT,,INSUFFICIENT
495,GAIL,Mar 2018,54496,46695,7802,14,948,295,1527,6928,31,4805,7.0,43,2018,-3.45,NORMAL,1.35,NORMAL,,INSUFFICIENT,14.99,NORMAL,1.93,NORMAL,,INSUFFICIENT,11.87,NORMAL,3.13,NORMAL,,INSUFFICIENT
496,GAIL,Mar 2019,76190,66252,9938,13,1719,159,1667,9831,33,6553,10.0,25,2019,13.54,NORMAL,4.29,NORMAL,,INSUFFICIENT,51.78,NORMAL,6.49,NORMAL,,INSUFFICIENT,49.38,NORMAL,7.39,NORMAL,,INSUFFICIENT
497,GAIL,Mar 2020,72518,63495,9022,12,3796,309,2080,10429,9,9515,14.0,31,2020,14.31,NORMAL,3.67,NORMAL,,INSUFFICIENT,41.28,NORMAL,24.66,NORMAL,,INSUFFICIENT,40.95,NORMAL,22.87,NORMAL,,INSUFFICIENT
498,GAIL,Mar 2021,57372,50127,7245,13,2833,179,2174,7725,20,6143,9.0,36,2021,1.73,NORMAL,1.96,NORMAL,,INSUFFICIENT,8.53,NORMAL,26.8,NORMAL,,INSUFFICIENT,8.74,NORMAL,24.57,NORMAL,,INSUFFICIENT
499,GAIL,Mar 2022,92770,77608,15161,16,2925,202,2420,15464,20,12304,18.0,36,2022,6.78,NORMAL,13.83,NORMAL,,INSUFFICIENT,23.37,NORMAL,29.53,NORMAL,,INSUFFICIENT,21.64,NORMAL,29.2,NORMAL,,INSUFFICIENT
500,GAIL,Mar 2023,145668,138168,7500,5,2822,365,2702,7256,23,5596,9.0,59,2023,26.17,NORMAL,21.73,NORMAL,11.07,NORMAL,-16.22,NORMAL,3.09,NORMAL,2.51,NORMAL,-13.69,NORMAL,5.15,NORMAL,4.14,NORMAL
501,GAIL,Mar 2024,133228,118914,14314,11,2672,719,3672,12595,21,9903,15.0,37,2024,32.42,NORMAL,11.83,NORMAL,7.99,NORMAL,17.25,NORMAL,8.61,NORMAL,7.54,NORMAL,18.56,NORMAL,8.45,NORMAL,7.92,NORMAL
503,GODREJCP,Mar 2013,6412,5417,995,16,194,87,77,1025,17,845,8.0,22,2013,,INSUFFICIENT,,INSUFFICIENT,,INSUFFICIENT,,INSUFFICIENT,,INSUFFICIENT,,INSUFFICIENT,,INSUFFICIENT,,INSUFFICIENT,,INSUFFICIENT
504,GODREJCP,Mar 2014,7599,6430,1169,15,62,120,82,1030,20,819,7.0,24,2014,,INSUFFICIENT,,INSUFFICIENT,,INSUFFICIENT,,INSUFFICIENT,,INSUFFICIENT,,INSUFFICIENT,,INSUFFICIENT,,INSUFFICIENT,,INSUFFICIENT
505,GODREJCP,Mar 2015,8273,6894,1379,17,73,112,91,1249,22,976,9.0,21,2015,,INSUFFICIENT,,INSUFFICIENT,,INSUFFICIENT,,INSUFFICIENT,,INSUFFICIENT,,INSUFFICIENT,,INSUFFICIENT,,INSUFFICIENT,,INSUFFICIENT
506,GODREJCP,Mar 2016,8424,6766,1657,20,-262,128,101,1167,29,831,8.0,24,2016,9.52,NORMAL,,INSUFFICIENT,,INSUFFICIENT,-0.56,NORMAL,,INSUFFICIENT,,INSUFFICIENT,0.0,NORMAL,,INSUFFICIENT,,INSUFFICIENT
507,GODREJCP,Mar 2017,9268,7361,1907,21,76,154,142,1687,22,1308,13.0,39,2017,6.84,NORMAL,,INSUFFICIENT,,INSUFFICIENT,16.89,NORMAL,,INSUFFICIENT,,INSUFFICIENT,22.92,NORMAL,,INSUFFICIENT,,INSUFFICIENT
508,GODREJCP,Mar 2018,9847,7763,2084,21,283,173,156,2039,20,1634,16.0,42,2018,5.98,NORMAL,8.96,NORMAL,,INSUFFICIENT,18.74,NORMAL,14.1,NORMAL,,INSUFFICIENT,21.14,NORMAL,14.87,NORMAL,,INSUFFICIENT
509,GODREJCP,Mar 2019,10314,8183,2132,21,362,238,170,2085,-12,2342,23.0,44,2019,6.98,NORMAL,6.3,NORMAL,,INSUFFICIENT,41.25,NORMAL,23.38,NORMAL,,INSUFFICIENT,42.19,NORMAL,26.86,NORMAL,,INSUFFICIENT
510,GODREJCP,Mar 2020,9911,7757,2154,22,32,228,197,1760,15,1497,15.0,55,2020,2.26,NORMAL,3.68,NORMAL,,INSUFFICIENT,4.6,NORMAL,8.93,NORMAL,,INSUFFICIENT,4.89,NORMAL,10.76,NORMAL,,INSUFFICIENT
511,GODREJCP,Mar 2021,11029,8629,2399,22,23,138,204,2080,17,1721,17.0,0,2021,3.85,NORMAL,5.54,NORMAL,,INSUFFICIENT,1.74,NORMAL,15.67,NORMAL,,INSUFFICIENT,2.04,NORMAL,16.27,NORMAL,,INSUFFICIENT
512,GODREJCP,Mar 2022,12276,9867,2409,20,78,122,210,2155,17,1783,17.0,0,2022,5.98,NORMAL,5.78,NORMAL,,INSUFFICIENT,-8.69,NORMAL,6.39,NORMAL,,INSUFFICIENT,-9.59,NORMAL,5.51,NORMAL,,INSUFFICIENT
513,GODREJCP,Mar 2023,13316,10873,2443,18,114,188,236,2133,20,1702,17.0,0,2023,10.34,NORMAL,6.22,NORMAL,7.58,NORMAL,4.37,NORMAL,0.82,NORMAL,7.25,NORMAL,4.26,NORMAL,1.22,NORMAL,7.83,NORMAL
514,GODREJCP,Mar 2024,14096,11139,2957,21,-2209,310,241,198,99,-561,-5.0,,2024,8.52,NORMAL,6.45,NORMAL,6.37,NORMAL,,DECLINE_TO_LOSS,,DECLINE_TO_LOSS,,DECLINE_TO_LOSS,,DECLINE_TO_LOSS,,DECLINE_TO_LOSS,,DECLINE_TO_LOSS
516,GRASIM,Mar 2013,27909,21986,5924,21,824,324,1252,5171,28,3778,57.0,8,2013,,INSUFFICIENT,,INSUFFICIENT,,INSUFFICIENT,,INSUFFICIENT,,INSUFFICIENT,,INSUFFICIENT,,INSUFFICIENT,,INSUFFICIENT,,INSUFFICIENT
517,GRASIM,Mar 2014,28331,23416,4915,17,576,447,1457,3586,20,2954,44.0,9,2014,,INSUFFICIENT,,INSUFFICIENT,,INSUFFICIENT,,INSUFFICIENT,,INSUFFICIENT,,INSUFFICIENT,,INSUFFICIENT,,INSUFFICIENT,,INSUFFICIENT
518,GRASIM,Mar 2015,31734,26590,5144,16,530,667,1563,3443,30,2582,37.0,9,2015,,INSUFFICIENT,,INSUFFICIENT,,INSUFFICIENT,,INSUFFICIENT,,INSUFFICIENT,,INSUFFICIENT,,INSUFFICIENT,,INSUFFICIENT,,INSUFFICIENT
519,GRASIM,Mar 2016,34487,28576,5911,17,1320,718,1834,4679,26,3455,51.0,9,2016,7.31,NORMAL,,INSUFFICIENT,,INSUFFICIENT,-2.94,NORMAL,,INSUFFICIENT,,INSUFFICIENT,-3.64,NORMAL,,INSUFFICIENT,,INSUFFICIENT
520,GRASIM,Mar 2017,36068,28682,7387,20,1076,702,1808,5952,29,4246,66.0,8,2017,8.38,NORMAL,,INSUFFICIENT,,INSUFFICIENT,12.86,NORMAL,,INSUFFICIENT,,INSUFFICIENT,14.47,NORMAL,,INSUFFICIENT,,INSUFFICIENT
521,GRASIM,Mar 2018,55894,44281,11612,21,410,3663,2724,5635,35,3688,39.0,15,2018,20.77,NORMAL,14.9,NORMAL,,INSUFFICIENT,12.62,NORMAL,-0.48,NORMAL,,INSUFFICIENT,1.77,NORMAL,-7.31,NORMAL,,INSUFFICIENT
522,GRASIM,Mar 2019,77200,60560,16640,22,-1846,6060,3571,5163,47,2745,25.0,27,2019,30.81,NORMAL,22.2,NORMAL,,INSUFFICIENT,-7.38,NORMAL,-1.46,NORMAL,,INSUFFICIENT,-21.15,NORMAL,-10.69,NORMAL,,INSUFFICIENT
523,GRASIM,Mar 2020,68252,57880,10373,15,7076,6890,4004,6554,-1,6639,65.0,6,2020,23.69,NORMAL,16.55,NORMAL,,INSUFFICIENT,16.07,NORMAL,20.79,NORMAL,,INSUFFICIENT,-0.51,NORMAL,11.93,NORMAL,,INSUFFICIENT
524,GRASIM,Mar 2021,76404,57769,18635,24,1130,5723,4033,10009,30,6987,63.0,14,2021,10.98,NORMAL,17.24,NORMAL,,INSUFFICIENT,23.74,NORMAL,15.12,NORMAL,,INSUFFICIENT,17.33,NORMAL,4.32,NORMAL,,INSUFFICIENT
525,GRASIM,Mar 2022,95701,75270,20431,21,1648,4776,4161,13143,15,11206,111.0,9,2022,7.42,NORMAL,21.55,NORMAL,,INSUFFICIENT,59.82,NORMAL,21.42,NORMAL,,INSUFFICIENT,64.36,NORMAL,10.96,NORMAL,,INSUFFICIENT
526,GRASIM,Mar 2023,117627,96038,21589,18,3733,6044,4552,14727,25,11078,100.0,10,2023,19.89,NORMAL,16.05,NORMAL,15.47,NORMAL,18.61,NORMAL,24.6,NORMAL,11.36,NORMAL,15.44,NORMAL,20.72,NORMAL,5.78,NORMAL
527,GRASIM,Mar 2024,130978,103783,27195,21,783,9277,5001,13700,28,9926,85.0,12,2024,19.68,NORMAL,11.15,NORMAL,16.54,NORMAL,12.42,NORMAL,29.31,NORMAL,12.89,NORMAL,10.5,NORMAL,27.73,NORMAL,6.81,NORMAL
529,HAL,Mar 2013,14328,13560,768,5,3335,5,601,3497,14,2997,124.0,28,2013,,INSUFFICIENT,,INSUFFICIENT,,INSUFFICIENT,,INSUFFICIENT,,INSUFFICIENT,,INSUFFICIENT,,INSUFFICIENT,,INSUFFICIENT,,INSUFFICIENT
530,HAL,Mar 2014,15135,13565,1570,10,2618,8,603,3578,25,2693,28.0,33,2014,,INSUFFICIENT,,INSUFFICIENT,,INSUFFICIENT,,INSUFFICIENT,,INSUFFICIENT,,INSUFFICIENT,,INSUFFICIENT,,INSUFFICIENT,,INSUFFICIENT
531,HAL,Mar 2015,15730,13379,2351,15,1642,15,806,3173,25,2388,25.0,20,2015,,INSUFFICIENT,,INSUFFICIENT,,INSUFFICIENT,,INSUFFICIENT,,INSUFFICIENT,,INSUFFICIENT,,INSUFFICIENT,,INSUFFICIENT,,INSUFFICIENT
532,HAL,Mar 2016,16758,14281,2478,15,1598,6,863,3207,38,1998,28.0,31,2016,5.36,NORMAL,,INSUFFICIENT,,INSUFFICIENT,-12.64,NORMAL,,INSUFFICIENT,,INSUFFICIENT,-39.11,NORMAL,,INSUFFICIENT,,INSUFFICIENT
533,HAL,Mar 2017,17950,14714,3236,18,1044,16,681,3583,27,2616,36.0,31,2017,5.85,NORMAL,,INSUFFICIENT,,INSUFFICIENT,-0.96,NORMAL,,INSUFFICIENT,,INSUFFICIENT,8.74,NORMAL,,INSUFFICIENT,,INSUFFICIENT
534,HAL,Mar 2018,18519,15059,3460,19,761,35,947,3240,39,1987,30.0,54,2018,5.59,NORMAL,5.27,NORMAL,,INSUFFICIENT,-5.94,NORMAL,-7.89,NORMAL,,INSUFFICIENT,6.27,NORMAL,-24.71,NORMAL,,INSUFFICIENT
535,HAL,Mar 2019,20008,15440,4569,23,376,177,1024,3742,37,2346,35.0,28,2019,6.09,NORMAL,5.74,NORMAL,,INSUFFICIENT,5.5,NORMAL,-2.72,NORMAL,,INSUFFICIENT,7.72,NORMAL,4.56,NORMAL,,INSUFFICIENT
536,HAL,Mar 2020,21445,16565,4880,23,415,359,998,3938,28,2842,42.0,39,2020,6.11,NORMAL,6.39,NORMAL,,INSUFFICIENT,2.8,NORMAL,3.54,NORMAL,,INSUFFICIENT,5.27,NORMAL,10.93,NORMAL,,INSUFFICIENT
537,HAL,Mar 2021,22882,17541,5341,23,360,267,1157,4277,24,3239,48.0,31,2021,7.31,NORMAL,6.43,NORMAL,,INSUFFICIENT,17.69,NORMAL,10.14,NORMAL,,INSUFFICIENT,16.96,NORMAL,11.38,NORMAL,,INSUFFICIENT
538,HAL,Mar 2022,24620,19200,5420,22,986,65,1110,5231,3,5086,76.0,26,2022,7.16,NORMAL,6.52,NORMAL,,INSUFFICIENT,29.42,NORMAL,14.22,NORMAL,,INSUFFICIENT,29.49,NORMAL,16.12,NORMAL,,INSUFFICIENT
539,HAL,Mar 2023,26928,20258,6669,25,1672,64,1784,6493,10,5811,87.0,32,2023,7.88,NORMAL,7.77,NORMAL,6.51,NORMAL,26.92,NORMAL,23.94,NORMAL,6.85,NORMAL,27.47,NORMAL,23.73,NORMAL,-3.48,NORMAL
540,HAL,Mar 2024,30381,20631,9749,32,1899,43,1406,10199,26,7595,114.0,31,2024,9.91,NORMAL,8.71,NORMAL,7.22,NORMAL,32.85,NORMAL,26.49,NORMAL,10.92,NORMAL,33.42,NORMAL,26.64,NORMAL,15.07,NORMAL
542,HAVELLS,Mar 2013,7135,6461,674,9,222,123,110,664,12,581,9.0,16,2013,,INSUFFICIENT,,INSUFFICIENT,,INSUFFICIENT,,INSUFFICIENT,,INSUFFICIENT,,INSUFFICIENT,,INSUFFICIENT,,INSUFFICIENT,,INSUFFICIENT
543,HAVELLS,Mar 2014,8051,7274,777,10,35,102,116,594,25,446,7.0,42,2014,,INSUFFICIENT,,INSUFFICIENT,,INSUFFICIENT,,INSUFFICIENT,,INSUFFICIENT,,INSUFFICIENT,,INSUFFICIENT,,INSUFFICIENT,,INSUFFICIENT
544,HAVELLS,Mar 2015,8468,7713,755,9,48,96,139,569,32,385,6.0,49,2015,,INSUFFICIENT,,INSUFFICIENT,,INSUFFICIENT,,INSUFFICIENT,,INSUFFICIENT,,INSUFFICIENT,,INSUFFICIENT,,INSUFFICIENT,,INSUFFICIENT
545,HAVELLS,Mar 2016,7594,6798,796,10,949,91,134,1520,14,1300,21.0,29,2016,2.1,NORMAL,,INSUFFICIENT,,INSUFFICIENT,30.79,NORMAL,,INSUFFICIENT,,INSUFFICIENT,32.64,NORMAL,,INSUFFICIENT,,INSUFFICIENT
546,HAVELLS,Mar 2017,6130,5315,815,13,42,13,121,723,32,494,8.0,44,2017,-8.69,NORMAL,,INSUFFICIENT,,INSUFFICIENT,3.47,NORMAL,,INSUFFICIENT,,INSUFFICIENT,4.55,NORMAL,,INSUFFICIENT,,INSUFFICIENT
547,HAVELLS,Mar 2018,8116,7083,1033,13,97,25,140,965,31,661,11.0,4,2018,-1.41,NORMAL,2.61,NORMAL,,INSUFFICIENT,19.74,NORMAL,2.61,NORMAL,,INSUFFICIENT,22.39,NORMAL,4.1,NORMAL,,INSUFFICIENT
548,HAVELLS,Mar 2019,10073,8885,1189,12,124,16,149,1147,31,788,13.0,36,2019,9.87,NORMAL,4.58,NORMAL,,INSUFFICIENT,-15.37,NORMAL,12.06,NORMAL,,INSUFFICIENT,-14.77,NORMAL,13.18,NORMAL,,INSUFFICIENT
549,HAVELLS,Mar 2020,9440,8374,1067,11,107,51,218,904,19,735,12.0,34,2020,15.48,NORMAL,2.2,NORMAL,,INSUFFICIENT,14.16,NORMAL,13.81,NORMAL,,INSUFFICIENT,14.47,NORMAL,14.87,NORMAL,,INSUFFICIENT
550,HAVELLS,Mar 2021,10457,8868,1589,15,187,90,249,1438,27,1044,17.0,39,2021,8.81,NORMAL,6.61,NORMAL,,INSUFFICIENT,16.46,NORMAL,-4.29,NORMAL,,INSUFFICIENT,15.62,NORMAL,-4.14,NORMAL,,INSUFFICIENT
551,HAVELLS,Mar 2022,13938,12163,1775,13,159,67,261,1607,26,1196,19.0,39,2022,11.43,NORMAL,17.85,NORMAL,,INSUFFICIENT,14.92,NORMAL,19.34,NORMAL,,INSUFFICIENT,13.48,NORMAL,18.89,NORMAL,,INSUFFICIENT
552,HAVELLS,Mar 2023,16911,15290,1621,10,178,55,296,1447,26,1072,17.0,44,2023,21.45,NORMAL,15.82,NORMAL,9.01,NORMAL,13.41,NORMAL,10.15,NORMAL,6.32,NORMAL,12.31,NORMAL,9.1,NORMAL,6.57,NORMAL
553,HAVELLS,Mar 2024,18590,16709,1881,10,249,84,338,1707,26,1271,20.0,44,2024,21.14,NORMAL,13.04,NORMAL,8.73,NORMAL,6.78,NORMAL,10.03,NORMAL,11.04,NORMAL,5.57,NORMAL,9.0,NORMAL,11.07,NORMAL
555,HCLTECH,Jun 2013,25581,19901,5680,22,332,106,637,5270,23,4040,14.0,21,2013,,INSUFFICIENT,,INSUFFICIENT,,INSUFFICIENT,,INSUFFICIENT,,INSUFFICIENT,,INSUFFICIENT,,INSUFFICIENT,,INSUFFICIENT,,INSUFFICIENT
556,HCLTECH,Jun 2014,32144,24108,8035,25,677,114,681,7917,18,6528,23.0,11,2014,,INSUFFICIENT,,INSUFFICIENT,,INSUFFICIENT,,INSUFFICIENT,,INSUFFICIENT,,INSUFFICIENT,,INSUFFICIENT,,INSUFFICIENT,,INSUFFICIENT
557,HCLTECH,Jun 2015,36701,28215,8486,23,1126,91,404,9117,20,7342,26.0,58,2015,,INSUFFICIENT,,INSUFFICIENT,,INSUFFICIENT,,INSUFFICIENT,,INSUFFICIENT,,INSUFFICIENT,,INSUFFICIENT,,INSUFFICIENT,,INSUFFICIENT
558,HCLTECH,Mar 2016 9m,31136,24482,6654,21,871,74,410,7041,20,5602,20.0,40,2016,6.77,NORMAL,,INSUFFICIENT,,INSUFFICIENT,11.51,NORMAL,,INSUFFICIENT,,INSUFFICIENT,12.62,NORMAL,,INSUFFICIENT,,INSUFFICIENT
559,HCLTECH,Mar 2017,47568,37178,10390,22,1069,89,828,10542,18,8606,30.0,40,2017,13.96,NORMAL,,INSUFFICIENT,,INSUFFICIENT,9.65,NORMAL,,INSUFFICIENT,,INSUFFICIENT,9.26,NORMAL,,INSUFFICIENT,,INSUFFICIENT
560,HCLTECH,Mar 2018,50569,39323,11246,22,1230,69,1383,11024,21,8722,31.0,19,2018,11.28,NORMAL,14.6,NORMAL,,INSUFFICIENT,5.91,NORMAL,16.64,NORMAL,,INSUFFICIENT,6.04,NORMAL,17.23,NORMAL,,INSUFFICIENT
561,HCLTECH,Mar 2019,60427,46501,13926,23,943,174,2073,12622,20,10120,37.0,11,2019,24.74,NORMAL,13.46,NORMAL,,INSUFFICIENT,21.79,NORMAL,9.16,NORMAL,,INSUFFICIENT,22.76,NORMAL,9.98,NORMAL,,INSUFFICIENT
562,HCLTECH,Mar 2020,70676,53360,17316,24,589,505,3420,13980,21,11057,41.0,25,2020,14.11,NORMAL,14.0,NORMAL,,INSUFFICIENT,8.71,NORMAL,8.53,NORMAL,,INSUFFICIENT,10.97,NORMAL,9.54,NORMAL,,INSUFFICIENT
563,HCLTECH,Mar 2021,75379,55331,20048,27,927,511,4611,15853,30,11169,41.0,24,2021,14.23,NORMAL,19.34,NORMAL,,INSUFFICIENT,8.59,NORMAL,14.8,NORMAL,,INSUFFICIENT,9.77,NORMAL,15.44,NORMAL,,INSUFFICIENT
564,HCLTECH,Mar 2022,85651,65122,20529,24,1067,319,4326,16951,20,13523,50.0,84,2022,12.33,NORMAL,12.48,NORMAL,,INSUFFICIENT,10.14,NORMAL,9.46,NORMAL,,INSUFFICIENT,10.56,NORMAL,10.76,NORMAL,,INSUFFICIENT
565,HCLTECH,Mar 2023,101456,78828,22628,22,1358,353,4145,19488,24,14845,55.0,88,2023,12.81,NORMAL,14.94,NORMAL,14.77,NORMAL,10.32,NORMAL,11.22,NORMAL,13.9,NORMAL,10.29,NORMAL,12.15,NORMAL,14.66,NORMAL
566,HCLTECH,Mar 2024,109913,85715,24198,22,1495,553,4173,20967,25,15710,58.0,90,2024,13.4,NORMAL,12.71,NORMAL,13.08,NORMAL,12.04,NORMAL,9.19,NORMAL,9.18,NORMAL,12.26,NORMAL,9.41,NORMAL,9.69,NORMAL
568,HDFCBANK,Mar 2013,35861,19695,12631,3534,10,7133,663,10004,31,6903,14.0,19,2013,,INSUFFICIENT,,INSUFFICIENT,,INSUFFICIENT,,INSUFFICIENT,,INSUFFICIENT,,INSUFFICIENT,,INSUFFICIENT,,INSUFFICIENT,,INSUFFICIENT
569,HDFCBANK,Mar 2014,42555,23445,13508,5602,13,8298,689,13211,34,8768,18.0,19,2014,,INSUFFICIENT,,INSUFFICIENT,,INSUFFICIENT,,INSUFFICIENT,,INSUFFICIENT,,INSUFFICIENT,,INSUFFICIENT,,INSUFFICIENT,,INSUFFICIENT
570,HDFCBANK,Mar 2015,50666,27288,16164,7214,14,9546,680,16079,33,10703,21.0,19,2015,,INSUFFICIENT,,INSUFFICIENT,,INSUFFICIENT,,INSUFFICIENT,,INSUFFICIENT,,INSUFFICIENT,,INSUFFICIENT,,INSUFFICIENT,,INSUFFICIENT
571,HDFCBANK,Mar 2016,63162,34070,20055,9037,14,11212,738,19511,34,12821,25.0,19,2016,20.77,NORMAL,,INSUFFICIENT,,INSUFFICIENT,22.92,NORMAL,,INSUFFICIENT,,INSUFFICIENT,21.32,NORMAL,,INSUFFICIENT,,INSUFFICIENT
572,HDFCBANK,Mar 2017,73271,38042,23856,11374,16,12905,886,23393,35,15317,30.0,18,2017,19.86,NORMAL,,INSUFFICIENT,,INSUFFICIENT,20.44,NORMAL,,INSUFFICIENT,,INSUFFICIENT,18.56,NORMAL,,INSUFFICIENT,,INSUFFICIENT
573,HDFCBANK,Mar 2018,85288,42381,29532,13374,16,16057,967,28464,35,18561,36.0,18,2018,18.96,NORMAL,18.92,NORMAL,,INSUFFICIENT,20.14,NORMAL,21.87,NORMAL,,INSUFFICIENT,19.68,NORMAL,20.79,NORMAL,,INSUFFICIENT
574,HDFCBANK,Mar 2019,105161,53713,34856,16592,16,18947,1221,34318,35,22446,41.0,18,2019,18.52,NORMAL,19.83,NORMAL,,INSUFFICIENT,20.52,NORMAL,20.68,NORMAL,,INSUFFICIENT,17.93,NORMAL,17.9,NORMAL,,INSUFFICIENT
575,HDFCBANK,Mar 2020,122189,62137,45459,14593,12,24879,1277,38195,29,27296,50.0,5,2020,18.59,NORMAL,19.25,NORMAL,,INSUFFICIENT,21.24,NORMAL,20.59,NORMAL,,INSUFFICIENT,18.56,NORMAL,18.95,NORMAL,,INSUFFICIENT
576,HDFCBANK,Mar 2021,128552,59248,52457,16848,13,27333,1385,42796,26,31857,58.0,11,2021,14.66,NORMAL,15.27,NORMAL,,INSUFFICIENT,19.73,NORMAL,19.97,NORMAL,,INSUFFICIENT,17.23,NORMAL,18.33,NORMAL,,INSUFFICIENT
577,HDFCBANK,Mar 2022,135936,58584,56557,20795,15,31759,1681,50873,25,38151,69.0,23,2022,8.93,NORMAL,13.16,NORMAL,,INSUFFICIENT,19.34,NORMAL,20.02,NORMAL,,INSUFFICIENT,18.95,NORMAL,18.13,NORMAL,,INSUFFICIENT
578,HDFCBANK,Mar 2023,170754,77780,63042,29932,18,33912,2345,61498,25,46149,82.0,23,2023,11.8,NORMAL,14.89,NORMAL,16.89,NORMAL,19.13,NORMAL,19.98,NORMAL,20.92,NORMAL,17.93,NORMAL,17.9,NORMAL,19.34,NORMAL
579,HDFCBANK,Mar 2024,283649,154139,174196,-44685,-16,124346,3092,76569,15,65446,84.0,23,2024,30.19,NORMAL,21.95,NORMAL,20.89,NORMAL,27.12,NORMAL,23.87,NORMAL,22.26,NORMAL,13.14,NORMAL,15.42,NORMAL,16.65,NORMAL
581,HDFCLIFE,Mar 2013,14060,15,13535,525,4,28,35,502,11,447,2.0,0,2013,,INSUFFICIENT,,INSUFFICIENT,,INSUFFICIENT,,INSUFFICIENT,,INSUFFICIENT,,INSUFFICIENT,,INSUFFICIENT,,INSUFFICIENT,,INSUFFICIENT
582,HDFCLIFE,Mar 2014,17166,11,16561,605,4,241,41,794,9,725,4.0,14,2014,,INSUFFICIENT,,INSUFFICIENT,,INSUFFICIENT,,INSUFFICIENT,,INSUFFICIENT,,INSUFFICIENT,,INSUFFICIENT,,INSUFFICIENT,,INSUFFICIENT
583,HDFCLIFE,Mar 2015,27215,-14,26341,874,3,79,43,924,15,786,4.0,18,2015,,INSUFFICIENT,,INSUFFICIENT,,INSUFFICIENT,,INSUFFICIENT,,INSUFFICIENT,,INSUFFICIENT,,INSUFFICIENT,,INSUFFICIENT,,INSUFFICIENT
584,HDFCLIFE,Mar 2016,18141,8,17187,953,5,108,45,1008,19,817,4.0,22,2016,8.87,NORMAL,,INSUFFICIENT,,INSUFFICIENT,22.27,NORMAL,,INSUFFICIENT,,INSUFFICIENT,25.99,NORMAL,,INSUFFICIENT,,INSUFFICIENT
585,HDFCLIFE,Mar 2017,30647,9,29674,972,3,139,41,1061,16,887,4.0,25,2017,21.31,NORMAL,,INSUFFICIENT,,INSUFFICIENT,6.95,NORMAL,,INSUFFICIENT,,INSUFFICIENT,0.0,NORMAL,,INSUFFICIENT,,INSUFFICIENT
586,HDFCLIFE,Mar 2018,32260,11,31186,1074,3,282,44,1300,15,1107,6.0,25,2018,5.83,NORMAL,18.07,NORMAL,,INSUFFICIENT,12.09,NORMAL,19.89,NORMAL,,INSUFFICIENT,14.47,NORMAL,24.57,NORMAL,,INSUFFICIENT
587,HDFCLIFE,Mar 2019,38855,14,37640,1215,3,136,45,1291,1,1278,6.0,26,2019,28.9,NORMAL,17.75,NORMAL,,INSUFFICIENT,16.08,NORMAL,12.01,NORMAL,,INSUFFICIENT,14.47,NORMAL,8.45,NORMAL,,INSUFFICIENT
588,HDFCLIFE,Mar 2020,29380,0,28239,1141,4,369,47,1463,11,1297,6.0,0,2020,-1.4,NORMAL,1.54,NORMAL,,INSUFFICIENT,13.5,NORMAL,10.54,NORMAL,,INSUFFICIENT,14.47,NORMAL,8.45,NORMAL,,INSUFFICIENT
589,HDFCLIFE,Mar 2021,71528,0,70294,1235,2,445,51,1629,16,1361,7.0,30,2021,30.4,NORMAL,31.57,NORMAL,,INSUFFICIENT,7.13,NORMAL,10.75,NORMAL,,INSUFFICIENT,5.27,NORMAL,11.84,NORMAL,,INSUFFICIENT
590,HDFCLIFE,Mar 2022,67126,0,66348,778,1,766,56,1487,11,1327,6.0,27,2022,19.99,NORMAL,16.98,NORMAL,,INSUFFICIENT,1.26,NORMAL,8.39,NORMAL,,INSUFFICIENT,0.0,NORMAL,8.45,NORMAL,,INSUFFICIENT
591,HDFCLIFE,Mar 2023,70207,0,70127,80,0,1437,76,1441,5,1368,6.0,30,2023,33.69,NORMAL,16.83,NORMAL,17.45,NORMAL,1.79,NORMAL,4.32,NORMAL,11.84,NORMAL,0.0,NORMAL,0.0,NORMAL,11.61,NORMAL
592,HDFCLIFE,Mar 2024,101482,0,100951,531,1,525,79,977,-61,1574,7.0,27,2024,12.37,NORMAL,21.17,NORMAL,19.45,NORMAL,4.97,NORMAL,4.25,NORMAL,8.06,NORMAL,0.0,NORMAL,3.13,NORMAL,5.76,NORMAL
594,HEROMOTOCO,Mar 2014,25275,12,21722,3553,14,430,1107,2864,26,2102,105.0,62,2014,,INSUFFICIENT,,INSUFFICIENT,,INSUFFICIENT,,INSUFFICIENT,,INSUFFICIENT,,INSUFFICIENT,,INSUFFICIENT,,INSUFFICIENT,,INSUFFICIENT
595,HEROMOTOCO,Mar 2015,27538,12,24018,3520,13,325,540,3292,29,2364,118.0,51,2015,,INSUFFICIENT,,INSUFFICIENT,,INSUFFICIENT,,INSUFFICIENT,,INSUFFICIENT,,INSUFFICIENT,,INSUFFICIENT,,INSUFFICIENT,,INSUFFICIENT
596,HEROMOTOCO,Mar 2016,28457,15,24033,4424,16,421,443,4387,29,3112,157.0,46,2016,,INSUFFICIENT,,INSUFFICIENT,,INSUFFICIENT,,INSUFFICIENT,,INSUFFICIENT,,INSUFFICIENT,,INSUFFICIENT,,INSUFFICIENT,,INSUFFICIENT
597,HEROMOTOCO,Mar 2017,28610,27,24025,4585,16,830,502,4885,27,3546,179.0,47,2017,4.22,NORMAL,,INSUFFICIENT,,INSUFFICIENT,19.04,NORMAL,,INSUFFICIENT,,INSUFFICIENT,19.46,NORMAL,,INSUFFICIENT,,INSUFFICIENT
598,HEROMOTOCO,Mar 2018,32458,31,27124,5334,16,564,575,5292,30,3722,186.0,51,2018,5.63,NORMAL,,INSUFFICIENT,,INSUFFICIENT,16.33,NORMAL,,INSUFFICIENT,,INSUFFICIENT,16.38,NORMAL,,INSUFFICIENT,,INSUFFICIENT
599,HEROMOTOCO,Mar 2019,33971,37,28946,5025,15,741,624,5104,32,3466,172.0,50,2019,6.08,NORMAL,6.09,NORMAL,,INSUFFICIENT,3.66,NORMAL,10.52,NORMAL,,INSUFFICIENT,3.09,NORMAL,10.37,NORMAL,,INSUFFICIENT
600,HEROMOTOCO,Mar 2020,29254,47,25184,4070,14,1434,846,4611,21,3659,182.0,49,2020,0.74,NORMAL,1.22,NORMAL,,INSUFFICIENT,1.05,NORMAL,9.13,NORMAL,,INSUFFICIENT,0.56,NORMAL,9.05,NORMAL,,INSUFFICIENT
601,HEROMOTOCO,Mar 2021,30959,46,26902,4058,13,553,715,3849,24,2936,146.0,72,2021,-1.56,NORMAL,1.7,NORMAL,,INSUFFICIENT,-7.6,NORMAL,-1.16,NORMAL,,INSUFFICIENT,-7.75,NORMAL,-1.44,NORMAL,,INSUFFICIENT
602,HEROMOTOCO,Mar 2022,29551,53,26295,3256,11,545,690,3058,24,2329,116.0,82,2022,-4.54,NORMAL,0.65,NORMAL,,INSUFFICIENT,-12.41,NORMAL,-8.06,NORMAL,,INSUFFICIENT,-12.3,NORMAL,-8.31,NORMAL,,INSUFFICIENT
603,HEROMOTOCO,Mar 2023,34158,105,30060,4099,12,567,697,3864,28,2800,141.0,71,2023,5.3,NORMAL,1.03,NORMAL,,INSUFFICIENT,-8.53,NORMAL,-5.53,NORMAL,,INSUFFICIENT,-8.16,NORMAL,-5.39,NORMAL,,INSUFFICIENT
604,HEROMOTOCO,Mar 2024,37789,76,32554,5235,14,689,757,5090,26,3742,187.0,75,2024,6.87,NORMAL,2.15,NORMAL,4.1,NORMAL,8.42,NORMAL,1.54,NORMAL,5.94,NORMAL,8.6,NORMAL,1.69,NORMAL,5.94,NORMAL
606,HINDALCO,Mar 2013,80193,2079,72494,7699,10,1111,2822,3909,23,3007,16.0,6,2013,,INSUFFICIENT,,INSUFFICIENT,,INSUFFICIENT,,INSUFFICIENT,,INSUFFICIENT,,INSUFFICIENT,,INSUFFICIENT,,INSUFFICIENT,,INSUFFICIENT
607,HINDALCO,Mar 2014,87695,2702,79671,8024,9,677,3347,2653,20,2195,11.0,9,2014,,INSUFFICIENT,,INSUFFICIENT,,INSUFFICIENT,,INSUFFICIENT,,INSUFFICIENT,,INSUFFICIENT,,INSUFFICIENT,,INSUFFICIENT,,INSUFFICIENT
608,HINDALCO,Mar 2015,104281,4178,95437,8844,8,-832,3493,340,75,259,4.0,24,2015,,INSUFFICIENT,,INSUFFICIENT,,INSUFFICIENT,,INSUFFICIENT,,INSUFFICIENT,,INSUFFICIENT,,INSUFFICIENT,,INSUFFICIENT,,INSUFFICIENT
609,HINDALCO,Mar 2016,98759,5134,90981,7778,8,1500,4347,-203,99,-702,-1.0,-82,2016,7.19,NORMAL,,INSUFFICIENT,,INSUFFICIENT,,DECLINE_TO_LOSS,,INSUFFICIENT,,INSUFFICIENT,,DECLINE_TO_LOSS,,INSUFFICIENT,,INSUFFICIENT
610,HINDALCO,Mar 2017,100184,5742,87867,12317,12,1198,4457,3315,43,1882,8.0,13,2017,4.54,NORMAL,,INSUFFICIENT,,INSUFFICIENT,-5.0,NORMAL,,INSUFFICIENT,,INSUFFICIENT,-10.07,NORMAL,,INSUFFICIENT,,INSUFFICIENT
611,HINDALCO,Mar 2018,115183,3911,101488,13695,12,2879,4506,8157,25,6083,27.0,4,2018,3.37,NORMAL,7.51,NORMAL,,INSUFFICIENT,186.38,NORMAL,15.13,NORMAL,,INSUFFICIENT,88.99,NORMAL,11.03,NORMAL,,INSUFFICIENT
612,HINDALCO,Mar 2019,130542,3778,115031,15511,12,1127,4777,8083,32,5495,24.0,5,2019,9.75,NORMAL,8.28,NORMAL,,INSUFFICIENT,,TURNAROUND,20.15,NORMAL,,INSUFFICIENT,,TURNAROUND,16.89,NORMAL,,INSUFFICIENT
613,HINDALCO,Mar 2020,118144,4197,103838,14306,12,906,5091,5924,36,3767,17.0,6,2020,5.65,NORMAL,2.53,NORMAL,,INSUFFICIENT,26.03,NORMAL,70.82,NORMAL,,INSUFFICIENT,28.56,NORMAL,33.56,NORMAL,,INSUFFICIENT
614,HINDALCO,Mar 2021,132008,3738,114449,17559,13,-987,6628,6206,44,3483,16.0,19,2021,4.65,NORMAL,5.98,NORMAL,,INSUFFICIENT,-16.96,NORMAL,,TURNAROUND,,INSUFFICIENT,-16.01,NORMAL,,TURNAROUND,,INSUFFICIENT
615,HINDALCO,Mar 2022,195059,3768,166712,28347,15,1253,6729,19103,28,13730,61.0,6,2022,14.32,NORMAL,14.25,NORMAL,,INSUFFICIENT,35.7,NORMAL,48.8,NORMAL,,INSUFFICIENT,36.47,NORMAL,50.12,NORMAL,,INSUFFICIENT
616,HINDALCO,Mar 2023,223202,3646,200536,22666,10,1307,7086,13241,24,10097,45.0,7,2023,23.62,NORMAL,14.15,NORMAL,10.78,NORMAL,38.91,NORMAL,10.67,NORMAL,12.88,NORMAL,38.33,NORMAL,10.76,NORMAL,10.89,NORMAL
617,HINDALCO,Mar 2024,215962,3858,192090,23872,11,1519,7521,14012,28,10155,45.0,8,2024,17.83,NORMAL,10.59,NORMAL,9.43,NORMAL,42.86,NORMAL,13.07,NORMAL,16.55,NORMAL,41.16,NORMAL,13.4,NORMAL,15.13,NORMAL
619,HINDUNILVR,Mar 2013,27004,26,22784,4220,16,1123,251,5066,24,3839,18.0,104,2013,,INSUFFICIENT,,INSUFFICIENT,,INSUFFICIENT,,INSUFFICIENT,,INSUFFICIENT,,INSUFFICIENT,,INSUFFICIENT,,INSUFFICIENT,,INSUFFICIENT
620,HINDUNILVR,Mar 2014,29234,41,24475,4759,16,792,296,5215,24,3956,18.0,71,2014,,INSUFFICIENT,,INSUFFICIENT,,INSUFFICIENT,,INSUFFICIENT,,INSUFFICIENT,,INSUFFICIENT,,INSUFFICIENT,,INSUFFICIENT,,INSUFFICIENT
621,HINDUNILVR,Mar 2015,31972,18,26560,5412,17,1247,322,6320,31,4376,20.0,74,2015,,INSUFFICIENT,,INSUFFICIENT,,INSUFFICIENT,,INSUFFICIENT,,INSUFFICIENT,,INSUFFICIENT,,INSUFFICIENT,,INSUFFICIENT,,INSUFFICIENT
622,HINDUNILVR,Mar 2016,32186,17,26276,5910,18,486,353,6026,31,4151,19.0,83,2016,6.03,NORMAL,,INSUFFICIENT,,INSUFFICIENT,2.64,NORMAL,,INSUFFICIENT,,INSUFFICIENT,1.82,NORMAL,,INSUFFICIENT,,INSUFFICIENT
623,HINDUNILVR,Mar 2017,33162,35,26834,6328,19,606,432,6467,31,4490,21.0,82,2017,4.29,NORMAL,,INSUFFICIENT,,INSUFFICIENT,4.31,NORMAL,,INSUFFICIENT,,INSUFFICIENT,5.27,NORMAL,,INSUFFICIENT,,INSUFFICIENT
624,HINDUNILVR,Mar 2018,35545,26,28046,7499,21,353,520,7306,28,5227,24.0,83,2018,3.59,NORMAL,5.65,NORMAL,,INSUFFICIENT,6.1,NORMAL,6.37,NORMAL,,INSUFFICIENT,6.27,NORMAL,5.92,NORMAL,,INSUFFICIENT
625,HINDUNILVR,Mar 2019,39310,33,30430,8880,23,322,565,8604,30,6060,28.0,78,2019,6.89,NORMAL,6.1,NORMAL,,INSUFFICIENT,13.44,NORMAL,8.9,NORMAL,,INSUFFICIENT,13.8,NORMAL,9.24,NORMAL,,INSUFFICIENT
626,HINDUNILVR,Mar 2020,39783,118,29922,9861,25,424,1002,9165,26,6756,31.0,80,2020,6.26,NORMAL,4.47,NORMAL,,INSUFFICIENT,14.59,NORMAL,9.07,NORMAL,,INSUFFICIENT,13.86,NORMAL,9.16,NORMAL,,INSUFFICIENT
627,HINDUNILVR,Mar 2021,47028,117,35402,11626,25,170,1074,10605,25,7999,34.0,119,2021,9.78,NORMAL,7.88,NORMAL,,INSUFFICIENT,15.24,NORMAL,14.02,NORMAL,,INSUFFICIENT,12.31,NORMAL,12.34,NORMAL,,INSUFFICIENT
628,HINDUNILVR,Mar 2022,52446,106,39589,12857,25,219,1091,11879,25,8892,38.0,90,2022,10.09,NORMAL,9.6,NORMAL,,INSUFFICIENT,13.63,NORMAL,14.64,NORMAL,,INSUFFICIENT,10.72,NORMAL,12.59,NORMAL,,INSUFFICIENT
629,HINDUNILVR,Mar 2023,60580,114,46433,14147,23,448,1137,13344,24,10143,43.0,91,2023,15.05,NORMAL,11.25,NORMAL,8.42,NORMAL,14.51,NORMAL,14.18,NORMAL,10.2,NORMAL,11.52,NORMAL,12.37,NORMAL,9.1,NORMAL
630,HINDUNILVR,Mar 2024,61896,334,47237,14659,24,817,1216,13926,26,10282,44.0,96,2024,9.59,NORMAL,9.5,NORMAL,7.79,NORMAL,8.73,NORMAL,11.15,NORMAL,10.02,NORMAL,8.97,NORMAL,9.46,NORMAL,9.35,NORMAL
632,ICICIBANK,Mar 2013,44885,28285,31684,-15085,-34,29320,625,13610,26,10130,15.0,24,2013,,INSUFFICIENT,,INSUFFICIENT,,INSUFFICIENT,,INSUFFICIENT,,INSUFFICIENT,,INSUFFICIENT,,INSUFFICIENT,,INSUFFICIENT,,INSUFFICIENT
633,ICICIBANK,Mar 2014,49479,29711,32852,-13084,-26,30085,719,16282,28,11677,17.0,24,2014,,INSUFFICIENT,,INSUFFICIENT,,INSUFFICIENT,,INSUFFICIENT,,INSUFFICIENT,,INSUFFICIENT,,INSUFFICIENT,,INSUFFICIENT,,INSUFFICIENT
634,ICICIBANK,Mar 2015,54964,32318,38766,-16120,-29,35252,798,18334,29,12942,19.0,24,2015,,INSUFFICIENT,,INSUFFICIENT,,INSUFFICIENT,,INSUFFICIENT,,INSUFFICIENT,,INSUFFICIENT,,INSUFFICIENT,,INSUFFICIENT,,INSUFFICIENT
635,ICICIBANK,Mar 2016,59294,33996,52252,-26955,-45,42102,843,14304,24,10927,16.0,29,2016,9.72,NORMAL,,INSUFFICIENT,,INSUFFICIENT,2.56,NORMAL,,INSUFFICIENT,,INSUFFICIENT,2.17,NORMAL,,INSUFFICIENT,,INSUFFICIENT
636,ICICIBANK,Mar 2017,60940,34836,63841,-37737,-62,52458,912,13809,18,11340,16.0,14,2017,7.19,NORMAL,,INSUFFICIENT,,INSUFFICIENT,-0.97,NORMAL,,INSUFFICIENT,,INSUFFICIENT,-2.0,NORMAL,,INSUFFICIENT,,INSUFFICIENT
637,ICICIBANK,Mar 2018,62162,34262,72806,-44906,-72,56807,922,10978,17,9100,12.0,12,2018,4.19,NORMAL,6.73,NORMAL,,INSUFFICIENT,-11.08,NORMAL,-2.12,NORMAL,,INSUFFICIENT,-14.2,NORMAL,-4.36,NORMAL,,INSUFFICIENT
638,ICICIBANK,Mar 2019,71982,39178,83775,-50971,-71,59325,946,7408,23,5689,7.0,15,2019,6.68,NORMAL,7.79,NORMAL,,INSUFFICIENT,-19.55,NORMAL,-13.4,NORMAL,,INSUFFICIENT,-24.09,NORMAL,-16.26,NORMAL,,INSUFFICIENT
639,ICICIBANK,Mar 2020,84836,44666,85361,-45190,-53,64950,1171,18589,40,11225,15.0,0,2020,11.66,NORMAL,9.07,NORMAL,,INSUFFICIENT,-0.34,NORMAL,-2.81,NORMAL,,INSUFFICIENT,-2.13,NORMAL,-4.62,NORMAL,,INSUFFICIENT
640,ICICIBANK,Mar 2021,89163,42659,91309,-44805,-50,72174,1340,26028,22,20364,27.0,8,2021,12.78,NORMAL,8.5,NORMAL,,INSUFFICIENT,30.8,NORMAL,13.26,NORMAL,,INSUFFICIENT,31.04,NORMAL,11.03,NORMAL,,INSUFFICIENT
641,ICICIBANK,Mar 2022,95407,41167,80798,-26558,-28,62129,1330,34241,25,26538,36.0,14,2022,9.85,NORMAL,9.38,NORMAL,,INSUFFICIENT,67.09,NORMAL,18.54,NORMAL,,INSUFFICIENT,72.61,NORMAL,17.61,NORMAL,,INSUFFICIENT
642,ICICIBANK,Mar 2023,121067,50543,87864,-17341,-14,65112,1515,46256,26,35461,49.0,16,2023,12.59,NORMAL,14.26,NORMAL,10.43,NORMAL,46.73,NORMAL,31.26,NORMAL,13.35,NORMAL,48.38,NORMAL,32.5,NORMAL,12.57,NORMAL
643,ICICIBANK,Mar 2024,159516,74108,99560,-14152,-9,76522,1935,60434,26,46081,63.0,16,2024,21.4,NORMAL,17.25,NORMAL,12.42,NORMAL,31.29,NORMAL,51.95,NORMAL,14.71,NORMAL,32.64,NORMAL,55.18,NORMAL,14.0,NORMAL
645,ICICIGI,Mar 2013,4012,8,4191,-178,-4,586,49,351,0,353,8.0,0,2013,,INSUFFICIENT,,INSUFFICIENT,,INSUFFICIENT,,INSUFFICIENT,,INSUFFICIENT,,INSUFFICIENT,,INSUFFICIENT,,INSUFFICIENT,,INSUFFICIENT
646,ICICIGI,Mar 2014,4352,9,4578,-225,-5,817,50,533,3,520,12.0,0,2014,,INSUFFICIENT,,INSUFFICIENT,,INSUFFICIENT,,INSUFFICIENT,,INSUFFICIENT,,INSUFFICIENT,,INSUFFICIENT,,INSUFFICIENT,,INSUFFICIENT
647,ICICIGI,Mar 2015,4234,12,4456,-221,-5,992,54,705,17,585,13.0,15,2015,,INSUFFICIENT,,INSUFFICIENT,,INSUFFICIENT,,INSUFFICIENT,,INSUFFICIENT,,INSUFFICIENT,,INSUFFICIENT,,INSUFFICIENT,,INSUFFICIENT
648,ICICIGI,Mar 2016,6033,0,5269,764,13,0,57,708,28,507,11.0,26,2016,14.57,NORMAL,,INSUFFICIENT,,INSUFFICIENT,12.83,NORMAL,,INSUFFICIENT,,INSUFFICIENT,11.2,NORMAL,,INSUFFICIENT,,INSUFFICIENT
649,ICICIGI,Mar 2017,7520,0,6601,919,12,-2,7,910,23,702,16.0,22,2017,20.0,NORMAL,,INSUFFICIENT,,INSUFFICIENT,10.52,NORMAL,,INSUFFICIENT,,INSUFFICIENT,10.06,NORMAL,,INSUFFICIENT,,INSUFFICIENT
650,ICICIGI,Mar 2018,6912,59,7174,-262,-4,1569,51,1196,28,862,19.0,17,2018,17.75,NORMAL,11.49,NORMAL,,INSUFFICIENT,13.79,NORMAL,19.55,NORMAL,,INSUFFICIENT,13.48,NORMAL,18.89,NORMAL,,INSUFFICIENT
651,ICICIGI,Mar 2019,11163,70,9494,1669,15,-2,0,1598,34,1049,23.0,26,2019,22.77,NORMAL,20.73,NORMAL,,INSUFFICIENT,27.43,NORMAL,15.07,NORMAL,,INSUFFICIENT,27.87,NORMAL,13.9,NORMAL,,INSUFFICIENT
652,ICICIGI,Mar 2020,11517,0,9745,1772,15,15,90,1697,30,1194,26.0,13,2020,15.27,NORMAL,22.16,NORMAL,,INSUFFICIENT,19.37,NORMAL,15.34,NORMAL,,INSUFFICIENT,17.57,NORMAL,14.87,NORMAL,,INSUFFICIENT
653,ICICIGI,Mar 2021,12161,0,10090,2072,17,12,130,1954,25,1473,32.0,25,2021,20.72,NORMAL,15.05,NORMAL,,INSUFFICIENT,19.55,NORMAL,23.78,NORMAL,,INSUFFICIENT,18.98,NORMAL,23.81,NORMAL,,INSUFFICIENT
654,ICICIGI,Mar 2022,16026,0,15010,1016,6,809,141,1684,24,1271,26.0,35,2022,12.81,NORMAL,16.34,NORMAL,,INSUFFICIENT,6.61,NORMAL,12.61,NORMAL,,INSUFFICIENT,4.17,NORMAL,10.2,NORMAL,,INSUFFICIENT
655,ICICIGI,Mar 2023,17876,0,16612,1264,7,991,142,2113,18,1729,35.0,31,2023,15.78,NORMAL,20.93,NORMAL,16.12,NORMAL,13.13,NORMAL,14.94,NORMAL,17.22,NORMAL,10.42,NORMAL,13.0,NORMAL,15.9,NORMAL
656,ICICIGI,Mar 2024,20487,0,17910,2577,13,112,134,2555,25,1919,39.0,28,2024,18.99,NORMAL,12.91,NORMAL,16.76,NORMAL,9.22,NORMAL,12.84,NORMAL,13.95,NORMAL,6.82,NORMAL,11.14,NORMAL,12.51,NORMAL
658,ICICIPRULI,Mar 2013,20025,14,19280,745,4,900,41,1591,5,1515,11.0,32,2013,,INSUFFICIENT,,INSUFFICIENT,,INSUFFICIENT,,INSUFFICIENT,,INSUFFICIENT,,INSUFFICIENT,,INSUFFICIENT,,INSUFFICIENT,,INSUFFICIENT
659,ICICIPRULI,Mar 2014,21888,15,20384,1504,7,129,47,1572,1,1561,11.0,70,2014,,INSUFFICIENT,,INSUFFICIENT,,INSUFFICIENT,,INSUFFICIENT,,INSUFFICIENT,,INSUFFICIENT,,INSUFFICIENT,,INSUFFICIENT,,INSUFFICIENT
660,ICICIPRULI,Mar 2015,34453,17,32798,1655,5,43,40,1642,0,1640,11.0,51,2015,,INSUFFICIENT,,INSUFFICIENT,,INSUFFICIENT,,INSUFFICIENT,,INSUFFICIENT,,INSUFFICIENT,,INSUFFICIENT,,INSUFFICIENT,,INSUFFICIENT
661,ICICIPRULI,Mar 2016,20849,0,19008,1842,9,0,0,1842,10,1650,12.0,73,2016,1.35,NORMAL,,INSUFFICIENT,,INSUFFICIENT,2.89,NORMAL,,INSUFFICIENT,,INSUFFICIENT,2.94,NORMAL,,INSUFFICIENT,,INSUFFICIENT
662,ICICIPRULI,Mar 2017,37816,15,36010,1806,5,130,58,1863,10,1682,12.0,63,2017,19.99,NORMAL,,INSUFFICIENT,,INSUFFICIENT,2.52,NORMAL,,INSUFFICIENT,,INSUFFICIENT,2.94,NORMAL,,INSUFFICIENT,,INSUFFICIENT
663,ICICIPRULI,Mar 2018,38832,20,37062,1771,5,132,44,1839,12,1619,11.0,59,2018,4.07,NORMAL,14.16,NORMAL,,INSUFFICIENT,-0.43,NORMAL,1.34,NORMAL,,INSUFFICIENT,0.0,NORMAL,0.0,NORMAL,,INSUFFICIENT
664,ICICIPRULI,Mar 2019,41463,23,40922,541,1,813,57,1274,11,1139,8.0,40,2019,25.75,NORMAL,13.63,NORMAL,,INSUFFICIENT,-11.62,NORMAL,-6.11,NORMAL,,INSUFFICIENT,-12.64,NORMAL,-6.17,NORMAL,,INSUFFICIENT
665,ICICIPRULI,Mar 2020,21025,0,21344,-319,-2,1578,61,1198,11,1067,7.0,11,2020,-17.77,NORMAL,-9.41,NORMAL,,INSUFFICIENT,-14.08,NORMAL,-8.24,NORMAL,,INSUFFICIENT,-16.45,NORMAL,-8.64,NORMAL,,INSUFFICIENT
666,ICICIPRULI,Mar 2021,83182,0,83572,-390,0,1669,60,1219,22,956,7.0,30,2021,28.91,NORMAL,31.88,NORMAL,,INSUFFICIENT,-16.1,NORMAL,-10.34,NORMAL,,INSUFFICIENT,-13.99,NORMAL,-10.22,NORMAL,,INSUFFICIENT
667,ICICIPRULI,Mar 2022,63564,0,65728,-2163,-3,3191,67,961,21,759,5.0,10,2022,15.31,NORMAL,10.94,NORMAL,,INSUFFICIENT,-12.65,NORMAL,-14.71,NORMAL,,INSUFFICIENT,-14.5,NORMAL,-16.06,NORMAL,,INSUFFICIENT
668,ICICIPRULI,Mar 2023,50478,0,52235,-1757,-3,2925,84,1085,25,813,6.0,11,2023,33.9,NORMAL,5.39,NORMAL,9.69,NORMAL,-8.66,NORMAL,-12.87,NORMAL,-6.03,NORMAL,-5.01,NORMAL,-11.42,NORMAL,-5.88,NORMAL
669,ICICIPRULI,Mar 2024,90307,0,92136,-1829,-2,2970,113,1028,17,851,6.0,10,2024,2.78,NORMAL,16.85,NORMAL,15.23,NORMAL,-3.8,NORMAL,-5.66,NORMAL,-5.89,NORMAL,-5.01,NORMAL,-5.59,NORMAL,-5.88,NORMAL
697,INDUSINDBK,Mar 2013,6983,4750,1947,286,4,1363,73,1576,33,1061,20.0,15,2013,,INSUFFICIENT,,INSUFFICIENT,,INSUFFICIENT,,INSUFFICIENT,,INSUFFICIENT,,INSUFFICIENT,,INSUFFICIENT,,INSUFFICIENT,,INSUFFICIENT
698,INDUSINDBK,Mar 2014,8254,5363,2555,335,4,1891,98,2128,34,1408,27.0,13,2014,,INSUFFICIENT,,INSUFFICIENT,,INSUFFICIENT,,INSUFFICIENT,,INSUFFICIENT,,INSUFFICIENT,,INSUFFICIENT,,INSUFFICIENT,,INSUFFICIENT
699,INDUSINDBK,Mar 2015,9692,6272,3133,288,3,2548,127,2709,34,1794,34.0,12,2015,,INSUFFICIENT,,INSUFFICIENT,,INSUFFICIENT,,INSUFFICIENT,,INSUFFICIENT,,INSUFFICIENT,,INSUFFICIENT,,INSUFFICIENT,,INSUFFICIENT
700,INDUSINDBK,Mar 2016,11872,7355,4188,329,3,3297,157,3469,34,2286,38.0,12,2016,19.35,NORMAL,,INSUFFICIENT,,INSUFFICIENT,29.16,NORMAL,,INSUFFICIENT,,INSUFFICIENT,23.86,NORMAL,,INSUFFICIENT,,INSUFFICIENT
701,INDUSINDBK,Mar 2017,14406,8343,5684,379,3,4171,191,4360,34,2868,48.0,13,2017,20.4,NORMAL,,INSUFFICIENT,,INSUFFICIENT,26.76,NORMAL,,INSUFFICIENT,,INSUFFICIENT,21.14,NORMAL,,INSUFFICIENT,,INSUFFICIENT
702,INDUSINDBK,Mar 2018,17281,9783,6555,942,5,4750,212,5481,34,3606,60.0,12,2018,21.26,NORMAL,19.87,NORMAL,,INSUFFICIENT,26.2,NORMAL,27.72,NORMAL,,INSUFFICIENT,20.84,NORMAL,24.57,NORMAL,,INSUFFICIENT
703,INDUSINDBK,Mar 2019,22261,13415,9283,-437,-2,5647,229,4981,34,3301,55.0,14,2019,23.31,NORMAL,21.95,NORMAL,,INSUFFICIENT,13.03,NORMAL,18.58,NORMAL,,INSUFFICIENT,13.12,NORMAL,15.29,NORMAL,,INSUFFICIENT
704,INDUSINDBK,Mar 2020,28783,16724,12611,-553,-2,6951,278,6121,28,4418,64.0,0,2020,25.95,NORMAL,24.32,NORMAL,,INSUFFICIENT,15.49,NORMAL,19.75,NORMAL,,INSUFFICIENT,10.06,NORMAL,13.49,NORMAL,,INSUFFICIENT
705,INDUSINDBK,Mar 2021,29000,15472,15997,-2469,-9,6559,305,3784,25,2836,37.0,14,2021,18.83,NORMAL,19.56,NORMAL,,INSUFFICIENT,-7.69,NORMAL,4.41,NORMAL,,INSUFFICIENT,-14.88,NORMAL,-0.53,NORMAL,,INSUFFICIENT
706,INDUSINDBK,Mar 2022,30822,15822,15840,-839,-3,7334,321,6174,25,4611,60.0,14,2022,11.46,NORMAL,16.43,NORMAL,,INSUFFICIENT,11.78,NORMAL,9.96,NORMAL,,INSUFFICIENT,2.94,NORMAL,4.56,NORMAL,,INSUFFICIENT
707,INDUSINDBK,Mar 2023,36368,18776,15525,2067,6,8166,373,9860,25,7390,95.0,15,2023,8.11,NORMAL,16.05,NORMAL,17.94,NORMAL,18.71,NORMAL,15.43,NORMAL,21.42,NORMAL,14.07,NORMAL,9.63,NORMAL,16.86,NORMAL
708,INDUSINDBK,Mar 2024,45748,25132,17638,2978,7,9388,425,11942,25,8950,115.0,14,2024,16.41,NORMAL,15.5,NORMAL,18.68,NORMAL,46.68,NORMAL,22.08,NORMAL,20.32,NORMAL,45.94,NORMAL,15.9,NORMAL,15.59,NORMAL
710,INFY,Mar 2013,40352,28814,11538,29,2365,5,1099,12799,26,9429,21.0,25,2013,,INSUFFICIENT,,INSUFFICIENT,,INSUFFICIENT,,INSUFFICIENT,,INSUFFICIENT,,INSUFFICIENT,,INSUFFICIENT,,INSUFFICIENT,,INSUFFICIENT
711,INFY,Mar 2014,50133,36743,13390,27,2664,9,1317,14728,28,10656,23.0,34,2014,,INSUFFICIENT,,INSUFFICIENT,,INSUFFICIENT,,INSUFFICIENT,,INSUFFICIENT,,INSUFFICIENT,,INSUFFICIENT,,INSUFFICIENT,,INSUFFICIENT
712,INFY,Mar 2015,53319,38436,14883,28,3430,12,1017,17284,28,12372,27.0,55,2015,,INSUFFICIENT,,INSUFFICIENT,,INSUFFICIENT,,INSUFFICIENT,,INSUFFICIENT,,INSUFFICIENT,,INSUFFICIENT,,INSUFFICIENT,,INSUFFICIENT
713,INFY,Mar 2016,62441,45362,17079,27,3120,0,1459,18740,28,13489,29.0,41,2016,15.66,NORMAL,,INSUFFICIENT,,INSUFFICIENT,12.68,NORMAL,,INSUFFICIENT,,INSUFFICIENT,11.36,NORMAL,,INSUFFICIENT,,INSUFFICIENT
714,INFY,Mar 2017,68484,49880,18604,27,3050,0,1703,19951,28,14353,31.0,41,2017,10.96,NORMAL,,INSUFFICIENT,,INSUFFICIENT,10.44,NORMAL,,INSUFFICIENT,,INSUFFICIENT,10.46,NORMAL,,INSUFFICIENT,,INSUFFICIENT
715,INFY,Mar 2018,70522,51700,18822,27,3311,0,1863,20270,21,16029,37.0,59,2018,9.77,NORMAL,11.81,NORMAL,,INSUFFICIENT,9.02,NORMAL,11.2,NORMAL,,INSUFFICIENT,11.07,NORMAL,11.99,NORMAL,,INSUFFICIENT
716,INFY,Mar 2019,82675,62505,20170,24,2882,0,2011,21041,27,15410,35.0,60,2019,9.81,NORMAL,10.52,NORMAL,,INSUFFICIENT,4.54,NORMAL,7.66,NORMAL,,INSUFFICIENT,6.47,NORMAL,8.76,NORMAL,,INSUFFICIENT
717,INFY,Mar 2020,90791,68524,22267,25,2803,170,2893,22007,24,16639,39.0,45,2020,9.85,NORMAL,11.23,NORMAL,,INSUFFICIENT,5.05,NORMAL,6.11,NORMAL,,INSUFFICIENT,7.95,NORMAL,7.63,NORMAL,,INSUFFICIENT
718,INFY,Mar 2021,100472,72583,27889,28,2201,195,3267,26628,27,19423,45.0,59,2021,12.52,NORMAL,9.98,NORMAL,,INSUFFICIENT,6.61,NORMAL,7.56,NORMAL,,INSUFFICIENT,6.74,NORMAL,9.18,NORMAL,,INSUFFICIENT
719,INFY,Mar 2022,121641,90150,31491,26,2295,200,3476,30110,26,22146,53.0,59,2022,13.74,NORMAL,12.18,NORMAL,,INSUFFICIENT,12.85,NORMAL,9.06,NORMAL,,INSUFFICIENT,14.83,NORMAL,11.32,NORMAL,,INSUFFICIENT
720,INFY,Mar 2023,146767,111637,35130,24,2701,284,4225,33322,28,24108,58.0,73,2023,17.36,NORMAL,15.79,NORMAL,13.78,NORMAL,13.16,NORMAL,8.51,NORMAL,9.84,NORMAL,14.14,NORMAL,9.41,NORMAL,10.69,NORMAL
721,INFY,Mar 2024,153670,117245,36425,24,4711,470,4678,35988,27,26248,63.0,,2024,15.22,NORMAL,13.2,NORMAL,11.85,NORMAL,10.56,NORMAL,11.24,NORMAL,9.43,NORMAL,11.87,NORMAL,12.47,NORMAL,10.6,NORMAL
723,IOC,Mar 2013,461780,447919,13861,3,3499,7164,5692,4504,19,3627,3.0,36,2013,,INSUFFICIENT,,INSUFFICIENT,,INSUFFICIENT,,INSUFFICIENT,,INSUFFICIENT,,INSUFFICIENT,,INSUFFICIENT,,INSUFFICIENT,,INSUFFICIENT
724,IOC,Mar 2014,488345,471123,17222,4,5064,5948,6360,9978,30,6967,5.0,30,2014,,INSUFFICIENT,,INSUFFICIENT,,INSUFFICIENT,,INSUFFICIENT,,INSUFFICIENT,,INSUFFICIENT,,INSUFFICIENT,,INSUFFICIENT,,INSUFFICIENT
725,IOC,Mar 2015,449507,438932,10575,2,5860,4201,5219,7014,31,4872,3.0,33,2015,,INSUFFICIENT,,INSUFFICIENT,,INSUFFICIENT,,INSUFFICIENT,,INSUFFICIENT,,INSUFFICIENT,,INSUFFICIENT,,INSUFFICIENT,,INSUFFICIENT
726,IOC,Mar 2016,346045,324007,22038,6,5219,3487,5698,18072,31,12413,8.0,28,2016,-9.17,NORMAL,,INSUFFICIENT,,INSUFFICIENT,50.7,NORMAL,,INSUFFICIENT,,INSUFFICIENT,38.67,NORMAL,,INSUFFICIENT,,INSUFFICIENT
727,IOC,Mar 2017,355379,321230,34149,10,4356,3743,6806,27956,27,20385,14.0,45,2017,-10.05,NORMAL,,INSUFFICIENT,,INSUFFICIENT,43.03,NORMAL,,INSUFFICIENT,,INSUFFICIENT,40.95,NORMAL,,INSUFFICIENT,,INSUFFICIENT
728,IOC,Mar 2018,421492,379834,41658,10,4331,3875,7664,34450,34,22626,15.0,90,2018,-2.12,NORMAL,-1.81,NORMAL,,INSUFFICIENT,66.84,NORMAL,44.22,NORMAL,,INSUFFICIENT,71.0,NORMAL,37.97,NORMAL,,INSUFFICIENT
729,IOC,Mar 2019,528158,492896,35262,7,4097,4925,8506,25927,33,17274,12.0,49,2019,15.14,NORMAL,1.58,NORMAL,,INSUFFICIENT,11.64,NORMAL,19.91,NORMAL,,INSUFFICIENT,14.47,NORMAL,19.14,NORMAL,,INSUFFICIENT
730,IOC,Mar 2020,483763,467710,16053,3,-7165,5792,10273,-7177,-74,-1876,-1.0,-437,2020,10.83,NORMAL,1.48,NORMAL,,INSUFFICIENT,,DECLINE_TO_LOSS,,DECLINE_TO_LOSS,,INSUFFICIENT,,DECLINE_TO_LOSS,,DECLINE_TO_LOSS,,INSUFFICIENT
731,IOC,Mar 2021,363950,324021,39929,11,4696,2933,10941,30751,29,21762,15.0,51,2021,-4.78,NORMAL,1.01,NORMAL,,INSUFFICIENT,-1.29,NORMAL,11.88,NORMAL,,INSUFFICIENT,0.0,NORMAL,13.4,NORMAL,,INSUFFICIENT
732,IOC,Mar 2022,589321,541563,47758,8,4332,5454,12348,34289,25,25727,18.0,46,2022,3.72,NORMAL,10.65,NORMAL,,INSUFFICIENT,14.2,NORMAL,4.76,NORMAL,,INSUFFICIENT,14.47,NORMAL,5.15,NORMAL,,INSUFFICIENT
733,IOC,Mar 2023,841756,811073,30683,4,5124,7588,13181,15038,22,11704,7.0,42,2023,20.28,NORMAL,14.84,NORMAL,6.19,NORMAL,,TURNAROUND,-12.35,NORMAL,12.43,NORMAL,,TURNAROUND,-14.14,NORMAL,8.84,NORMAL
734,IOC,Mar 2024,776352,700706,75646,10,5389,7881,15866,57288,25,43161,30.0,40,2024,28.73,NORMAL,8.01,NORMAL,4.74,NORMAL,25.64,NORMAL,20.1,NORMAL,20.01,NORMAL,25.99,NORMAL,20.11,NORMAL,19.62,NORMAL
736,IRCTC,Mar 2015,1059,907,152,14,82,0,20,214,39,131,13.0,20,2015,,INSUFFICIENT,,INSUFFICIENT,,INSUFFICIENT,,INSUFFICIENT,,INSUFFICIENT,,INSUFFICIENT,,INSUFFICIENT,,INSUFFICIENT,,INSUFFICIENT
737,IRCTC,Mar 2016,1367,1176,190,14,139,0,21,309,39,189,19.0,40,2016,,INSUFFICIENT,,INSUFFICIENT,,INSUFFICIENT,,INSUFFICIENT,,INSUFFICIENT,,INSUFFICIENT,,INSUFFICIENT,,INSUFFICIENT,,INSUFFICIENT
738,IRCTC,Mar 2017,1520,1206,314,21,67,3,22,355,35,229,11.0,49,2017,,INSUFFICIENT,,INSUFFICIENT,,INSUFFICIENT,,INSUFFICIENT,,INSUFFICIENT,,INSUFFICIENT,,INSUFFICIENT,,INSUFFICIENT,,INSUFFICIENT
739,IRCTC,Mar 2018,1466,1192,274,19,99,3,24,346,36,221,11.0,21,2018,11.45,NORMAL,,INSUFFICIENT,,INSUFFICIENT,19.04,NORMAL,,INSUFFICIENT,,INSUFFICIENT,-5.42,NORMAL,,INSUFFICIENT,,INSUFFICIENT
740,IRCTC,Mar 2019,1870,1487,383,20,126,2,29,479,36,309,4.0,98,2019,11.01,NORMAL,,INSUFFICIENT,,INSUFFICIENT,17.81,NORMAL,,INSUFFICIENT,,INSUFFICIENT,-40.51,NORMAL,,INSUFFICIENT,,INSUFFICIENT
741,IRCTC,Mar 2020,2264,1562,703,31,77,10,40,730,30,513,6.0,39,2020,14.2,NORMAL,16.41,NORMAL,,INSUFFICIENT,30.85,NORMAL,31.39,NORMAL,,INSUFFICIENT,-18.29,NORMAL,-14.33,NORMAL,,INSUFFICIENT
742,IRCTC,Mar 2021,777,589,188,24,124,8,46,258,27,187,2.0,43,2021,-19.07,NORMAL,-10.68,NORMAL,,INSUFFICIENT,-5.42,NORMAL,-0.21,NORMAL,,INSUFFICIENT,-43.35,NORMAL,-36.25,NORMAL,,INSUFFICIENT
743,IRCTC,Mar 2022,1879,1005,874,47,72,11,49,885,26,660,8.0,42,2022,0.16,NORMAL,4.33,NORMAL,,INSUFFICIENT,28.78,NORMAL,23.58,NORMAL,,INSUFFICIENT,25.99,NORMAL,-6.17,NORMAL,,INSUFFICIENT
744,IRCTC,Mar 2023,3541,2265,1276,36,148,16,54,1354,26,1006,13.0,44,2023,16.08,NORMAL,19.29,NORMAL,,INSUFFICIENT,25.17,NORMAL,35.41,NORMAL,,INSUFFICIENT,29.4,NORMAL,3.4,NORMAL,,INSUFFICIENT
745,IRCTC,Mar 2024,4270,2804,1466,34,106,19,57,1496,26,1111,14.0,47,2024,76.47,NORMAL,17.96,NORMAL,,INSUFFICIENT,81.12,NORMAL,29.17,NORMAL,,INSUFFICIENT,91.29,NORMAL,28.47,NORMAL,,INSUFFICIENT
747,IRFC,Mar 2013,5550,22,5528,100,2,4075,0,1454,64,522,222.0,21,2013,,INSUFFICIENT,,INSUFFICIENT,,INSUFFICIENT,,INSUFFICIENT,,INSUFFICIENT,,INSUFFICIENT,,INSUFFICIENT,,INSUFFICIENT,,INSUFFICIENT
748,IRFC,Mar 2014,6197,19,6178,100,1,4607,0,1572,55,701,209.0,6,2014,,INSUFFICIENT,,INSUFFICIENT,,INSUFFICIENT,,INSUFFICIENT,,INSUFFICIENT,,INSUFFICIENT,,INSUFFICIENT,,INSUFFICIENT,,INSUFFICIENT
749,IRFC,Mar 2015,6939,34,6905,100,1,4992,0,1914,60,758,212.0,20,2015,,INSUFFICIENT,,INSUFFICIENT,,INSUFFICIENT,,INSUFFICIENT,,INSUFFICIENT,,INSUFFICIENT,,INSUFFICIENT,,INSUFFICIENT,,INSUFFICIENT
750,IRFC,Mar 2016,7507,38,7468,99,1,5519,0,1950,56,849,188.0,40,2016,10.59,NORMAL,,INSUFFICIENT,,INSUFFICIENT,17.6,NORMAL,,INSUFFICIENT,,INSUFFICIENT,-5.39,NORMAL,,INSUFFICIENT,,INSUFFICIENT
751,IRFC,Mar 2017,9047,26,9021,100,0,6888,0,2133,56,934,143.0,40,2017,13.44,NORMAL,,INSUFFICIENT,,INSUFFICIENT,10.04,NORMAL,,INSUFFICIENT,,INSUFFICIENT,-11.88,NORMAL,,INSUFFICIENT,,INSUFFICIENT
752,IRFC,Mar 2018,9267,38,9229,100,1,6638,0,2592,21,2055,3.0,18,2018,10.12,NORMAL,10.8,NORMAL,,INSUFFICIENT,39.44,NORMAL,31.53,NORMAL,,INSUFFICIENT,-75.81,NORMAL,-57.72,NORMAL,,INSUFFICIENT
753,IRFC,Mar 2019,11134,48,11085,100,0,8183,0,2902,22,2255,2.0,18,2019,14.04,NORMAL,12.43,NORMAL,,INSUFFICIENT,38.49,NORMAL,26.32,NORMAL,,INSUFFICIENT,-78.01,NORMAL,-60.54,NORMAL,,INSUFFICIENT
754,IRFC,Mar 2020,13421,66,13355,100,0,10163,0,3192,0,3192,3.0,0,2020,14.05,NORMAL,14.1,NORMAL,,INSUFFICIENT,50.63,NORMAL,33.31,NORMAL,,INSUFFICIENT,-72.42,NORMAL,-57.33,NORMAL,,INSUFFICIENT
755,IRFC,Mar 2021,15771,113,15657,99,0,11237,4,4416,0,4416,3.0,31,2021,19.39,NORMAL,16.01,NORMAL,,INSUFFICIENT,29.04,NORMAL,39.07,NORMAL,,INSUFFICIENT,0.0,NORMAL,-56.29,NORMAL,,INSUFFICIENT
756,IRFC,Mar 2022,20299,123,20177,99,2,14075,14,6090,0,6090,5.0,30,2022,22.16,NORMAL,17.54,NORMAL,,INSUFFICIENT,39.26,NORMAL,45.5,NORMAL,,INSUFFICIENT,35.72,NORMAL,-48.86,NORMAL,,INSUFFICIENT
757,IRFC,Mar 2023,23722,134,23588,99,41,17447,14,6167,0,6167,5.0,32,2023,20.91,NORMAL,20.68,NORMAL,15.63,NORMAL,24.55,NORMAL,24.58,NORMAL,28.01,NORMAL,18.56,NORMAL,10.76,NORMAL,-31.57,NORMAL
758,IRFC,Mar 2024,26645,133,26513,100,10,20101,9,6412,0,6412,5.0,31,2024,19.1,NORMAL,19.07,NORMAL,15.7,NORMAL,13.24,NORMAL,23.25,NORMAL,24.77,NORMAL,18.56,NORMAL,20.11,NORMAL,-31.15,NORMAL
760,ITC,Mar 2013,31618,20398,11221,35,852,108,859,11106,31,7704,6.0,55,2013,,INSUFFICIENT,,INSUFFICIENT,,INSUFFICIENT,,INSUFFICIENT,,INSUFFICIENT,,INSUFFICIENT,,INSUFFICIENT,,INSUFFICIENT,,INSUFFICIENT
761,ITC,Mar 2014,35306,22227,13080,37,966,29,965,13052,31,9001,7.0,54,2014,,INSUFFICIENT,,INSUFFICIENT,,INSUFFICIENT,,INSUFFICIENT,,INSUFFICIENT,,INSUFFICIENT,,INSUFFICIENT,,INSUFFICIENT,,INSUFFICIENT
762,ITC,Mar 2015,38817,24566,14252,37,1229,91,1028,14362,32,9779,8.0,52,2015,,INSUFFICIENT,,INSUFFICIENT,,INSUFFICIENT,,INSUFFICIENT,,INSUFFICIENT,,INSUFFICIENT,,INSUFFICIENT,,INSUFFICIENT,,INSUFFICIENT
763,ITC,Mar 2016,39192,24661,14531,37,1483,78,1077,14859,36,9501,8.0,73,2016,7.42,NORMAL,,INSUFFICIENT,,INSUFFICIENT,7.24,NORMAL,,INSUFFICIENT,,INSUFFICIENT,10.06,NORMAL,,INSUFFICIENT,,INSUFFICIENT
764,ITC,Mar 2017,42768,27298,15470,36,1759,49,1153,16026,35,10477,8.0,56,2017,6.6,NORMAL,,INSUFFICIENT,,INSUFFICIENT,5.19,NORMAL,,INSUFFICIENT,,INSUFFICIENT,4.55,NORMAL,,INSUFFICIENT,,INSUFFICIENT
765,ITC,Mar 2018,43449,26928,16521,38,2240,115,1236,17409,34,11493,9.0,56,2018,3.83,NORMAL,6.56,NORMAL,,INSUFFICIENT,5.53,NORMAL,8.33,NORMAL,,INSUFFICIENT,4.0,NORMAL,8.45,NORMAL,,INSUFFICIENT
766,ITC,Mar 2019,48340,29802,18537,38,2080,71,1397,19150,33,12836,10.0,56,2019,7.24,NORMAL,6.49,NORMAL,,INSUFFICIENT,10.55,NORMAL,7.36,NORMAL,,INSUFFICIENT,7.72,NORMAL,7.39,NORMAL,,INSUFFICIENT
767,ITC,Mar 2020,49388,30044,19344,39,2417,81,1645,20035,22,15593,12.0,82,2020,4.91,NORMAL,4.93,NORMAL,,INSUFFICIENT,14.17,NORMAL,9.78,NORMAL,,INSUFFICIENT,14.47,NORMAL,8.45,NORMAL,,INSUFFICIENT
768,ITC,Mar 2021,49257,32193,17065,35,2577,58,1646,17938,25,13383,11.0,101,2021,4.27,NORMAL,4.68,NORMAL,,INSUFFICIENT,5.21,NORMAL,7.09,NORMAL,,INSUFFICIENT,6.92,NORMAL,6.58,NORMAL,,INSUFFICIENT
769,ITC,Mar 2022,60645,40021,20623,34,1910,60,1732,20740,25,15503,12.0,93,2022,7.85,NORMAL,7.23,NORMAL,,INSUFFICIENT,6.49,NORMAL,8.15,NORMAL,,INSUFFICIENT,6.27,NORMAL,8.45,NORMAL,,INSUFFICIENT
770,ITC,Mar 2023,70919,45215,25704,36,2098,78,1809,25915,25,19477,15.0,100,2023,12.82,NORMAL,10.3,NORMAL,8.41,NORMAL,7.7,NORMAL,11.13,NORMAL,9.72,NORMAL,7.72,NORMAL,10.76,NORMAL,9.6,NORMAL
771,ITC,Mar 2024,70866,44634,26233,37,2804,80,1816,27140,24,20751,16.0,84,2024,12.89,NORMAL,7.95,NORMAL,7.22,NORMAL,15.74,NORMAL,10.08,NORMAL,8.71,NORMAL,13.3,NORMAL,9.86,NORMAL,8.62,NORMAL
773,JINDALSTEL,Mar 2013,19807,13701,6106,31,333,1067,1539,3833,24,2952,31.0,5,2013,,INSUFFICIENT,,INSUFFICIENT,,INSUFFICIENT,,INSUFFICIENT,,INSUFFICIENT,,INSUFFICIENT,,INSUFFICIENT,,INSUFFICIENT,,INSUFFICIENT
774,JINDALSTEL,Mar 2014,19286,13487,5799,30,349,1807,1829,2512,25,1896,21.0,7,2014,,INSUFFICIENT,,INSUFFICIENT,,INSUFFICIENT,,INSUFFICIENT,,INSUFFICIENT,,INSUFFICIENT,,INSUFFICIENT,,INSUFFICIENT,,INSUFFICIENT
775,JINDALSTEL,Mar 2015,19401,13937,5464,28,-1399,2875,2733,-1543,-6,-1452,-14.0,0,2015,,INSUFFICIENT,,INSUFFICIENT,,INSUFFICIENT,,INSUFFICIENT,,INSUFFICIENT,,INSUFFICIENT,,INSUFFICIENT,,INSUFFICIENT,,INSUFFICIENT
776,JINDALSTEL,Mar 2016,19469,16032,3437,18,-79,3254,4068,-3964,-22,-3087,-32.0,0,2016,-0.57,NORMAL,,INSUFFICIENT,,INSUFFICIENT,,DECLINE_TO_LOSS,,INSUFFICIENT,,INSUFFICIENT,,DECLINE_TO_LOSS,,INSUFFICIENT,,INSUFFICIENT
777,JINDALSTEL,Mar 2017,21603,16894,4709,22,-362,3441,3949,-3043,-17,-2538,-25.0,0,2017,3.85,NORMAL,,INSUFFICIENT,,INSUFFICIENT,,DECLINE_TO_LOSS,,INSUFFICIENT,,INSUFFICIENT,,DECLINE_TO_LOSS,,INSUFFICIENT,,INSUFFICIENT
778,JINDALSTEL,Mar 2018,33286,26817,6469,19,-584,3866,3883,-1864,-13,-1616,-15.0,0,2018,19.71,NORMAL,10.94,NORMAL,,INSUFFICIENT,,BOTH_NEGATIVE,,DECLINE_TO_LOSS,,INSUFFICIENT,,BOTH_NEGATIVE,,DECLINE_TO_LOSS,,INSUFFICIENT
779,JINDALSTEL,Mar 2019,46966,38553,8412,18,-1470,4264,5480,-2802,-14,-2412,-17.0,0,2019,34.12,NORMAL,19.48,NORMAL,,INSUFFICIENT,,BOTH_NEGATIVE,,DECLINE_TO_LOSS,,INSUFFICIENT,,BOTH_NEGATIVE,,DECLINE_TO_LOSS,,INSUFFICIENT
780,JINDALSTEL,Mar 2020,37923,31092,6831,18,74,3768,3429,-291,37,-400,-1.0,0,2020,20.63,NORMAL,14.34,NORMAL,,INSUFFICIENT,,BOTH_NEGATIVE,,BOTH_NEGATIVE,,INSUFFICIENT,,BOTH_NEGATIVE,,BOTH_NEGATIVE,,INSUFFICIENT
781,JINDALSTEL,Mar 2021,34579,23646,10933,32,313,2753,2414,6078,30,4267,36.0,0,2021,1.28,NORMAL,12.17,NORMAL,,INSUFFICIENT,,TURNAROUND,,TURNAROUND,,INSUFFICIENT,,TURNAROUND,,TURNAROUND,,INSUFFICIENT
782,JINDALSTEL,Mar 2022,51166,35650,15515,30,-1840,1888,2097,9690,30,6766,56.0,5,2022,2.9,NORMAL,18.82,NORMAL,,INSUFFICIENT,,TURNAROUND,,TURNAROUND,,INSUFFICIENT,,TURNAROUND,,TURNAROUND,,INSUFFICIENT
783,JINDALSTEL,Mar 2023,53212,43270,9942,19,-539,1446,2691,5266,25,3974,31.0,6,2023,11.95,NORMAL,9.84,NORMAL,10.39,NORMAL,,TURNAROUND,,TURNAROUND,3.02,NORMAL,,TURNAROUND,,TURNAROUND,0.0,NORMAL
784,JINDALSTEL,Mar 2024,50354,40153,10202,20,156,1294,2822,6241,5,5943,58.0,3,2024,13.35,NORMAL,1.4,NORMAL,10.07,NORMAL,11.68,NORMAL,,TURNAROUND,12.1,NORMAL,17.23,NORMAL,,TURNAROUND,10.69,NORMAL
786,JIOFIN,Mar 2023,45,6,39,88,10,0,0,49,37,31,,0,2023,,INSUFFICIENT,,INSUFFICIENT,,INSUFFICIENT,,INSUFFICIENT,,INSUFFICIENT,,INSUFFICIENT,,INSUFFICIENT,,INSUFFICIENT,,INSUFFICIENT
787,JIOFIN,Mar 2024,1855,296,1559,84,429,10,22,1956,18,1605,3.0,0,2024,,INSUFFICIENT,,INSUFFICIENT,,INSUFFICIENT,,INSUFFICIENT,,INSUFFICIENT,,INSUFFICIENT,,INSUFFICIENT,,INSUFFICIENT,,INSUFFICIENT
789,JSWENERGY,Mar 2013,8870,6069,2801,32,9,963,662,1186,23,901,6.0,36,2013,,INSUFFICIENT,,INSUFFICIENT,,INSUFFICIENT,,INSUFFICIENT,,INSUFFICIENT,,INSUFFICIENT,,INSUFFICIENT,,INSUFFICIENT,,INSUFFICIENT
790,JSWENERGY,Mar 2014,8648,5394,3255,38,-179,1206,810,1060,27,760,5.0,43,2014,,INSUFFICIENT,,INSUFFICIENT,,INSUFFICIENT,,INSUFFICIENT,,INSUFFICIENT,,INSUFFICIENT,,INSUFFICIENT,,INSUFFICIENT,,INSUFFICIENT
791,JSWENERGY,Mar 2015,9347,5723,3624,39,196,1137,790,1892,27,1358,8.0,24,2015,,INSUFFICIENT,,INSUFFICIENT,,INSUFFICIENT,,INSUFFICIENT,,INSUFFICIENT,,INSUFFICIENT,,INSUFFICIENT,,INSUFFICIENT,,INSUFFICIENT
792,JSWENERGY,Mar 2016,9824,5796,4029,41,340,1498,854,2017,28,1460,9.0,22,2016,3.46,NORMAL,,INSUFFICIENT,,INSUFFICIENT,17.46,NORMAL,,INSUFFICIENT,,INSUFFICIENT,14.47,NORMAL,,INSUFFICIENT,,INSUFFICIENT
793,JSWENERGY,Mar 2017,8263,4939,3324,40,221,1685,969,892,30,623,4.0,13,2017,-1.51,NORMAL,,INSUFFICIENT,,INSUFFICIENT,-6.41,NORMAL,,INSUFFICIENT,,INSUFFICIENT,-7.17,NORMAL,,INSUFFICIENT,,INSUFFICIENT
794,JSWENERGY,Mar 2018,8049,5336,2713,34,47,1456,966,338,75,85,0.0,0,2018,-4.86,NORMAL,-1.92,NORMAL,,INSUFFICIENT,-60.3,NORMAL,-37.64,NORMAL,,INSUFFICIENT,-100.0,NORMAL,-100.0,NORMAL,,INSUFFICIENT
795,JSWENERGY,Mar 2019,9138,6283,2855,31,398,1192,1164,897,24,684,4.0,24,2019,-2.38,NORMAL,1.11,NORMAL,,INSUFFICIENT,-22.33,NORMAL,-2.09,NORMAL,,INSUFFICIENT,-23.69,NORMAL,-4.36,NORMAL,,INSUFFICIENT
796,JSWENERGY,Mar 2020,8273,5316,2957,36,376,1051,1738,544,6,1081,7.0,15,2020,0.04,NORMAL,-2.41,NORMAL,,INSUFFICIENT,20.17,NORMAL,-4.46,NORMAL,,INSUFFICIENT,20.51,NORMAL,-2.64,NORMAL,,INSUFFICIENT
797,JSWENERGY,Mar 2021,6922,4009,2913,42,248,896,1167,1099,25,823,5.0,41,2021,-4.9,NORMAL,-6.76,NORMAL,,INSUFFICIENT,113.14,NORMAL,-10.83,NORMAL,,INSUFFICIENT,,ZERO_BASE,-11.09,NORMAL,,INSUFFICIENT
798,JSWENERGY,Mar 2022,8167,4596,3572,44,575,777,1131,2238,22,1743,11.0,19,2022,-3.68,NORMAL,-0.23,NORMAL,,INSUFFICIENT,36.59,NORMAL,22.85,NORMAL,,INSUFFICIENT,40.1,NORMAL,22.42,NORMAL,,INSUFFICIENT
799,JSWENERGY,Mar 2023,10332,7050,3282,32,674,844,1169,1943,24,1480,9.0,22,2023,7.69,NORMAL,5.12,NORMAL,1.54,NORMAL,11.04,NORMAL,77.08,NORMAL,5.09,NORMAL,8.74,NORMAL,,ZERO_BASE,4.14,NORMAL
800,JSWENERGY,Mar 2024,11486,6104,5382,47,472,2053,1633,2167,20,1725,10.0,19,2024,18.39,NORMAL,4.68,NORMAL,2.88,NORMAL,27.98,NORMAL,20.32,NORMAL,8.54,NORMAL,25.99,NORMAL,20.11,NORMAL,7.18,NORMAL
802,JSWSTEEL,Mar 2013,38210,31698,6512,17,-307,1967,2237,1999,42,929,4.0,30,2013,,INSUFFICIENT,,INSUFFICIENT,,INSUFFICIENT,,INSUFFICIENT,,INSUFFICIENT,,INSUFFICIENT,,INSUFFICIENT,,INSUFFICIENT,,INSUFFICIENT
803,JSWSTEEL,Mar 2014,51220,42051,9169,18,-1630,3048,3183,1308,70,402,2.0,74,2014,,INSUFFICIENT,,INSUFFICIENT,,INSUFFICIENT,,INSUFFICIENT,,INSUFFICIENT,,INSUFFICIENT,,INSUFFICIENT,,INSUFFICIENT,,INSUFFICIENT
804,JSWSTEEL,Mar 2015,52972,43608,9364,18,103,3493,3434,2539,32,1722,7.0,19,2015,,INSUFFICIENT,,INSUFFICIENT,,INSUFFICIENT,,INSUFFICIENT,,INSUFFICIENT,,INSUFFICIENT,,INSUFFICIENT,,INSUFFICIENT,,INSUFFICIENT
805,JSWSTEEL,Mar 2016,41546,35124,6422,15,-1966,3601,3323,-2468,-80,-481,-1.0,-67,2016,2.83,NORMAL,,INSUFFICIENT,,INSUFFICIENT,,DECLINE_TO_LOSS,,INSUFFICIENT,,INSUFFICIENT,,DECLINE_TO_LOSS,,INSUFFICIENT,,INSUFFICIENT
806,JSWSTEEL,Mar 2017,55604,43296,12308,22,18,3768,3430,5128,33,3467,15.0,19,2017,2.78,NORMAL,,INSUFFICIENT,,INSUFFICIENT,105.07,NORMAL,,INSUFFICIENT,,INSUFFICIENT,95.74,NORMAL,,INSUFFICIENT,,INSUFFICIENT
807,JSWSTEEL,Mar 2018,71933,57017,14916,21,-177,3701,3387,7651,20,6113,26.0,16,2018,10.74,NORMAL,13.49,NORMAL,,INSUFFICIENT,52.55,NORMAL,45.76,NORMAL,,INSUFFICIENT,54.87,NORMAL,45.41,NORMAL,,INSUFFICIENT
808,JSWSTEEL,Mar 2019,84757,65827,18930,22,196,3917,4041,11168,33,7524,32.0,16,2019,26.83,NORMAL,10.6,NORMAL,,INSUFFICIENT,,TURNAROUND,79.66,NORMAL,,INSUFFICIENT,,TURNAROUND,74.11,NORMAL,,INSUFFICIENT
809,JSWSTEEL,Mar 2020,73326,61513,11813,16,-289,4265,4246,3013,-30,3919,17.0,15,2020,9.66,NORMAL,6.72,NORMAL,,INSUFFICIENT,4.17,NORMAL,17.88,NORMAL,,INSUFFICIENT,4.26,NORMAL,19.42,NORMAL,,INSUFFICIENT
810,JSWSTEEL,Mar 2021,79839,59661,20178,25,473,3957,4679,12015,34,7873,33.0,25,2021,3.54,NORMAL,13.96,NORMAL,,INSUFFICIENT,8.8,NORMAL,,TURNAROUND,,INSUFFICIENT,8.27,NORMAL,,TURNAROUND,,INSUFFICIENT
811,JSWSTEEL,Mar 2022,146371,107257,39114,27,1600,4968,6001,29745,30,20938,85.0,25,2022,19.98,NORMAL,21.36,NORMAL,,INSUFFICIENT,40.66,NORMAL,43.28,NORMAL,,INSUFFICIENT,38.49,NORMAL,41.47,NORMAL,,INSUFFICIENT
812,JSWSTEEL,Mar 2023,165960,147490,18470,11,1561,6902,7474,5655,27,4139,17.0,25,2023,31.3,NORMAL,18.2,NORMAL,15.82,NORMAL,1.84,NORMAL,-7.5,NORMAL,16.11,NORMAL,0.0,NORMAL,-8.15,NORMAL,15.57,NORMAL
813,JSWSTEEL,Mar 2024,175006,146849,28157,16,1500,8105,8172,13380,33,8973,36.0,25,2024,29.9,NORMAL,15.6,NORMAL,13.07,NORMAL,4.46,NORMAL,3.59,NORMAL,36.42,NORMAL,2.94,NORMAL,2.38,NORMAL,33.51,NORMAL
815,KOTAKBANK,Mar 2013,10838,6024,6603,-1789,-17,5112,179,3144,30,2238,15.0,2,2013,,INSUFFICIENT,,INSUFFICIENT,,INSUFFICIENT,,INSUFFICIENT,,INSUFFICIENT,,INSUFFICIENT,,INSUFFICIENT,,INSUFFICIENT,,INSUFFICIENT
816,KOTAKBANK,Mar 2014,11986,6312,7053,-1379,-12,5282,208,3695,32,2527,16.0,2,2014,,INSUFFICIENT,,INSUFFICIENT,,INSUFFICIENT,,INSUFFICIENT,,INSUFFICIENT,,INSUFFICIENT,,INSUFFICIENT,,INSUFFICIENT,,INSUFFICIENT
817,KOTAKBANK,Mar 2015,13319,6966,9718,-3366,-25,8152,237,4550,33,3105,20.0,2,2015,,INSUFFICIENT,,INSUFFICIENT,,INSUFFICIENT,,INSUFFICIENT,,INSUFFICIENT,,INSUFFICIENT,,INSUFFICIENT,,INSUFFICIENT,,INSUFFICIENT
818,KOTAKBANK,Mar 2016,20402,11123,11541,-2263,-11,7631,345,5024,32,3524,19.0,3,2016,23.47,NORMAL,,INSUFFICIENT,,INSUFFICIENT,16.34,NORMAL,,INSUFFICIENT,,INSUFFICIENT,8.2,NORMAL,,INSUFFICIENT,,INSUFFICIENT
819,KOTAKBANK,Mar 2017,22324,11458,14832,-3965,-18,11660,362,7332,32,5019,27.0,2,2017,23.04,NORMAL,,INSUFFICIENT,,INSUFFICIENT,25.7,NORMAL,,INSUFFICIENT,,INSUFFICIENT,19.06,NORMAL,,INSUFFICIENT,,INSUFFICIENT
820,KOTAKBANK,Mar 2018,25131,12467,16805,-4141,-16,13682,383,9158,33,6258,33.0,2,2018,23.57,NORMAL,18.32,NORMAL,,INSUFFICIENT,26.32,NORMAL,22.83,NORMAL,,INSUFFICIENT,18.17,NORMAL,17.08,NORMAL,,INSUFFICIENT
821,KOTAKBANK,Mar 2019,29831,15187,19758,-5114,-17,16148,458,10576,33,7204,38.0,2,2019,13.5,NORMAL,20.0,NORMAL,,INSUFFICIENT,26.91,NORMAL,23.31,NORMAL,,INSUFFICIENT,25.99,NORMAL,18.89,NORMAL,,INSUFFICIENT
822,KOTAKBANK,Mar 2020,33474,15901,22578,-5005,-15,16892,465,11422,25,8593,45.0,0,2020,14.46,NORMAL,20.24,NORMAL,,INSUFFICIENT,19.63,NORMAL,22.58,NORMAL,,INSUFFICIENT,18.56,NORMAL,17.61,NORMAL,,INSUFFICIENT
823,KOTAKBANK,Mar 2021,32820,12967,29812,-9958,-30,23588,461,13168,25,9990,50.0,2,2021,9.31,NORMAL,9.97,NORMAL,,INSUFFICIENT,16.87,NORMAL,23.17,NORMAL,,INSUFFICIENT,14.86,NORMAL,21.35,NORMAL,,INSUFFICIENT
824,KOTAKBANK,Mar 2022,33741,11554,30699,-8512,-25,24941,480,15948,25,12089,61.0,2,2022,4.19,NORMAL,8.61,NORMAL,,INSUFFICIENT,18.83,NORMAL,19.22,NORMAL,,INSUFFICIENT,17.09,NORMAL,17.7,NORMAL,,INSUFFICIENT
825,KOTAKBANK,Mar 2023,42151,14411,33485,-5746,-14,25991,599,19646,25,14925,75.0,2,2023,7.99,NORMAL,10.9,NORMAL,14.55,NORMAL,20.21,NORMAL,18.99,NORMAL,20.89,NORMAL,18.56,NORMAL,17.84,NORMAL,17.46,NORMAL
826,KOTAKBANK,Mar 2024,56237,22567,47052,-13382,-24,38037,792,23863,25,18213,92.0,2,2024,19.66,NORMAL,13.52,NORMAL,16.72,NORMAL,22.16,NORMAL,20.38,NORMAL,21.84,NORMAL,22.54,NORMAL,19.34,NORMAL,19.12,NORMAL
828,LICI,Mar 2019,571508,565587,5920,1,2615,0,336,8199,68,2627,,2,2019,,INSUFFICIENT,,INSUFFICIENT,,INSUFFICIENT,,INSUFFICIENT,,INSUFFICIENT,,INSUFFICIENT,,INSUFFICIENT,,INSUFFICIENT,,INSUFFICIENT
829,LICI,Mar 2020,628043,634989,-6947,-1,20870,0,379,13544,80,2710,,2,2020,,INSUFFICIENT,,INSUFFICIENT,,INSUFFICIENT,,INSUFFICIENT,,INSUFFICIENT,,INSUFFICIENT,,INSUFFICIENT,,INSUFFICIENT,,INSUFFICIENT
830,LICI,Mar 2021,690914,691166,-252,0,12820,0,417,12151,76,2974,7.0,0,2021,,INSUFFICIENT,,INSUFFICIENT,,INSUFFICIENT,,INSUFFICIENT,,INSUFFICIENT,,INSUFFICIENT,,INSUFFICIENT,,INSUFFICIENT,,INSUFFICIENT
831,LICI,Mar 2022,723606,720280,3326,0,9248,0,436,12138,66,4125,57.0,23,2022,8.18,NORMAL,,INSUFFICIENT,,INSUFFICIENT,16.23,NORMAL,,INSUFFICIENT,,INSUFFICIENT,,INSUFFICIENT,,INSUFFICIENT,,INSUFFICIENT
832,LICI,Mar 2023,784628,750420,34207,4,7800,77,466,41463,13,35997,65.0,5,2023,7.7,NORMAL,,INSUFFICIENT,,INSUFFICIENT,136.83,NORMAL,,INSUFFICIENT,,INSUFFICIENT,,INSUFFICIENT,,INSUFFICIENT,,INSUFFICIENT
833,LICI,Mar 2024,845966,813188,32779,4,14829,128,466,47014,13,40916,66.0,15,2024,6.98,NORMAL,8.16,NORMAL,,INSUFFICIENT,139.62,NORMAL,73.18,NORMAL,,INSUFFICIENT,111.26,NORMAL,,INSUFFICIENT,,INSUFFICIENT
835,LODHA,Mar 2011,2173,1663,510,23,145,283,17,355,26,264,6.0,0,2011,,INSUFFICIENT,,INSUFFICIENT,,INSUFFICIENT,,INSUFFICIENT,,INSUFFICIENT,,INSUFFICIENT,,INSUFFICIENT,,INSUFFICIENT,,INSUFFICIENT
836,LODHA,Mar 2012,2954,2229,724,25,124,254,37,556,32,381,9.0,0,2012,,INSUFFICIENT,,INSUFFICIENT,,INSUFFICIENT,,INSUFFICIENT,,INSUFFICIENT,,INSUFFICIENT,,INSUFFICIENT,,INSUFFICIENT,,INSUFFICIENT
837,LODHA,Mar 2015,6236,4769,1467,24,423,492,128,1269,37,798,18.0,0,2015,28.28,NORMAL,,INSUFFICIENT,,INSUFFICIENT,27.95,NORMAL,,INSUFFICIENT,,INSUFFICIENT,25.99,NORMAL,,INSUFFICIENT,,INSUFFICIENT
838,LODHA,Mar 2016,8249,6123,2126,26,510,988,450,1198,41,703,16.0,0,2016,,INSUFFICIENT,30.58,NORMAL,,INSUFFICIENT,,INSUFFICIENT,21.64,NORMAL,,INSUFFICIENT,,INSUFFICIENT,21.67,NORMAL,,INSUFFICIENT
839,LODHA,Mar 2017,7926,6313,1614,20,584,736,460,1001,42,584,13.0,0,2017,,INSUFFICIENT,21.82,NORMAL,,INSUFFICIENT,,INSUFFICIENT,8.92,NORMAL,,INSUFFICIENT,,INSUFFICIENT,7.63,NORMAL,,INSUFFICIENT
840,LODHA,Mar 2018,9677,7995,1682,17,285,390,395,1182,33,794,10.0,0,2018,15.77,NORMAL,,INSUFFICIENT,,INSUFFICIENT,-0.17,NORMAL,,INSUFFICIENT,,INSUFFICIENT,-17.79,NORMAL,,INSUFFICIENT,,INSUFFICIENT
841,LODHA,Mar 2019,11907,8728,3179,27,72,568,194,2489,34,1644,21.0,0,2019,13.01,NORMAL,,INSUFFICIENT,,INSUFFICIENT,32.73,NORMAL,,INSUFFICIENT,,INSUFFICIENT,9.49,NORMAL,,INSUFFICIENT,,INSUFFICIENT
842,LODHA,Mar 2020,12443,10526,1917,15,119,740,292,1003,26,742,9.0,0,2020,16.22,NORMAL,14.82,NORMAL,,INSUFFICIENT,8.31,NORMAL,-1.44,NORMAL,,INSUFFICIENT,-11.54,NORMAL,-12.94,NORMAL,,INSUFFICIENT
843,LODHA,Mar 2021,5449,4066,1383,25,-140,1136,73,33,-44,48,1.0,0,2021,-17.42,NORMAL,-7.96,NORMAL,9.63,NORMAL,-60.75,NORMAL,-41.54,NORMAL,-15.67,NORMAL,-53.58,NORMAL,-42.57,NORMAL,-16.4,NORMAL
844,LODHA,Mar 2022,9233,7047,2186,24,293,688,75,1716,30,1208,12.0,20,2022,-8.13,NORMAL,3.1,NORMAL,12.07,NORMAL,-9.76,NORMAL,15.65,NORMAL,12.23,NORMAL,-17.02,NORMAL,-1.59,NORMAL,2.92,NORMAL
845,LODHA,Mar 2023,9470,7406,2064,22,-1037,482,93,452,-8,490,5.0,14,2023,-8.7,NORMAL,-0.43,NORMAL,,INSUFFICIENT,-12.92,NORMAL,-9.2,NORMAL,,INSUFFICIENT,-17.79,NORMAL,-12.94,NORMAL,,INSUFFICIENT
846,LODHA,Mar 2024,10316,7651,2665,26,48,482,204,2028,23,1554,16.0,,2024,23.71,NORMAL,-2.83,NORMAL,,INSUFFICIENT,218.72,NORMAL,-1.12,NORMAL,,INSUFFICIENT,151.98,NORMAL,-5.29,NORMAL,,INSUFFICIENT
848,LT,Mar 2013,74426,63032,11394,15,2523,4642,1637,7638,31,5291,38.0,22,2013,,INSUFFICIENT,,INSUFFICIENT,,INSUFFICIENT,,INSUFFICIENT,,INSUFFICIENT,,INSUFFICIENT,,INSUFFICIENT,,INSUFFICIENT,,INSUFFICIENT
849,LT,Mar 2014,85054,70968,14086,17,1337,6494,1446,7483,35,4885,35.0,27,2014,,INSUFFICIENT,,INSUFFICIENT,,INSUFFICIENT,,INSUFFICIENT,,INSUFFICIENT,,INSUFFICIENT,,INSUFFICIENT,,INSUFFICIENT,,INSUFFICIENT
850,LT,Mar 2015,91929,76245,15684,17,1422,7266,2623,7217,31,4966,34.0,32,2015,,INSUFFICIENT,,INSUFFICIENT,,INSUFFICIENT,,INSUFFICIENT,,INSUFFICIENT,,INSUFFICIENT,,INSUFFICIENT,,INSUFFICIENT,,INSUFFICIENT
851,LT,Mar 2016,101122,85637,15486,15,1219,6899,1787,8020,30,4592,31.0,40,2016,10.76,NORMAL,,INSUFFICIENT,,INSUFFICIENT,-4.61,NORMAL,,INSUFFICIENT,,INSUFFICIENT,-6.56,NORMAL,,INSUFFICIENT,,INSUFFICIENT
852,LT,Mar 2017,109312,92691,16620,15,1466,6829,2370,8887,23,6486,43.0,22,2017,8.72,NORMAL,,INSUFFICIENT,,INSUFFICIENT,9.91,NORMAL,,INSUFFICIENT,,INSUFFICIENT,7.1,NORMAL,,INSUFFICIENT,,INSUFFICIENT
853,LT,Mar 2018,119683,99572,20111,17,1465,7714,2223,11639,27,8004,53.0,30,2018,9.19,NORMAL,9.97,NORMAL,,INSUFFICIENT,17.25,NORMAL,8.63,NORMAL,,INSUFFICIENT,15.95,NORMAL,6.88,NORMAL,,INSUFFICIENT
854,LT,Mar 2019,135220,112354,22866,17,2701,9339,1923,14305,28,10217,63.0,28,2019,10.17,NORMAL,9.72,NORMAL,,INSUFFICIENT,30.55,NORMAL,15.9,NORMAL,,INSUFFICIENT,26.67,NORMAL,12.47,NORMAL,,INSUFFICIENT
855,LT,Mar 2020,145452,120899,24553,17,3015,11021,2462,14086,23,10894,68.0,26,2020,9.99,NORMAL,9.61,NORMAL,,INSUFFICIENT,18.87,NORMAL,17.01,NORMAL,,INSUFFICIENT,16.51,NORMAL,14.87,NORMAL,,INSUFFICIENT
856,LT,Mar 2021,135979,112519,23460,17,8111,11750,2904,16918,24,12921,82.0,44,2021,4.35,NORMAL,6.1,NORMAL,,INSUFFICIENT,17.31,NORMAL,22.99,NORMAL,,INSUFFICIENT,15.66,NORMAL,21.48,NORMAL,,INSUFFICIENT
857,LT,Mar 2022,156521,132207,24314,16,2364,9235,2948,14495,29,10419,62.0,36,2022,5.0,NORMAL,7.44,NORMAL,,INSUFFICIENT,0.65,NORMAL,9.94,NORMAL,,INSUFFICIENT,-0.53,NORMAL,7.59,NORMAL,,INSUFFICIENT
858,LT,Mar 2023,183341,156175,27166,15,2891,9445,3502,17109,26,12531,75.0,32,2023,8.02,NORMAL,8.9,NORMAL,9.43,NORMAL,4.78,NORMAL,9.38,NORMAL,9.0,NORMAL,3.32,NORMAL,7.19,NORMAL,7.04,NORMAL
859,LT,Mar 2024,221113,191248,29865,14,3847,9512,3682,20517,24,15547,95.0,36,2024,17.59,NORMAL,10.34,NORMAL,10.03,NORMAL,6.36,NORMAL,8.76,NORMAL,12.27,NORMAL,5.03,NORMAL,8.56,NORMAL,10.5,NORMAL
861,LTIM,Mar 2013,3851,2981,870,23,22,21,123,749,25,562,174.0,54,2013,,INSUFFICIENT,,INSUFFICIENT,,INSUFFICIENT,,INSUFFICIENT,,INSUFFICIENT,,INSUFFICIENT,,INSUFFICIENT,,INSUFFICIENT,,INSUFFICIENT
862,LTIM,Mar 2014,4920,3773,1147,23,217,31,130,1204,17,996,309.0,55,2014,,INSUFFICIENT,,INSUFFICIENT,,INSUFFICIENT,,INSUFFICIENT,,INSUFFICIENT,,INSUFFICIENT,,INSUFFICIENT,,INSUFFICIENT,,INSUFFICIENT
863,LTIM,Mar 2015,4978,3973,1005,20,99,10,158,936,18,769,238.0,63,2015,,INSUFFICIENT,,INSUFFICIENT,,INSUFFICIENT,,INSUFFICIENT,,INSUFFICIENT,,INSUFFICIENT,,INSUFFICIENT,,INSUFFICIENT,,INSUFFICIENT
864,LTIM,Mar 2016,5846,4819,1028,18,187,6,174,1035,19,836,49.0,72,2016,14.93,NORMAL,,INSUFFICIENT,,INSUFFICIENT,14.15,NORMAL,,INSUFFICIENT,,INSUFFICIENT,-34.45,NORMAL,,INSUFFICIENT,,INSUFFICIENT
865,LTIM,Mar 2017,6501,5271,1230,19,187,3,178,1236,21,971,57.0,29,2017,9.73,NORMAL,,INSUFFICIENT,,INSUFFICIENT,-0.84,NORMAL,,INSUFFICIENT,,INSUFFICIENT,-43.07,NORMAL,,INSUFFICIENT,,INSUFFICIENT
866,LTIM,Mar 2018,7306,6119,1187,16,426,16,156,1442,23,1112,65.0,33,2018,13.64,NORMAL,13.66,NORMAL,,INSUFFICIENT,13.08,NORMAL,14.62,NORMAL,,INSUFFICIENT,-35.12,NORMAL,-17.88,NORMAL,,INSUFFICIENT
867,LTIM,Mar 2019,9446,7562,1883,20,302,11,147,2028,25,1516,87.0,32,2019,17.34,NORMAL,13.93,NORMAL,,INSUFFICIENT,21.95,NORMAL,8.76,NORMAL,,INSUFFICIENT,21.09,NORMAL,-22.39,NORMAL,,INSUFFICIENT
868,LTIM,Mar 2020,10879,8849,2029,19,329,83,273,2003,24,1520,87.0,32,2020,18.72,NORMAL,16.92,NORMAL,,INSUFFICIENT,16.11,NORMAL,14.6,NORMAL,,INSUFFICIENT,15.14,NORMAL,-18.23,NORMAL,,INSUFFICIENT
869,LTIM,Mar 2021,12370,9645,2725,22,274,79,332,2588,25,1938,111.0,36,2021,19.19,NORMAL,16.17,NORMAL,,INSUFFICIENT,20.34,NORMAL,18.31,NORMAL,,INSUFFICIENT,19.53,NORMAL,17.77,NORMAL,,INSUFFICIENT
870,LTIM,Mar 2022,26109,20860,5249,20,766,123,597,5294,25,3950,225.0,41,2022,40.34,NORMAL,32.06,NORMAL,,INSUFFICIENT,37.6,NORMAL,32.4,NORMAL,,INSUFFICIENT,37.26,NORMAL,31.6,NORMAL,,INSUFFICIENT
871,LTIM,Mar 2023,33183,27075,6108,18,557,150,723,5792,24,4410,149.0,40,2023,45.02,NORMAL,35.35,NORMAL,24.03,NORMAL,42.63,NORMAL,31.72,NORMAL,22.88,NORMAL,19.64,NORMAL,18.05,NORMAL,-1.54,NORMAL
872,LTIM,Mar 2024,35517,29130,6387,18,702,222,819,6049,24,4585,155.0,42,2024,42.13,NORMAL,30.33,NORMAL,21.86,NORMAL,33.25,NORMAL,24.78,NORMAL,16.5,NORMAL,11.77,NORMAL,12.24,NORMAL,-6.67,NORMAL
874,M&M,Mar 2013,68693,59578,9116,13,841,2297,2080,5580,35,4129,33.0,19,2013,,INSUFFICIENT,,INSUFFICIENT,,INSUFFICIENT,,INSUFFICIENT,,INSUFFICIENT,,INSUFFICIENT,,INSUFFICIENT,,INSUFFICIENT,,INSUFFICIENT
875,M&M,Mar 2014,74001,63830,10170,14,773,2954,2170,5820,26,5154,38.0,18,2014,,INSUFFICIENT,,INSUFFICIENT,,INSUFFICIENT,,INSUFFICIENT,,INSUFFICIENT,,INSUFFICIENT,,INSUFFICIENT,,INSUFFICIENT,,INSUFFICIENT
876,M&M,Mar 2015,71448,62655,8793,12,800,3157,2124,4313,40,3381,25.0,23,2015,,INSUFFICIENT,,INSUFFICIENT,,INSUFFICIENT,,INSUFFICIENT,,INSUFFICIENT,,INSUFFICIENT,,INSUFFICIENT,,INSUFFICIENT,,INSUFFICIENT
877,M&M,Mar 2016,75841,65759,10082,13,1399,3368,2442,5672,37,3554,25.0,21,2016,3.35,NORMAL,,INSUFFICIENT,,INSUFFICIENT,-4.88,NORMAL,,INSUFFICIENT,,INSUFFICIENT,-8.84,NORMAL,,INSUFFICIENT,,INSUFFICIENT
878,M&M,Mar 2017,83773,73038,10735,13,2077,3647,2813,6350,36,4051,30.0,22,2017,4.22,NORMAL,,INSUFFICIENT,,INSUFFICIENT,-7.71,NORMAL,,INSUFFICIENT,,INSUFFICIENT,-7.58,NORMAL,,INSUFFICIENT,,INSUFFICIENT
879,M&M,Mar 2018,92094,78868,13226,14,4366,3987,3280,10326,23,7958,60.0,11,2018,8.83,NORMAL,6.04,NORMAL,,INSUFFICIENT,33.02,NORMAL,14.02,NORMAL,,INSUFFICIENT,33.89,NORMAL,12.7,NORMAL,,INSUFFICIENT
880,M&M,Mar 2019,104721,89514,15207,15,2676,5021,3991,8871,32,6017,43.0,17,2019,11.36,NORMAL,7.19,NORMAL,,INSUFFICIENT,19.18,NORMAL,3.14,NORMAL,,INSUFFICIENT,19.81,NORMAL,2.5,NORMAL,,INSUFFICIENT
881,M&M,Mar 2020,75382,65224,10158,13,885,6021,3367,1655,99,-321,1.0,205,2020,-3.46,NORMAL,1.08,NORMAL,,INSUFFICIENT,,DECLINE_TO_LOSS,,DECLINE_TO_LOSS,,INSUFFICIENT,-67.82,NORMAL,-47.47,NORMAL,,INSUFFICIENT
882,M&M,Mar 2021,74278,62791,11487,15,1152,6102,3378,3158,52,1512,15.0,54,2021,-6.92,NORMAL,-0.42,NORMAL,,INSUFFICIENT,-42.51,NORMAL,-15.71,NORMAL,,INSUFFICIENT,-37.0,NORMAL,-9.71,NORMAL,,INSUFFICIENT
883,M&M,Mar 2022,90171,75488,14683,16,3204,5018,3508,9362,23,7253,53.0,20,2022,-4.86,NORMAL,1.48,NORMAL,,INSUFFICIENT,6.43,NORMAL,12.35,NORMAL,,INSUFFICIENT,7.22,NORMAL,12.05,NORMAL,,INSUFFICIENT
884,M&M,Mar 2023,121269,100983,20285,17,3961,5830,4357,14060,19,11374,83.0,18,2023,17.17,NORMAL,5.66,NORMAL,5.85,NORMAL,,TURNAROUND,7.4,NORMAL,10.66,NORMAL,336.21,NORMAL,6.71,NORMAL,9.66,NORMAL
885,M&M,Mar 2024,139078,114186,24892,18,3298,7488,4724,15978,23,12270,91.0,21,2024,23.25,NORMAL,5.84,NORMAL,6.51,NORMAL,100.95,NORMAL,15.32,NORMAL,9.06,NORMAL,82.38,NORMAL,16.18,NORMAL,9.13,NORMAL
887,MARUTI,Mar 2013,44304,39944,4361,10,797,198,1890,3070,20,2470,82.0,10,2013,,INSUFFICIENT,,INSUFFICIENT,,INSUFFICIENT,,INSUFFICIENT,,INSUFFICIENT,,INSUFFICIENT,,INSUFFICIENT,,INSUFFICIENT,,INSUFFICIENT
888,MARUTI,Mar 2014,44542,39232,5310,12,724,184,2116,3734,24,2854,94.0,13,2014,,INSUFFICIENT,,INSUFFICIENT,,INSUFFICIENT,,INSUFFICIENT,,INSUFFICIENT,,INSUFFICIENT,,INSUFFICIENT,,INSUFFICIENT,,INSUFFICIENT
889,MARUTI,Mar 2015,50801,43909,6892,14,817,218,2515,4976,24,3809,126.0,20,2015,,INSUFFICIENT,,INSUFFICIENT,,INSUFFICIENT,,INSUFFICIENT,,INSUFFICIENT,,INSUFFICIENT,,INSUFFICIENT,,INSUFFICIENT,,INSUFFICIENT
890,MARUTI,Mar 2016,57589,48565,9024,16,1464,82,2822,7585,28,5497,182.0,19,2016,9.14,NORMAL,,INSUFFICIENT,,INSUFFICIENT,30.56,NORMAL,,INSUFFICIENT,,INSUFFICIENT,30.44,NORMAL,,INSUFFICIENT,,INSUFFICIENT
891,MARUTI,Mar 2017,68085,57664,10421,15,2399,89,2604,10127,26,7511,249.0,30,2017,15.19,NORMAL,,INSUFFICIENT,,INSUFFICIENT,38.06,NORMAL,,INSUFFICIENT,,INSUFFICIENT,38.36,NORMAL,,INSUFFICIENT,,INSUFFICIENT
892,MARUTI,Mar 2018,79809,67692,12118,15,2155,346,2760,11167,29,7881,261.0,31,2018,16.25,NORMAL,12.49,NORMAL,,INSUFFICIENT,27.43,NORMAL,26.12,NORMAL,,INSUFFICIENT,27.47,NORMAL,26.06,NORMAL,,INSUFFICIENT
893,MARUTI,Mar 2019,86068,75012,11056,13,2664,76,3021,10624,28,7651,253.0,32,2019,14.33,NORMAL,14.08,NORMAL,,INSUFFICIENT,11.65,NORMAL,21.8,NORMAL,,INSUFFICIENT,11.6,NORMAL,21.9,NORMAL,,INSUFFICIENT
894,MARUTI,Mar 2020,75660,68305,7355,10,3410,134,3528,7103,20,5678,188.0,32,2020,3.58,NORMAL,8.29,NORMAL,,INSUFFICIENT,-8.9,NORMAL,8.31,NORMAL,,INSUFFICIENT,-8.94,NORMAL,8.33,NORMAL,,INSUFFICIENT
895,MARUTI,Mar 2021,70372,64961,5411,8,3046,102,3034,5321,18,4389,145.0,31,2021,-4.11,NORMAL,4.09,NORMAL,,INSUFFICIENT,-17.73,NORMAL,-4.4,NORMAL,,INSUFFICIENT,-17.79,NORMAL,-4.44,NORMAL,,INSUFFICIENT
896,MARUTI,Mar 2022,88330,82578,5752,7,1861,127,2789,4697,17,3880,128.0,47,2022,0.87,NORMAL,5.34,NORMAL,,INSUFFICIENT,-20.25,NORMAL,-12.38,NORMAL,,INSUFFICIENT,-20.32,NORMAL,-12.46,NORMAL,,INSUFFICIENT
897,MARUTI,Mar 2023,118410,105288,13122,11,2415,252,4846,10438,21,8264,274.0,34,2023,16.1,NORMAL,8.21,NORMAL,10.33,NORMAL,13.33,NORMAL,0.95,NORMAL,12.84,NORMAL,13.38,NORMAL,0.98,NORMAL,12.82,NORMAL
898,MARUTI,Mar 2024,141858,123232,18626,13,4248,194,5256,17424,23,13488,429.0,29,2024,26.32,NORMAL,10.51,NORMAL,12.28,NORMAL,45.39,NORMAL,12.01,NORMAL,16.8,NORMAL,43.56,NORMAL,11.14,NORMAL,16.39,NORMAL
900,MOTHERSON,Mar 2013,25298,23819,1480,6,318,250,714,834,46,452,1.0,26,2013,,INSUFFICIENT,,INSUFFICIENT,,INSUFFICIENT,,INSUFFICIENT,,INSUFFICIENT,,INSUFFICIENT,,INSUFFICIENT,,INSUFFICIENT,,INSUFFICIENT
901,MOTHERSON,Mar 2014,30414,28017,2397,8,311,294,817,1596,31,1097,2.0,29,2014,,INSUFFICIENT,,INSUFFICIENT,,INSUFFICIENT,,INSUFFICIENT,,INSUFFICIENT,,INSUFFICIENT,,INSUFFICIENT,,INSUFFICIENT,,INSUFFICIENT
902,MOTHERSON,Mar 2015,34661,31817,2844,8,212,318,921,1817,29,1292,2.0,31,2015,,INSUFFICIENT,,INSUFFICIENT,,INSUFFICIENT,,INSUFFICIENT,,INSUFFICIENT,,INSUFFICIENT,,INSUFFICIENT,,INSUFFICIENT,,INSUFFICIENT
903,MOTHERSON,Mar 2016,37216,33668,3548,10,177,345,1087,2293,23,1774,3.0,26,2016,13.73,NORMAL,,INSUFFICIENT,,INSUFFICIENT,57.74,NORMAL,,INSUFFICIENT,,INSUFFICIENT,44.22,NORMAL,,INSUFFICIENT,,INSUFFICIENT
904,MOTHERSON,Mar 2017,42376,38204,4171,10,346,375,1059,3083,30,2172,3.0,18,2017,11.69,NORMAL,,INSUFFICIENT,,INSUFFICIENT,25.57,NORMAL,,INSUFFICIENT,,INSUFFICIENT,14.47,NORMAL,,INSUFFICIENT,,INSUFFICIENT
905,MOTHERSON,Mar 2018,56303,51174,5128,9,125,411,1575,3267,31,2260,3.0,30,2018,17.55,NORMAL,17.35,NORMAL,,INSUFFICIENT,20.49,NORMAL,37.97,NORMAL,,INSUFFICIENT,14.47,NORMAL,24.57,NORMAL,,INSUFFICIENT
906,MOTHERSON,Mar 2019,63523,58174,5348,8,333,423,2058,3200,34,2098,3.0,29,2019,19.51,NORMAL,15.87,NORMAL,,INSUFFICIENT,5.75,NORMAL,13.85,NORMAL,,INSUFFICIENT,0.0,NORMAL,8.45,NORMAL,,INSUFFICIENT
907,MOTHERSON,Mar 2020,60729,56075,4654,8,642,593,2721,1983,-5,1294,2.0,40,2020,12.74,NORMAL,11.87,NORMAL,,INSUFFICIENT,-15.86,NORMAL,0.03,NORMAL,,INSUFFICIENT,-12.64,NORMAL,0.0,NORMAL,,INSUFFICIENT
908,MOTHERSON,Mar 2021,57370,53000,4370,8,568,512,2926,1500,34,1569,2.0,46,2021,0.63,NORMAL,9.04,NORMAL,,INSUFFICIENT,-11.45,NORMAL,-2.43,NORMAL,,INSUFFICIENT,-12.64,NORMAL,-7.79,NORMAL,,INSUFFICIENT
909,MOTHERSON,Mar 2022,63774,59060,4714,7,575,543,2958,1788,31,1182,1.0,34,2022,0.13,NORMAL,8.52,NORMAL,,INSUFFICIENT,-17.41,NORMAL,-11.46,NORMAL,,INSUFFICIENT,-30.66,NORMAL,-19.73,NORMAL,,INSUFFICIENT
910,MOTHERSON,Mar 2023,78788,72537,6251,8,70,781,3136,2405,31,1670,2.0,29,2023,9.07,NORMAL,6.95,NORMAL,12.03,NORMAL,8.87,NORMAL,-5.87,NORMAL,13.96,NORMAL,0.0,NORMAL,-7.79,NORMAL,7.18,NORMAL
911,MOTHERSON,Mar 2024,98692,89370,9322,9,140,1811,3810,3840,21,3020,4.0,20,2024,19.82,NORMAL,9.21,NORMAL,12.49,NORMAL,24.39,NORMAL,7.56,NORMAL,10.66,NORMAL,25.99,NORMAL,5.92,NORMAL,7.18,NORMAL
913,NAUKRI,Mar 2013,472,351,121,26,24,3,12,130,41,76,8.0,12,2013,,INSUFFICIENT,,INSUFFICIENT,,INSUFFICIENT,,INSUFFICIENT,,INSUFFICIENT,,INSUFFICIENT,,INSUFFICIENT,,INSUFFICIENT,,INSUFFICIENT
914,NAUKRI,Mar 2014,567,471,97,17,48,3,21,120,49,60,8.0,30,2014,,INSUFFICIENT,,INSUFFICIENT,,INSUFFICIENT,,INSUFFICIENT,,INSUFFICIENT,,INSUFFICIENT,,INSUFFICIENT,,INSUFFICIENT,,INSUFFICIENT
915,NAUKRI,Mar 2015,732,711,21,3,89,4,47,60,99,-14,2.0,150,2015,,INSUFFICIENT,,INSUFFICIENT,,INSUFFICIENT,,INSUFFICIENT,,INSUFFICIENT,,INSUFFICIENT,,INSUFFICIENT,,INSUFFICIENT,,INSUFFICIENT
916,NAUKRI,Mar 2016,748,656,91,12,111,3,24,175,33,118,11.0,27,2016,16.59,NORMAL,,INSUFFICIENT,,INSUFFICIENT,15.79,NORMAL,,INSUFFICIENT,,INSUFFICIENT,11.2,NORMAL,,INSUFFICIENT,,INSUFFICIENT
917,NAUKRI,Mar 2017,888,896,-9,-1,50,4,33,5,99,-43,-2.0,-230,2017,16.13,NORMAL,,INSUFFICIENT,,INSUFFICIENT,,DECLINE_TO_LOSS,,INSUFFICIENT,,INSUFFICIENT,,DECLINE_TO_LOSS,,INSUFFICIENT,,INSUFFICIENT
918,NAUKRI,Mar 2018,988,769,219,22,401,5,30,585,14,501,42.0,13,2018,10.51,NORMAL,15.92,NORMAL,,INSUFFICIENT,,TURNAROUND,45.82,NORMAL,,INSUFFICIENT,175.89,NORMAL,39.33,NORMAL,,INSUFFICIENT
919,NAUKRI,Mar 2019,1151,1142,9,1,737,7,22,716,17,592,49.0,12,2019,15.45,NORMAL,15.21,NORMAL,,INSUFFICIENT,71.19,NORMAL,58.06,NORMAL,,INSUFFICIENT,64.54,NORMAL,43.69,NORMAL,,INSUFFICIENT
920,NAUKRI,Mar 2020,1312,1662,-350,-27,286,14,48,-126,95,-246,-19.0,-31,2020,13.9,NORMAL,12.38,NORMAL,,INSUFFICIENT,,BOTH_NEGATIVE,,BOTH_NEGATIVE,,INSUFFICIENT,,BOTH_NEGATIVE,,DECLINE_TO_LOSS,,INSUFFICIENT
921,NAUKRI,Mar 2021,1128,1054,74,7,1584,11,45,1602,12,1418,110.0,7,2021,4.52,NORMAL,8.56,NORMAL,,INSUFFICIENT,41.45,NORMAL,64.42,NORMAL,,INSUFFICIENT,37.84,NORMAL,58.49,NORMAL,,INSUFFICIENT
922,NAUKRI,Mar 2022,1589,1143,446,28,13810,11,73,14200,9,12882,991.0,1,2022,11.35,NORMAL,12.34,NORMAL,,INSUFFICIENT,179.18,NORMAL,,TURNAROUND,,INSUFFICIENT,172.45,NORMAL,,TURNAROUND,,INSUFFICIENT
923,NAUKRI,Mar 2023,2346,1997,348,15,-116,18,73,141,99,-70,-8.0,-228,2023,21.38,NORMAL,18.88,NORMAL,17.39,NORMAL,,BOTH_NEGATIVE,,DECLINE_TO_LOSS,,DECLINE_TO_LOSS,,BOTH_NEGATIVE,,DECLINE_TO_LOSS,,DECLINE_TO_LOSS
924,NAUKRI,Mar 2024,2536,1825,711,28,303,35,101,878,32,595,44.0,49,2024,31.0,NORMAL,17.12,NORMAL,16.16,NORMAL,-25.13,NORMAL,0.1,NORMAL,25.79,NORMAL,-26.32,NORMAL,-2.13,NORMAL,18.59,NORMAL
926,NESTLEIND,Dec 2013,9101,7153,1948,21,97,37,330,1678,33,1117,12.0,42,2013,,INSUFFICIENT,,INSUFFICIENT,,INSUFFICIENT,,INSUFFICIENT,,INSUFFICIENT,,INSUFFICIENT,,INSUFFICIENT,,INSUFFICIENT,,INSUFFICIENT
927,NESTLEIND,Dec 2014,9855,7816,2039,21,87,14,338,1774,33,1185,12.0,51,2014,,INSUFFICIENT,,INSUFFICIENT,,INSUFFICIENT,,INSUFFICIENT,,INSUFFICIENT,,INSUFFICIENT,,INSUFFICIENT,,INSUFFICIENT,,INSUFFICIENT
928,NESTLEIND,Dec 2015,8175,6620,1555,19,-391,3,347,814,31,563,6.0,83,2015,,INSUFFICIENT,,INSUFFICIENT,,INSUFFICIENT,,INSUFFICIENT,,INSUFFICIENT,,INSUFFICIENT,,INSUFFICIENT,,INSUFFICIENT,,INSUFFICIENT
929,NESTLEIND,Dec 2016,9141,7292,1850,20,140,91,354,1545,35,1001,10.0,61,2016,0.15,NORMAL,,INSUFFICIENT,,INSUFFICIENT,-3.59,NORMAL,,INSUFFICIENT,,INSUFFICIENT,-5.9,NORMAL,,INSUFFICIENT,,INSUFFICIENT
930,NESTLEIND,Dec 2017,10010,7913,2097,21,177,92,342,1839,33,1225,13.0,68,2017,0.52,NORMAL,,INSUFFICIENT,,INSUFFICIENT,1.11,NORMAL,,INSUFFICIENT,,INSUFFICIENT,2.7,NORMAL,,INSUFFICIENT,,INSUFFICIENT
931,NESTLEIND,Dec 2018,11292,8675,2618,23,259,112,336,2429,34,1607,17.0,69,2018,11.37,NORMAL,4.41,NORMAL,,INSUFFICIENT,41.85,NORMAL,7.55,NORMAL,,INSUFFICIENT,41.5,NORMAL,7.21,NORMAL,,INSUFFICIENT
932,NESTLEIND,Dec 2019,12369,9443,2926,24,247,129,370,2673,26,1968,20.0,168,2019,10.61,NORMAL,4.65,NORMAL,,INSUFFICIENT,25.27,NORMAL,10.68,NORMAL,,INSUFFICIENT,25.99,NORMAL,10.76,NORMAL,,INSUFFICIENT
933,NESTLEIND,Dec 2020,13350,10149,3202,24,146,164,370,2813,26,2082,22.0,93,2020,10.07,NORMAL,10.31,NORMAL,,INSUFFICIENT,19.34,NORMAL,29.9,NORMAL,,INSUFFICIENT,19.17,NORMAL,29.67,NORMAL,,INSUFFICIENT
934,NESTLEIND,Dec 2021,14741,11178,3562,24,-112,202,391,2857,26,2118,22.0,91,2021,9.29,NORMAL,10.03,NORMAL,,INSUFFICIENT,9.64,NORMAL,16.17,NORMAL,,INSUFFICIENT,8.97,NORMAL,17.08,NORMAL,,INSUFFICIENT
935,NESTLEIND,Dec 2022,16897,13191,3706,22,107,155,403,3256,27,2391,25.0,89,2022,10.96,NORMAL,11.04,NORMAL,,INSUFFICIENT,6.71,NORMAL,14.31,NORMAL,,INSUFFICIENT,7.72,NORMAL,13.97,NORMAL,,INSUFFICIENT
936,NESTLEIND,Dec 2023,19126,14655,4471,23,116,119,429,4038,26,2999,31.0,56,2023,12.73,NORMAL,11.11,NORMAL,7.71,NORMAL,12.94,NORMAL,13.29,NORMAL,10.38,NORMAL,12.11,NORMAL,12.77,NORMAL,9.96,NORMAL
937,NESTLEIND,Mar 2024,24394,18581,5813,24,159,145,538,5289,26,3933,41.0,79,2024,18.28,NORMAL,14.55,NORMAL,9.49,NORMAL,22.91,NORMAL,14.85,NORMAL,12.75,NORMAL,23.06,NORMAL,15.44,NORMAL,13.07,NORMAL
939,NHPC,Mar 2013,6381,2229,4152,65,1595,611,1241,3895,26,2873,2.0,28,2013,,INSUFFICIENT,,INSUFFICIENT,,INSUFFICIENT,,INSUFFICIENT,,INSUFFICIENT,,INSUFFICIENT,,INSUFFICIENT,,INSUFFICIENT,,INSUFFICIENT
940,NHPC,Mar 2014,7389,3047,4342,59,889,1203,1499,2529,35,1633,1.0,27,2014,,INSUFFICIENT,,INSUFFICIENT,,INSUFFICIENT,,INSUFFICIENT,,INSUFFICIENT,,INSUFFICIENT,,INSUFFICIENT,,INSUFFICIENT,,INSUFFICIENT
941,NHPC,Mar 2015,8221,3087,5134,62,1597,1296,1715,3718,25,2798,2.0,27,2015,,INSUFFICIENT,,INSUFFICIENT,,INSUFFICIENT,,INSUFFICIENT,,INSUFFICIENT,,INSUFFICIENT,,INSUFFICIENT,,INSUFFICIENT,,INSUFFICIENT
942,NHPC,Mar 2016,8354,3571,4783,57,1174,1160,1432,3365,30,2365,2.0,81,2016,9.4,NORMAL,,INSUFFICIENT,,INSUFFICIENT,-6.28,NORMAL,,INSUFFICIENT,,INSUFFICIENT,0.0,NORMAL,,INSUFFICIENT,,INSUFFICIENT
943,NHPC,Mar 2017,8623,3739,4884,57,2245,1133,1462,4535,23,3480,3.0,61,2017,5.28,NORMAL,,INSUFFICIENT,,INSUFFICIENT,28.69,NORMAL,,INSUFFICIENT,,INSUFFICIENT,44.22,NORMAL,,INSUFFICIENT,,INSUFFICIENT
944,NHPC,Mar 2018,7755,3508,4248,55,1185,924,1469,3040,8,2785,2.0,57,2018,-1.93,NORMAL,3.98,NORMAL,,INSUFFICIENT,-0.16,NORMAL,-0.62,NORMAL,,INSUFFICIENT,0.0,NORMAL,0.0,NORMAL,,INSUFFICIENT
945,NHPC,Mar 2019,8983,4002,4981,55,1733,896,1658,4159,32,2836,3.0,56,2019,2.45,NORMAL,3.98,NORMAL,,INSUFFICIENT,6.24,NORMAL,11.67,NORMAL,,INSUFFICIENT,14.47,NORMAL,24.57,NORMAL,,INSUFFICIENT
946,NHPC,Mar 2020,10008,4562,5446,54,311,877,1614,3266,-2,3345,3.0,52,2020,5.09,NORMAL,4.01,NORMAL,,INSUFFICIENT,-1.31,NORMAL,3.64,NORMAL,,INSUFFICIENT,0.0,NORMAL,8.45,NORMAL,,INSUFFICIENT
947,NHPC,Mar 2021,9648,4371,5277,55,1087,577,1292,4495,20,3600,3.0,49,2021,7.55,NORMAL,2.92,NORMAL,,INSUFFICIENT,8.93,NORMAL,8.77,NORMAL,,INSUFFICIENT,14.47,NORMAL,8.45,NORMAL,,INSUFFICIENT
948,NHPC,Mar 2022,9144,5131,4013,44,981,586,1190,3217,-17,3774,4.0,52,2022,0.59,NORMAL,1.18,NORMAL,,INSUFFICIENT,9.99,NORMAL,1.64,NORMAL,,INSUFFICIENT,10.06,NORMAL,5.92,NORMAL,,INSUFFICIENT
949,NHPC,Mar 2023,10607,4423,6184,58,743,475,1215,5237,19,4261,4.0,48,2023,1.96,NORMAL,6.46,NORMAL,5.21,NORMAL,8.4,NORMAL,8.88,NORMAL,4.02,NORMAL,10.06,NORMAL,14.87,NORMAL,7.18,NORMAL
950,NHPC,Mar 2024,9632,4825,4807,50,2029,608,1184,5043,20,4028,4.0,53,2024,-0.06,NORMAL,1.4,NORMAL,2.69,NORMAL,3.82,NORMAL,7.27,NORMAL,9.45,NORMAL,10.06,NORMAL,5.92,NORMAL,14.87,NORMAL
952,NTPC,Mar 2013,71518,53370,18149,25,4777,2491,3823,16611,24,12586,13.0,38,2013,,INSUFFICIENT,,INSUFFICIENT,,INSUFFICIENT,,INSUFFICIENT,,INSUFFICIENT,,INSUFFICIENT,,INSUFFICIENT,,INSUFFICIENT,,INSUFFICIENT
953,NTPC,Mar 2014,78330,58603,19727,25,2792,3263,4770,14486,21,11403,12.0,42,2014,,INSUFFICIENT,,INSUFFICIENT,,INSUFFICIENT,,INSUFFICIENT,,INSUFFICIENT,,INSUFFICIENT,,INSUFFICIENT,,INSUFFICIENT,,INSUFFICIENT
954,NTPC,Mar 2015,79957,62605,17352,22,2338,3669,5565,10456,4,9992,10.0,21,2015,,INSUFFICIENT,,INSUFFICIENT,,INSUFFICIENT,,INSUFFICIENT,,INSUFFICIENT,,INSUFFICIENT,,INSUFFICIENT,,INSUFFICIENT,,INSUFFICIENT
955,NTPC,Mar 2016,73396,54829,18568,25,1188,3366,5771,10618,-2,10781,11.0,26,2016,0.87,NORMAL,,INSUFFICIENT,,INSUFFICIENT,-5.03,NORMAL,,INSUFFICIENT,,INSUFFICIENT,-5.42,NORMAL,,INSUFFICIENT,,INSUFFICIENT
956,NTPC,Mar 2017,82042,60445,21598,26,1592,3753,6010,13426,20,10714,11.0,37,2017,1.56,NORMAL,,INSUFFICIENT,,INSUFFICIENT,-2.06,NORMAL,,INSUFFICIENT,,INSUFFICIENT,-2.86,NORMAL,,INSUFFICIENT,,INSUFFICIENT
957,NTPC,Mar 2018,88083,65598,22485,26,5576,4447,7460,16154,35,10502,11.0,40,2018,3.28,NORMAL,4.25,NORMAL,,INSUFFICIENT,1.67,NORMAL,-3.56,NORMAL,,INSUFFICIENT,3.23,NORMAL,-3.29,NORMAL,,INSUFFICIENT
958,NTPC,Mar 2019,100287,77576,22710,23,2818,5605,8669,11255,-25,14034,14.0,44,2019,10.97,NORMAL,5.07,NORMAL,,INSUFFICIENT,9.19,NORMAL,4.24,NORMAL,,INSUFFICIENT,8.37,NORMAL,3.13,NORMAL,,INSUFFICIENT
959,NTPC,Mar 2020,109464,77878,31586,29,8209,8189,10356,21250,44,11902,12.0,27,2020,10.09,NORMAL,6.48,NORMAL,,INSUFFICIENT,3.57,NORMAL,3.56,NORMAL,,INSUFFICIENT,2.94,NORMAL,3.71,NORMAL,,INSUFFICIENT
960,NTPC,Mar 2021,111531,77487,34044,31,5021,9224,12450,17390,14,14969,15.0,41,2021,8.19,NORMAL,8.73,NORMAL,,INSUFFICIENT,12.54,NORMAL,6.78,NORMAL,,INSUFFICIENT,10.89,NORMAL,6.4,NORMAL,,INSUFFICIENT
961,NTPC,Mar 2022,132669,92307,40362,30,4809,9376,13788,22007,23,16960,17.0,41,2022,9.78,NORMAL,10.09,NORMAL,,INSUFFICIENT,6.52,NORMAL,9.62,NORMAL,,INSUFFICIENT,6.69,NORMAL,9.1,NORMAL,,INSUFFICIENT
962,NTPC,Mar 2023,176207,128611,47596,27,2561,11447,14792,23917,28,17121,17.0,42,2023,17.2,NORMAL,14.88,NORMAL,9.44,NORMAL,12.89,NORMAL,10.27,NORMAL,3.13,NORMAL,12.31,NORMAL,9.1,NORMAL,2.72,NORMAL
963,NTPC,Mar 2024,178501,127045,51456,29,5190,12301,16204,28142,24,21332,21.0,36,2024,16.97,NORMAL,12.22,NORMAL,8.59,NORMAL,12.53,NORMAL,8.74,NORMAL,6.46,NORMAL,11.87,NORMAL,8.45,NORMAL,5.76,NORMAL
965,ONGC,Mar 2013,161984,118482,43501,27,5488,484,11763,36742,35,23994,19.0,34,2013,,INSUFFICIENT,,INSUFFICIENT,,INSUFFICIENT,,INSUFFICIENT,,INSUFFICIENT,,INSUFFICIENT,,INSUFFICIENT,,INSUFFICIENT,,INSUFFICIENT
966,ONGC,Mar 2014,174121,124991,49130,28,7170,624,16262,39413,32,26665,21.0,31,2014,,INSUFFICIENT,,INSUFFICIENT,,INSUFFICIENT,,INSUFFICIENT,,INSUFFICIENT,,INSUFFICIENT,,INSUFFICIENT,,INSUFFICIENT,,INSUFFICIENT
967,ONGC,Mar 2015,160923,118610,42312,26,5955,2864,18033,27370,35,17703,14.0,44,2015,,INSUFFICIENT,,INSUFFICIENT,,INSUFFICIENT,,INSUFFICIENT,,INSUFFICIENT,,INSUFFICIENT,,INSUFFICIENT,,INSUFFICIENT,,INSUFFICIENT
968,ONGC,Mar 2016,124036,84901,39135,32,1067,3766,16384,20052,35,13102,10.0,56,2016,-8.51,NORMAL,,INSUFFICIENT,,INSUFFICIENT,-18.26,NORMAL,,INSUFFICIENT,,INSUFFICIENT,-19.26,NORMAL,,INSUFFICIENT,,INSUFFICIENT
969,ONGC,Mar 2017,282506,229702,52804,19,12724,3591,20119,41718,30,29169,19.0,40,2017,17.51,NORMAL,,INSUFFICIENT,,INSUFFICIENT,3.04,NORMAL,,INSUFFICIENT,,INSUFFICIENT,-3.28,NORMAL,,INSUFFICIENT,,INSUFFICIENT
970,ONGC,Mar 2018,322706,265817,56889,18,10429,4999,23112,39208,34,26068,17.0,38,2018,26.1,NORMAL,14.78,NORMAL,,INSUFFICIENT,13.77,NORMAL,1.67,NORMAL,,INSUFFICIENT,6.69,NORMAL,-2.2,NORMAL,,INSUFFICIENT
971,ONGC,Mar 2019,421624,346805,74819,18,9567,5837,23704,54846,38,33938,24.0,29,2019,50.36,NORMAL,19.35,NORMAL,,INSUFFICIENT,37.34,NORMAL,4.94,NORMAL,,INSUFFICIENT,33.89,NORMAL,2.71,NORMAL,,INSUFFICIENT
972,ONGC,Mar 2020,396728,344623,52105,13,982,7489,26635,18962,40,11456,9.0,58,2020,11.98,NORMAL,19.78,NORMAL,,INSUFFICIENT,-26.77,NORMAL,-8.34,NORMAL,,INSUFFICIENT,-22.05,NORMAL,-8.46,NORMAL,,INSUFFICIENT
973,ONGC,Mar 2021,303849,254375,49473,16,11271,5079,25538,30126,29,21360,13.0,28,2021,-1.99,NORMAL,19.63,NORMAL,,INSUFFICIENT,-6.42,NORMAL,10.27,NORMAL,,INSUFFICIENT,-8.55,NORMAL,5.39,NORMAL,,INSUFFICIENT
974,ONGC,Mar 2022,491246,411373,79874,16,6797,5696,26883,54091,9,49294,36.0,29,2022,5.23,NORMAL,11.7,NORMAL,,INSUFFICIENT,13.25,NORMAL,11.06,NORMAL,,INSUFFICIENT,14.47,NORMAL,13.63,NORMAL,,INSUFFICIENT
975,ONGC,Mar 2023,632291,556764,75527,12,-30,7889,24557,43051,24,32778,28.0,40,2023,16.81,NORMAL,14.4,NORMAL,14.59,NORMAL,41.97,NORMAL,4.69,NORMAL,3.17,NORMAL,45.98,NORMAL,10.49,NORMAL,3.95,NORMAL
976,ONGC,Mar 2024,591396,488561,102835,17,12982,10194,28763,76860,26,57101,39.0,31,2024,24.86,NORMAL,7.0,NORMAL,13.01,NORMAL,38.79,NORMAL,10.97,NORMAL,7.91,NORMAL,44.22,NORMAL,10.2,NORMAL,6.39,NORMAL
978,PFC,Mar 2013,17314,331,5987,35,12,10995,6,5994,26,4438,13.0,21,2013,,INSUFFICIENT,,INSUFFICIENT,,INSUFFICIENT,,INSUFFICIENT,,INSUFFICIENT,,INSUFFICIENT,,INSUFFICIENT,,INSUFFICIENT,,INSUFFICIENT
979,PFC,Mar 2014,21407,748,7607,36,23,13053,5,7624,28,5462,17.0,22,2014,,INSUFFICIENT,,INSUFFICIENT,,INSUFFICIENT,,INSUFFICIENT,,INSUFFICIENT,,INSUFFICIENT,,INSUFFICIENT,,INSUFFICIENT,,INSUFFICIENT
980,PFC,Mar 2015,24988,1103,8429,34,25,15456,8,8446,29,6004,18.0,20,2015,,INSUFFICIENT,,INSUFFICIENT,,INSUFFICIENT,,INSUFFICIENT,,INSUFFICIENT,,INSUFFICIENT,,INSUFFICIENT,,INSUFFICIENT,,INSUFFICIENT
981,PFC,Mar 2016,27861,2042,9162,33,25,16657,20,9167,33,6184,19.0,30,2016,17.18,NORMAL,,INSUFFICIENT,,INSUFFICIENT,11.69,NORMAL,,INSUFFICIENT,,INSUFFICIENT,13.48,NORMAL,,INSUFFICIENT,,INSUFFICIENT
982,PFC,Mar 2017,27581,5538,5275,19,30,16768,41,5264,58,2236,7.0,59,2017,8.81,NORMAL,,INSUFFICIENT,,INSUFFICIENT,-25.75,NORMAL,,INSUFFICIENT,,INSUFFICIENT,-25.6,NORMAL,,INSUFFICIENT,,INSUFFICIENT
983,PFC,Mar 2018,48624,6583,11752,24,42,30289,15,11779,25,8797,20.0,31,2018,24.85,NORMAL,22.94,NORMAL,,INSUFFICIENT,13.58,NORMAL,14.66,NORMAL,,INSUFFICIENT,3.57,NORMAL,9.0,NORMAL,,INSUFFICIENT
984,PFC,Mar 2019,54106,1696,17783,33,94,34627,15,17862,29,12640,30.0,0,2019,24.76,NORMAL,20.38,NORMAL,,INSUFFICIENT,26.91,NORMAL,18.27,NORMAL,,INSUFFICIENT,16.45,NORMAL,12.03,NORMAL,,INSUFFICIENT
985,PFC,Mar 2020,62189,7332,14012,23,105,40845,24,14093,33,9477,22.0,35,2020,31.13,NORMAL,20.0,NORMAL,,INSUFFICIENT,61.83,NORMAL,9.56,NORMAL,,INSUFFICIENT,46.48,NORMAL,4.1,NORMAL,,INSUFFICIENT
986,PFC,Mar 2021,71656,7102,19871,28,46,44684,25,19891,21,15716,36.0,22,2021,13.8,NORMAL,20.8,NORMAL,,INSUFFICIENT,21.34,NORMAL,20.51,NORMAL,,INSUFFICIENT,21.64,NORMAL,13.63,NORMAL,,INSUFFICIENT
987,PFC,Mar 2022,76262,8215,23338,31,79,44709,35,23382,20,18768,42.0,23,2022,12.12,NORMAL,22.56,NORMAL,,INSUFFICIENT,14.08,NORMAL,53.03,NORMAL,,INSUFFICIENT,11.87,NORMAL,43.1,NORMAL,,INSUFFICIENT
988,PFC,Mar 2023,77684,4167,26501,34,47,47017,52,26496,20,21179,48.0,22,2023,7.7,NORMAL,9.82,NORMAL,16.2,NORMAL,30.74,NORMAL,19.21,NORMAL,16.92,NORMAL,29.7,NORMAL,19.14,NORMAL,13.95,NORMAL
989,PFC,Mar 2024,91508,-27,33573,37,69,57962,53,33588,21,26461,60.0,23,2024,8.49,NORMAL,11.08,NORMAL,15.64,NORMAL,18.97,NORMAL,15.92,NORMAL,17.09,NORMAL,18.56,NORMAL,14.87,NORMAL,13.44,NORMAL
991,PIDILITIND,Mar 2013,3678,3120,558,15,107,16,69,581,27,424,8.0,31,2013,,INSUFFICIENT,,INSUFFICIENT,,INSUFFICIENT,,INSUFFICIENT,,INSUFFICIENT,,INSUFFICIENT,,INSUFFICIENT,,INSUFFICIENT,,INSUFFICIENT
992,PIDILITIND,Mar 2014,4283,3611,672,16,38,16,81,612,27,450,9.0,31,2014,,INSUFFICIENT,,INSUFFICIENT,,INSUFFICIENT,,INSUFFICIENT,,INSUFFICIENT,,INSUFFICIENT,,INSUFFICIENT,,INSUFFICIENT,,INSUFFICIENT
993,PIDILITIND,Mar 2015,4844,4073,771,16,40,16,118,678,25,514,10.0,29,2015,,INSUFFICIENT,,INSUFFICIENT,,INSUFFICIENT,,INSUFFICIENT,,INSUFFICIENT,,INSUFFICIENT,,INSUFFICIENT,,INSUFFICIENT,,INSUFFICIENT
994,PIDILITIND,Mar 2016,5361,4188,1173,22,81,13,100,1141,29,807,16.0,26,2016,13.38,NORMAL,,INSUFFICIENT,,INSUFFICIENT,23.93,NORMAL,,INSUFFICIENT,,INSUFFICIENT,25.99,NORMAL,,INSUFFICIENT,,INSUFFICIENT
995,PIDILITIND,Mar 2017,5617,4355,1262,22,115,14,115,1248,31,863,17.0,28,2017,9.46,NORMAL,,INSUFFICIENT,,INSUFFICIENT,24.24,NORMAL,,INSUFFICIENT,,INSUFFICIENT,23.61,NORMAL,,INSUFFICIENT,,INSUFFICIENT
996,PIDILITIND,Mar 2018,6078,4737,1341,22,153,16,120,1359,29,966,19.0,32,2018,7.86,NORMAL,10.57,NORMAL,,INSUFFICIENT,23.41,NORMAL,17.9,NORMAL,,INSUFFICIENT,23.86,NORMAL,18.89,NORMAL,,INSUFFICIENT
997,PIDILITIND,Mar 2019,7078,5707,1371,19,130,26,133,1342,31,928,18.0,36,2019,9.7,NORMAL,10.57,NORMAL,,INSUFFICIENT,4.77,NORMAL,15.58,NORMAL,,INSUFFICIENT,4.0,NORMAL,14.87,NORMAL,,INSUFFICIENT
998,PIDILITIND,Mar 2020,7294,5718,1576,22,97,34,170,1470,24,1122,22.0,32,2020,9.1,NORMAL,8.53,NORMAL,,INSUFFICIENT,9.14,NORMAL,16.9,NORMAL,,INSUFFICIENT,8.97,NORMAL,17.08,NORMAL,,INSUFFICIENT
999,PIDILITIND,Mar 2021,7293,5606,1686,23,74,37,201,1522,26,1126,22.0,38,2021,6.26,NORMAL,6.35,NORMAL,,INSUFFICIENT,5.24,NORMAL,6.89,NORMAL,,INSUFFICIENT,5.01,NORMAL,6.58,NORMAL,,INSUFFICIENT
1000,PIDILITIND,Mar 2022,9921,8065,1856,19,39,42,240,1614,25,1207,24.0,42,2022,11.91,NORMAL,12.05,NORMAL,,INSUFFICIENT,9.16,NORMAL,6.94,NORMAL,,INSUFFICIENT,10.06,NORMAL,7.14,NORMAL,,INSUFFICIENT
1001,PIDILITIND,Mar 2023,11799,9813,1986,17,55,48,270,1723,25,1289,25.0,44,2023,17.39,NORMAL,14.19,NORMAL,12.36,NORMAL,4.73,NORMAL,5.94,NORMAL,11.76,NORMAL,4.35,NORMAL,5.64,NORMAL,12.07,NORMAL
1002,PIDILITIND,Mar 2024,12383,9675,2708,22,63,51,341,2379,27,1747,34.0,47,2024,19.3,NORMAL,11.84,NORMAL,11.2,NORMAL,15.77,NORMAL,13.49,NORMAL,14.53,NORMAL,15.62,NORMAL,13.56,NORMAL,14.22,NORMAL
1004,PNB,Mar 2013,43071,12456,,,4310,27802,336,6786,27,5020,28.0,19,2013,,INSUFFICIENT,,INSUFFICIENT,,INSUFFICIENT,,INSUFFICIENT,,INSUFFICIENT,,INSUFFICIENT,,INSUFFICIENT,,INSUFFICIENT,,INSUFFICIENT
1005,PNB,Mar 2014,44958,16112,,,4710,28220,367,4969,29,3674,20.0,10,2014,,INSUFFICIENT,,INSUFFICIENT,,INSUFFICIENT,,INSUFFICIENT,,INSUFFICIENT,,INSUFFICIENT,,INSUFFICIENT,,INSUFFICIENT,,INSUFFICIENT
1006,PNB,Mar 2015,48710,18760,,,6175,31343,384,4397,24,3525,18.0,18,2015,,INSUFFICIENT,,INSUFFICIENT,,INSUFFICIENT,,INSUFFICIENT,,INSUFFICIENT,,INSUFFICIENT,,INSUFFICIENT,,INSUFFICIENT,,INSUFFICIENT
1007,PNB,Mar 2016,50804,27453,,,6100,34331,413,-5293,-31,-3510,-19.0,-2,2016,5.66,NORMAL,,INSUFFICIENT,,INSUFFICIENT,,DECLINE_TO_LOSS,,INSUFFICIENT,,INSUFFICIENT,,DECLINE_TO_LOSS,,INSUFFICIENT,,INSUFFICIENT
1008,PNB,Mar 2017,48058,22533,,,9168,32722,430,1540,41,1239,6.0,0,2017,2.25,NORMAL,,INSUFFICIENT,,INSUFFICIENT,-30.39,NORMAL,,INSUFFICIENT,,INSUFFICIENT,-33.06,NORMAL,,INSUFFICIENT,,INSUFFICIENT
1009,PNB,Mar 2018,48725,43345,,,8883,33530,581,-19849,-37,-12111,-44.0,0,2018,0.01,NORMAL,2.5,NORMAL,,INSUFFICIENT,,DECLINE_TO_LOSS,,DECLINE_TO_LOSS,,INSUFFICIENT,,DECLINE_TO_LOSS,,DECLINE_TO_LOSS,,INSUFFICIENT
1010,PNB,Mar 2019,52147,39645,,,7367,34656,584,-15370,-35,-9550,-21.0,0,2019,0.87,NORMAL,3.01,NORMAL,,INSUFFICIENT,,BOTH_NEGATIVE,,DECLINE_TO_LOSS,,INSUFFICIENT,,BOTH_NEGATIVE,,DECLINE_TO_LOSS,,INSUFFICIENT
1011,PNB,Mar 2020,54918,25867,,,9388,36997,614,827,56,485,1.0,0,2020,4.55,NORMAL,2.43,NORMAL,,INSUFFICIENT,-26.85,NORMAL,-32.75,NORMAL,,INSUFFICIENT,-44.97,NORMAL,-43.9,NORMAL,,INSUFFICIENT
1012,PNB,Mar 2021,81935,38601,,,12777,50805,982,4325,38,2695,2.0,0,2021,18.92,NORMAL,10.03,NORMAL,,INSUFFICIENT,,TURNAROUND,,TURNAROUND,,INSUFFICIENT,,TURNAROUND,,TURNAROUND,,INSUFFICIENT
1013,PNB,Mar 2022,76242,36026,,,12329,46823,896,4826,19,3908,4.0,18,2022,13.5,NORMAL,9.67,NORMAL,,INSUFFICIENT,,TURNAROUND,25.83,NORMAL,,INSUFFICIENT,,TURNAROUND,-7.79,NORMAL,,INSUFFICIENT
1014,PNB,Mar 2023,86845,41502,,,12529,51817,905,5151,35,3359,3.0,21,2023,16.5,NORMAL,12.25,NORMAL,7.26,NORMAL,90.61,NORMAL,,TURNAROUND,-3.94,NORMAL,44.22,NORMAL,,TURNAROUND,-20.02,NORMAL
1015,PNB,Mar 2024,109065,39623,,,14158,68534,906,14160,35,9157,8.0,18,2024,10.0,NORMAL,15.9,NORMAL,9.27,NORMAL,50.34,NORMAL,,TURNAROUND,9.56,NORMAL,58.74,NORMAL,,TURNAROUND,-8.76,NORMAL
1017,POWERGRID,Mar 2013,13081,2244,10837,83,966,2599,3428,5776,25,4313,5.0,31,2013,,INSUFFICIENT,,INSUFFICIENT,,INSUFFICIENT,,INSUFFICIENT,,INSUFFICIENT,,INSUFFICIENT,,INSUFFICIENT,,INSUFFICIENT,,INSUFFICIENT
1018,POWERGRID,Mar 2014,15555,2588,12967,83,725,3254,4079,6359,28,4548,5.0,30,2014,,INSUFFICIENT,,INSUFFICIENT,,INSUFFICIENT,,INSUFFICIENT,,INSUFFICIENT,,INSUFFICIENT,,INSUFFICIENT,,INSUFFICIENT,,INSUFFICIENT
1019,POWERGRID,Mar 2015,17540,2613,14927,85,731,4081,5173,6404,21,5046,5.0,21,2015,,INSUFFICIENT,,INSUFFICIENT,,INSUFFICIENT,,INSUFFICIENT,,INSUFFICIENT,,INSUFFICIENT,,INSUFFICIENT,,INSUFFICIENT,,INSUFFICIENT
1020,POWERGRID,Mar 2016,20652,2468,18184,88,656,5086,6182,7572,21,5959,6.0,20,2016,16.44,NORMAL,,INSUFFICIENT,,INSUFFICIENT,11.38,NORMAL,,INSUFFICIENT,,INSUFFICIENT,6.27,NORMAL,,INSUFFICIENT,,INSUFFICIENT
1021,POWERGRID,Mar 2017,25697,3247,22450,87,933,6204,7722,9457,21,7451,8.0,31,2017,18.21,NORMAL,,INSUFFICIENT,,INSUFFICIENT,17.89,NORMAL,,INSUFFICIENT,,INSUFFICIENT,16.96,NORMAL,,INSUFFICIENT,,INSUFFICIENT
1022,POWERGRID,Mar 2018,29954,3993,25961,87,4065,7324,9231,13471,39,8204,9.0,33,2018,19.53,NORMAL,18.02,NORMAL,,INSUFFICIENT,17.59,NORMAL,13.72,NORMAL,,INSUFFICIENT,21.64,NORMAL,12.47,NORMAL,,INSUFFICIENT
1023,POWERGRID,Mar 2019,35059,8140,26920,77,1505,8737,10541,9147,-10,10034,11.0,43,2019,19.29,NORMAL,17.65,NORMAL,,INSUFFICIENT,18.97,NORMAL,17.15,NORMAL,,INSUFFICIENT,22.39,NORMAL,17.08,NORMAL,,INSUFFICIENT
1024,POWERGRID,Mar 2020,37744,4858,32886,87,2820,9509,11607,14590,24,11059,12.0,47,2020,13.67,NORMAL,16.56,NORMAL,,INSUFFICIENT,14.07,NORMAL,16.99,NORMAL,,INSUFFICIENT,14.47,NORMAL,19.14,NORMAL,,INSUFFICIENT
1025,POWERGRID,Mar 2021,39640,4734,34906,88,769,8135,12039,15501,22,12036,13.0,52,2021,9.79,NORMAL,13.93,NORMAL,,INSUFFICIENT,13.63,NORMAL,15.1,NORMAL,,INSUFFICIENT,13.04,NORMAL,16.72,NORMAL,,INSUFFICIENT
1026,POWERGRID,Mar 2022,41622,5796,35826,86,4692,8036,12872,19610,14,16824,18.0,61,2022,5.89,NORMAL,10.13,NORMAL,,INSUFFICIENT,18.8,NORMAL,17.69,NORMAL,,INSUFFICIENT,17.84,NORMAL,17.61,NORMAL,,INSUFFICIENT
1027,POWERGRID,Mar 2023,45603,6028,39576,87,1093,9634,13333,17702,13,15420,17.0,67,2023,6.51,NORMAL,8.77,NORMAL,13.3,NORMAL,11.72,NORMAL,13.45,NORMAL,13.59,NORMAL,12.31,NORMAL,13.56,NORMAL,13.02,NORMAL
1028,POWERGRID,Mar 2024,45843,6017,39826,87,556,8773,13095,18514,16,15573,17.0,67,2024,4.97,NORMAL,5.51,NORMAL,11.41,NORMAL,8.97,NORMAL,9.19,NORMAL,13.1,NORMAL,9.35,NORMAL,9.1,NORMAL,13.02,NORMAL
1030,RECLTD,Mar 2013,13634,365,13270,97,4,8083,4,5186,26,3833,15.0,21,2013,,INSUFFICIENT,,INSUFFICIENT,,INSUFFICIENT,,INSUFFICIENT,,INSUFFICIENT,,INSUFFICIENT,,INSUFFICIENT,,INSUFFICIENT,,INSUFFICIENT
1031,RECLTD,Mar 2014,17223,572,16650,97,6,10035,5,6617,28,4741,18.0,20,2014,,INSUFFICIENT,,INSUFFICIENT,,INSUFFICIENT,,INSUFFICIENT,,INSUFFICIENT,,INSUFFICIENT,,INSUFFICIENT,,INSUFFICIENT,,INSUFFICIENT
1032,RECLTD,Mar 2015,20544,1149,19395,94,6,11840,8,7552,29,5344,20.0,20,2015,,INSUFFICIENT,,INSUFFICIENT,,INSUFFICIENT,,INSUFFICIENT,,INSUFFICIENT,,INSUFFICIENT,,INSUFFICIENT,,INSUFFICIENT,,INSUFFICIENT
1033,RECLTD,Mar 2016,24125,1680,22445,93,4,14282,20,8147,30,5691,22.0,30,2016,20.95,NORMAL,,INSUFFICIENT,,INSUFFICIENT,14.08,NORMAL,,INSUFFICIENT,,INSUFFICIENT,13.62,NORMAL,,INSUFFICIENT,,INSUFFICIENT
1034,RECLTD,Mar 2017,24338,1888,22450,92,24,13462,40,8972,30,6313,24.0,30,2017,12.22,NORMAL,,INSUFFICIENT,,INSUFFICIENT,10.02,NORMAL,,INSUFFICIENT,,INSUFFICIENT,10.06,NORMAL,,INSUFFICIENT,,INSUFFICIENT
1035,RECLTD,Mar 2018,22658,3379,19279,85,18,13333,7,5958,25,4451,17.0,41,2018,3.32,NORMAL,10.69,NORMAL,,INSUFFICIENT,-5.91,NORMAL,3.03,NORMAL,,INSUFFICIENT,-5.27,NORMAL,2.53,NORMAL,,INSUFFICIENT
1036,RECLTD,Mar 2019,25408,1702,23705,93,33,15639,8,8090,29,5741,22.0,38,2019,1.74,NORMAL,8.09,NORMAL,,INSUFFICIENT,0.29,NORMAL,3.9,NORMAL,,INSUFFICIENT,0.0,NORMAL,4.1,NORMAL,,INSUFFICIENT
1037,RECLTD,Mar 2020,29942,3981,25961,87,72,18991,12,7030,29,4972,19.0,44,2020,7.15,NORMAL,7.82,NORMAL,,INSUFFICIENT,-7.65,NORMAL,-1.43,NORMAL,,INSUFFICIENT,-7.49,NORMAL,-1.02,NORMAL,,INSUFFICIENT
1038,RECLTD,Mar 2021,35557,3292,32265,91,15,21489,11,10780,22,8378,32.0,30,2021,16.21,NORMAL,8.07,NORMAL,,INSUFFICIENT,23.47,NORMAL,8.04,NORMAL,,INSUFFICIENT,23.47,NORMAL,7.78,NORMAL,,INSUFFICIENT
1039,RECLTD,Mar 2022,39276,4838,34438,88,62,22051,18,12431,19,10036,38.0,30,2022,15.63,NORMAL,10.04,NORMAL,,INSUFFICIENT,20.46,NORMAL,9.71,NORMAL,,INSUFFICIENT,19.98,NORMAL,9.63,NORMAL,,INSUFFICIENT
1040,RECLTD,Mar 2023,39486,1858,37628,95,28,23733,24,13898,20,11167,42.0,30,2023,9.66,NORMAL,11.75,NORMAL,11.22,NORMAL,30.96,NORMAL,20.2,NORMAL,11.29,NORMAL,30.27,NORMAL,19.83,NORMAL,10.84,NORMAL
1041,RECLTD,Mar 2024,47517,-366,47883,101,48,29948,24,17960,21,14145,54.0,30,2024,10.15,NORMAL,13.34,NORMAL,10.68,NORMAL,19.08,NORMAL,19.76,NORMAL,11.55,NORMAL,19.06,NORMAL,19.67,NORMAL,11.61,NORMAL
1043,RELIANCE,Mar 2013,395957,362802,33155,8,7757,3463,11232,26217,20,20886,15.0,13,2013,,INSUFFICIENT,,INSUFFICIENT,,INSUFFICIENT,,INSUFFICIENT,,INSUFFICIENT,,INSUFFICIENT,,INSUFFICIENT,,INSUFFICIENT,,INSUFFICIENT
1044,RELIANCE,Mar 2014,433521,398586,34935,8,8865,3836,11201,28763,22,22548,16.0,12,2014,,INSUFFICIENT,,INSUFFICIENT,,INSUFFICIENT,,INSUFFICIENT,,INSUFFICIENT,,INSUFFICIENT,,INSUFFICIENT,,INSUFFICIENT,,INSUFFICIENT
1045,RELIANCE,Mar 2015,374372,336923,37449,10,8528,3316,11547,31114,24,23640,17.0,12,2015,,INSUFFICIENT,,INSUFFICIENT,,INSUFFICIENT,,INSUFFICIENT,,INSUFFICIENT,,INSUFFICIENT,,INSUFFICIENT,,INSUFFICIENT,,INSUFFICIENT
1046,RELIANCE,Mar 2016,272583,230802,41781,15,12212,3691,11565,38737,23,29861,22.0,10,2016,-11.7,NORMAL,,INSUFFICIENT,,INSUFFICIENT,12.65,NORMAL,,INSUFFICIENT,,INSUFFICIENT,13.62,NORMAL,,INSUFFICIENT,,INSUFFICIENT
1047,RELIANCE,Mar 2017,303954,257647,46307,15,9222,3849,11646,40034,25,29833,22.0,11,2017,-11.16,NORMAL,,INSUFFICIENT,,INSUFFICIENT,9.78,NORMAL,,INSUFFICIENT,,INSUFFICIENT,11.2,NORMAL,,INSUFFICIENT,,INSUFFICIENT
1048,RELIANCE,Mar 2018,390823,326508,64315,16,9869,8052,16706,49426,27,36080,27.0,10,2018,1.44,NORMAL,-0.26,NORMAL,,INSUFFICIENT,15.13,NORMAL,11.55,NORMAL,,INSUFFICIENT,16.67,NORMAL,12.47,NORMAL,,INSUFFICIENT
1049,RELIANCE,Mar 2019,568337,484087,84250,15,8406,16495,20934,55227,28,39837,29.0,10,2019,27.75,NORMAL,5.56,NORMAL,,INSUFFICIENT,10.08,NORMAL,12.06,NORMAL,,INSUFFICIENT,9.65,NORMAL,12.63,NORMAL,,INSUFFICIENT
1050,RELIANCE,Mar 2020,596679,507413,89266,15,8570,22027,22203,53606,26,39880,29.0,10,2020,25.21,NORMAL,9.77,NORMAL,,INSUFFICIENT,10.16,NORMAL,11.03,NORMAL,,INSUFFICIENT,9.65,NORMAL,11.27,NORMAL,,INSUFFICIENT
1051,RELIANCE,Mar 2021,466307,385517,80790,17,22432,21189,26572,55461,3,53739,39.0,9,2021,6.06,NORMAL,11.34,NORMAL,,INSUFFICIENT,14.2,NORMAL,12.47,NORMAL,,INSUFFICIENT,13.04,NORMAL,12.13,NORMAL,,INSUFFICIENT
1052,RELIANCE,Mar 2022,694673,586092,108581,16,19600,14584,29782,83815,19,67845,45.0,9,2022,6.92,NORMAL,17.98,NORMAL,,INSUFFICIENT,19.42,NORMAL,17.86,NORMAL,,INSUFFICIENT,15.77,NORMAL,15.39,NORMAL,,INSUFFICIENT
1053,RELIANCE,Mar 2023,876396,734078,142318,16,12020,19571,40303,94464,22,74088,49.0,9,2023,13.67,NORMAL,17.53,NORMAL,8.27,NORMAL,22.93,NORMAL,15.48,NORMAL,13.5,NORMAL,19.11,NORMAL,12.66,NORMAL,12.57,NORMAL
1054,RELIANCE,Mar 2024,899041,736543,162498,18,16179,23118,50832,104727,25,79020,51.0,10,2024,24.46,NORMAL,9.61,NORMAL,7.57,NORMAL,13.71,NORMAL,14.68,NORMAL,13.36,NORMAL,9.35,NORMAL,11.95,NORMAL,12.29,NORMAL
1056,SBILIFE,Mar 2013,14870,14443,427,3,292,4,25,690,9,630,6.0,8,2013,,INSUFFICIENT,,INSUFFICIENT,,INSUFFICIENT,,INSUFFICIENT,,INSUFFICIENT,,INSUFFICIENT,,INSUFFICIENT,,INSUFFICIENT,,INSUFFICIENT
1057,SBILIFE,Mar 2014,17258,16747,511,3,344,5,35,816,11,728,7.0,14,2014,,INSUFFICIENT,,INSUFFICIENT,,INSUFFICIENT,,INSUFFICIENT,,INSUFFICIENT,,INSUFFICIENT,,INSUFFICIENT,,INSUFFICIENT,,INSUFFICIENT
1058,SBILIFE,Mar 2015,23399,22505,794,3,183,4,34,939,13,815,8.0,15,2015,,INSUFFICIENT,,INSUFFICIENT,,INSUFFICIENT,,INSUFFICIENT,,INSUFFICIENT,,INSUFFICIENT,,INSUFFICIENT,,INSUFFICIENT,,INSUFFICIENT
1059,SBILIFE,Mar 2016,19324,18404,920,5,129,5,37,1007,16,844,8.0,14,2016,9.13,NORMAL,,INSUFFICIENT,,INSUFFICIENT,10.24,NORMAL,,INSUFFICIENT,,INSUFFICIENT,10.06,NORMAL,,INSUFFICIENT,,INSUFFICIENT
1060,SBILIFE,Mar 2017,30548,29479,1068,4,139,5,48,1154,17,955,10.0,16,2017,20.97,NORMAL,,INSUFFICIENT,,INSUFFICIENT,9.47,NORMAL,,INSUFFICIENT,,INSUFFICIENT,12.62,NORMAL,,INSUFFICIENT,,INSUFFICIENT
1061,SBILIFE,Mar 2018,34068,32736,1332,4,156,6,59,1422,19,1150,12.0,17,2018,13.34,NORMAL,18.03,NORMAL,,INSUFFICIENT,12.16,NORMAL,12.79,NORMAL,,INSUFFICIENT,14.47,NORMAL,14.87,NORMAL,,INSUFFICIENT
1062,SBILIFE,Mar 2019,44604,43130,1474,3,266,8,92,1642,19,1327,13.0,15,2019,32.16,NORMAL,20.91,NORMAL,,INSUFFICIENT,16.28,NORMAL,12.76,NORMAL,,INSUFFICIENT,17.57,NORMAL,13.18,NORMAL,,INSUFFICIENT
1063,SBILIFE,Mar 2020,43798,42447,1351,3,529,0,89,1790,21,1422,14.0,0,2020,12.76,NORMAL,13.36,NORMAL,,INSUFFICIENT,14.19,NORMAL,11.78,NORMAL,,INSUFFICIENT,11.87,NORMAL,11.84,NORMAL,,INSUFFICIENT
1064,SBILIFE,Mar 2021,81913,81040,872,1,867,0,99,1640,11,1456,15.0,17,2021,33.97,NORMAL,33.49,NORMAL,,INSUFFICIENT,8.18,NORMAL,11.52,NORMAL,,INSUFFICIENT,7.72,NORMAL,13.4,NORMAL,,INSUFFICIENT
1065,SBILIFE,Mar 2022,82983,82254,730,1,1032,0,75,1687,11,1506,15.0,13,2022,22.99,NORMAL,22.12,NORMAL,,INSUFFICIENT,4.31,NORMAL,9.54,NORMAL,,INSUFFICIENT,4.89,NORMAL,8.45,NORMAL,,INSUFFICIENT
1066,SBILIFE,Mar 2023,80636,80514,122,0,1862,10,68,1906,10,1721,17.0,15,2023,22.56,NORMAL,18.81,NORMAL,18.42,NORMAL,6.57,NORMAL,8.4,NORMAL,10.57,NORMAL,6.69,NORMAL,7.21,NORMAL,10.98,NORMAL
1067,SBILIFE,Mar 2024,131988,131742,246,0,1917,9,76,2078,9,1894,19.0,14,2024,17.24,NORMAL,24.23,NORMAL,22.56,NORMAL,9.16,NORMAL,7.37,NORMAL,10.03,NORMAL,8.2,NORMAL,7.89,NORMAL,10.5,NORMAL
1069,SBIN,Mar 2013,167976,66283,-5124,-3,32584,106818,1577,25882,29,18555,26.0,16,2013,,INSUFFICIENT,,INSUFFICIENT,,INSUFFICIENT,,INSUFFICIENT,,INSUFFICIENT,,INSUFFICIENT,,INSUFFICIENT,,INSUFFICIENT,,INSUFFICIENT
1070,SBIN,Mar 2014,189062,82198,-14614,-8,37882,121479,1942,21326,32,14807,19.0,16,2014,,INSUFFICIENT,,INSUFFICIENT,,INSUFFICIENT,,INSUFFICIENT,,INSUFFICIENT,,INSUFFICIENT,,INSUFFICIENT,,INSUFFICIENT,,INSUFFICIENT
1071,SBIN,Mar 2015,207974,96675,-21879,-11,49315,133179,1581,25855,32,17832,23.0,15,2015,,INSUFFICIENT,,INSUFFICIENT,,INSUFFICIENT,,INSUFFICIENT,,INSUFFICIENT,,INSUFFICIENT,,INSUFFICIENT,,INSUFFICIENT,,INSUFFICIENT
1072,SBIN,Mar 2016,220633,109985,-32399,-15,52828,143047,2252,18177,30,13019,16.0,17,2016,9.52,NORMAL,,INSUFFICIENT,,INSUFFICIENT,-11.14,NORMAL,,INSUFFICIENT,,INSUFFICIENT,-14.94,NORMAL,,INSUFFICIENT,,INSUFFICIENT
1073,SBIN,Mar 2017,230447,145666,-64334,-28,68193,149115,2915,945,99,-97,0.0,859,2017,6.82,NORMAL,,INSUFFICIENT,,INSUFFICIENT,,DECLINE_TO_LOSS,,INSUFFICIENT,,INSUFFICIENT,-100.0,NORMAL,,INSUFFICIENT,,INSUFFICIENT
1074,SBIN,Mar 2018,228970,169065,-86697,-38,77557,146603,3105,-12245,-66,-3749,-5.0,0,2018,3.26,NORMAL,6.39,NORMAL,,INSUFFICIENT,,DECLINE_TO_LOSS,,DECLINE_TO_LOSS,,INSUFFICIENT,,DECLINE_TO_LOSS,,DECLINE_TO_LOSS,,INSUFFICIENT
1075,SBIN,Mar 2019,253322,166104,-68649,-27,77365,155867,3496,5220,41,3351,3.0,0,2019,4.71,NORMAL,6.03,NORMAL,,INSUFFICIENT,-36.39,NORMAL,-25.71,NORMAL,,INSUFFICIENT,-42.76,NORMAL,-30.87,NORMAL,,INSUFFICIENT
1076,SBIN,Mar 2020,269852,172909,-64181,-24,98159,161124,3662,30317,40,21140,22.0,0,2020,5.4,NORMAL,5.35,NORMAL,,INSUFFICIENT,,TURNAROUND,3.46,NORMAL,,INSUFFICIENT,,ZERO_BASE,-0.89,NORMAL,,INSUFFICIENT
1077,SBIN,Mar 2021,278115,192821,-70715,-25,107222,156010,3711,32796,26,23888,25.0,16,2021,6.7,NORMAL,4.74,NORMAL,,INSUFFICIENT,,TURNAROUND,12.91,NORMAL,,INSUFFICIENT,,TURNAROUND,9.34,NORMAL,,INSUFFICIENT
1078,SBIN,Mar 2022,289973,197349,-63570,-22,117000,156194,3691,49739,27,37183,40.0,18,2022,4.61,NORMAL,4.7,NORMAL,,INSUFFICIENT,123.04,NORMAL,,TURNAROUND,,INSUFFICIENT,137.13,NORMAL,,ZERO_BASE,,INSUFFICIENT
1079,SBIN,Mar 2023,350845,204303,-43439,-12,122534,189981,3696,75399,25,57750,62.0,18,2023,9.14,NORMAL,8.91,NORMAL,7.64,NORMAL,39.79,NORMAL,,TURNAROUND,12.02,NORMAL,41.25,NORMAL,,TURNAROUND,9.08,NORMAL
1080,SBIN,Mar 2024,439189,239750,-60297,-14,155386,259736,3849,91240,25,69543,75.0,18,2024,16.45,NORMAL,11.63,NORMAL,8.79,NORMAL,42.79,NORMAL,83.41,NORMAL,16.73,NORMAL,44.22,NORMAL,90.37,NORMAL,14.72,NORMAL
1082,SHREECEM,Jun 2013,5418,3857,1561,29,187,193,436,1119,10,1004,288.0,7,2013,,INSUFFICIENT,,INSUFFICIENT,,INSUFFICIENT,,INSUFFICIENT,,INSUFFICIENT,,INSUFFICIENT,,INSUFFICIENT,,INSUFFICIENT,,INSUFFICIENT
1083,SHREECEM,Jun 2014,5715,4325,1390,24,104,129,550,815,3,787,226.0,10,2014,,INSUFFICIENT,,INSUFFICIENT,,INSUFFICIENT,,INSUFFICIENT,,INSUFFICIENT,,INSUFFICIENT,,INSUFFICIENT,,INSUFFICIENT,,INSUFFICIENT
1084,SHREECEM,Jun 2015,6259,4916,1344,21,102,121,925,401,-6,426,122.0,20,2015,,INSUFFICIENT,,INSUFFICIENT,,INSUFFICIENT,,INSUFFICIENT,,INSUFFICIENT,,INSUFFICIENT,,INSUFFICIENT,,INSUFFICIENT,,INSUFFICIENT
1085,SHREECEM,Mar 2016 9m,5514,4107,1407,26,673,76,828,1176,3,1143,328.0,7,2016,0.59,NORMAL,,INSUFFICIENT,,INSUFFICIENT,4.42,NORMAL,,INSUFFICIENT,,INSUFFICIENT,4.43,NORMAL,,INSUFFICIENT,,INSUFFICIENT
1086,SHREECEM,Mar 2017,8594,6081,2513,29,362,129,1215,1531,13,1339,384.0,36,2017,14.57,NORMAL,,INSUFFICIENT,,INSUFFICIENT,19.38,NORMAL,,INSUFFICIENT,,INSUFFICIENT,19.33,NORMAL,,INSUFFICIENT,,INSUFFICIENT
1087,SHREECEM,Mar 2018,9833,7360,2473,25,389,135,899,1827,24,1384,397.0,13,2018,16.25,NORMAL,12.66,NORMAL,,INSUFFICIENT,48.11,NORMAL,6.63,NORMAL,,INSUFFICIENT,48.19,NORMAL,6.63,NORMAL,,INSUFFICIENT
1088,SHREECEM,Mar 2019,12555,9758,2797,22,69,248,1472,1146,11,1015,289.0,21,2019,31.56,NORMAL,17.05,NORMAL,,INSUFFICIENT,-3.88,NORMAL,5.22,NORMAL,,INSUFFICIENT,-4.13,NORMAL,5.04,NORMAL,,INSUFFICIENT
1089,SHREECEM,Mar 2020,12868,9098,3771,29,263,291,1808,1934,20,1544,426.0,26,2020,14.4,NORMAL,15.51,NORMAL,,INSUFFICIENT,4.86,NORMAL,29.37,NORMAL,,INSUFFICIENT,3.52,NORMAL,28.41,NORMAL,,INSUFFICIENT
1090,SHREECEM,Mar 2021,13560,9468,4091,30,426,251,1262,3004,24,2337,646.0,9,2021,11.31,NORMAL,19.72,NORMAL,,INSUFFICIENT,19.08,NORMAL,15.38,NORMAL,,INSUFFICIENT,17.62,NORMAL,14.52,NORMAL,,INSUFFICIENT
1091,SHREECEM,Mar 2022,15010,11300,3710,25,544,263,1146,2892,19,1269,352.0,14,2022,6.13,NORMAL,11.8,NORMAL,,INSUFFICIENT,7.73,NORMAL,-1.07,NORMAL,,INSUFFICIENT,6.79,NORMAL,-1.73,NORMAL,,INSUFFICIENT
1092,SHREECEM,Mar 2023,17852,14893,2960,17,459,263,1661,1495,15,2369,664.0,28,2023,11.53,NORMAL,12.67,NORMAL,12.66,NORMAL,15.34,NORMAL,11.35,NORMAL,8.96,NORMAL,15.95,NORMAL,10.83,NORMAL,8.71,NORMAL
1093,SHREECEM,Mar 2024,20521,16003,4518,22,597,258,1897,2959,19,1733,480.0,16,2024,14.81,NORMAL,10.33,NORMAL,13.64,NORMAL,-9.49,NORMAL,11.29,NORMAL,8.21,NORMAL,-9.43,NORMAL,10.68,NORMAL,7.82,NORMAL
1095,SHRIRAMFIN,Mar 2013,7009,1738,2179,31,7,3092,23,2163,32,1463,12.0,11,2013,,INSUFFICIENT,,INSUFFICIENT,,INSUFFICIENT,,INSUFFICIENT,,INSUFFICIENT,,INSUFFICIENT,,INSUFFICIENT,,INSUFFICIENT,,INSUFFICIENT
1096,SHRIRAMFIN,Mar 2014,8476,2244,1999,24,4,4233,33,1970,31,1358,11.0,12,2014,,INSUFFICIENT,,INSUFFICIENT,,INSUFFICIENT,,INSUFFICIENT,,INSUFFICIENT,,INSUFFICIENT,,INSUFFICIENT,,INSUFFICIENT,,INSUFFICIENT
1097,SHRIRAMFIN,Mar 2015,9177,2781,1691,18,2,4706,43,1650,38,1028,8.0,22,2015,,INSUFFICIENT,,INSUFFICIENT,,INSUFFICIENT,,INSUFFICIENT,,INSUFFICIENT,,INSUFFICIENT,,INSUFFICIENT,,INSUFFICIENT,,INSUFFICIENT
1098,SHRIRAMFIN,Mar 2016,10359,3447,1824,18,3,5088,38,1789,34,1184,9.0,19,2016,13.91,NORMAL,,INSUFFICIENT,,INSUFFICIENT,-6.81,NORMAL,,INSUFFICIENT,,INSUFFICIENT,-9.14,NORMAL,,INSUFFICIENT,,INSUFFICIENT
1099,SHRIRAMFIN,Mar 2017,10903,3712,1972,18,1,5219,35,1938,35,1266,10.0,7,2017,8.76,NORMAL,,INSUFFICIENT,,INSUFFICIENT,-2.31,NORMAL,,INSUFFICIENT,,INSUFFICIENT,-3.13,NORMAL,,INSUFFICIENT,,INSUFFICIENT
1100,SHRIRAMFIN,Mar 2018,13502,3288,3805,28,127,6409,37,3896,35,2549,20.0,10,2018,13.74,NORMAL,14.01,NORMAL,,INSUFFICIENT,35.35,NORMAL,11.74,NORMAL,,INSUFFICIENT,35.72,NORMAL,10.76,NORMAL,,INSUFFICIENT
1101,SHRIRAMFIN,Mar 2019,15536,4171,3801,24,20,7564,43,3778,32,2576,20.0,11,2019,14.47,NORMAL,12.88,NORMAL,,INSUFFICIENT,29.58,NORMAL,13.66,NORMAL,,INSUFFICIENT,30.5,NORMAL,12.7,NORMAL,,INSUFFICIENT
1102,SHRIRAMFIN,Mar 2020,16561,4683,3565,22,14,8313,141,3439,27,2512,20.0,5,2020,14.95,NORMAL,12.53,NORMAL,,INSUFFICIENT,25.66,NORMAL,19.57,NORMAL,,INSUFFICIENT,25.99,NORMAL,20.11,NORMAL,,INSUFFICIENT
1103,SHRIRAMFIN,Mar 2021,17422,4932,3402,20,14,9089,137,3278,24,2499,18.0,18,2021,8.87,NORMAL,10.96,NORMAL,,INSUFFICIENT,-0.66,NORMAL,16.11,NORMAL,,INSUFFICIENT,-3.45,NORMAL,14.87,NORMAL,,INSUFFICIENT
1104,SHRIRAMFIN,Mar 2022,19255,5816,3666,19,18,9773,135,3549,24,2721,20.0,20,2022,7.42,NORMAL,12.05,NORMAL,,INSUFFICIENT,1.84,NORMAL,16.54,NORMAL,,INSUFFICIENT,0.0,NORMAL,14.87,NORMAL,,INSUFFICIENT
1105,SHRIRAMFIN,Mar 2023,30492,8706,8799,29,16,12987,601,8214,27,6020,32.0,22,2023,22.56,NORMAL,17.69,NORMAL,15.84,NORMAL,33.82,NORMAL,18.75,NORMAL,15.2,NORMAL,16.96,NORMAL,9.86,NORMAL,10.31,NORMAL
1106,SHRIRAMFIN,Mar 2024,36388,10278,10523,29,25,15588,588,9960,26,7399,39.0,23,2024,27.83,NORMAL,18.56,NORMAL,15.68,NORMAL,43.59,NORMAL,23.49,NORMAL,18.48,NORMAL,29.4,NORMAL,14.29,NORMAL,13.49,NORMAL
1108,SIEMENS,Sep 2011,11955,10784,1171,10,299,26,154,1290,33,868,,24,2011,,INSUFFICIENT,,INSUFFICIENT,,INSUFFICIENT,,INSUFFICIENT,,INSUFFICIENT,,INSUFFICIENT,,INSUFFICIENT,,INSUFFICIENT,,INSUFFICIENT
1109,SIEMENS,Sep 2014,10678,10559,119,1,985,31,229,844,28,603,17.0,35,2014,-3.7,NORMAL,,INSUFFICIENT,,INSUFFICIENT,-11.43,NORMAL,,INSUFFICIENT,,INSUFFICIENT,,INSUFFICIENT,,INSUFFICIENT,,INSUFFICIENT
1110,SIEMENS,Sep 2015,10563,9565,998,9,943,30,224,1688,30,1174,33.0,30,2015,,INSUFFICIENT,,INSUFFICIENT,,INSUFFICIENT,,INSUFFICIENT,,INSUFFICIENT,,INSUFFICIENT,,INSUFFICIENT,,INSUFFICIENT,,INSUFFICIENT
1111,SIEMENS,Sep 2016,10837,9815,1021,9,3156,11,228,3938,26,2914,82.0,41,2016,,INSUFFICIENT,-1.94,NORMAL,,INSUFFICIENT,,INSUFFICIENT,27.41,NORMAL,,INSUFFICIENT,,INSUFFICIENT,,INSUFFICIENT,,INSUFFICIENT
1112,SIEMENS,Sep 2017,11065,10008,1056,10,818,8,198,1669,32,1137,32.0,22,2017,1.19,NORMAL,,INSUFFICIENT,,INSUFFICIENT,23.54,NORMAL,,INSUFFICIENT,,INSUFFICIENT,23.47,NORMAL,,INSUFFICIENT,,INSUFFICIENT
1113,SIEMENS,Sep 2018,12795,11468,1327,10,280,8,198,1402,36,901,25.0,28,2018,6.6,NORMAL,,INSUFFICIENT,,INSUFFICIENT,-8.44,NORMAL,,INSUFFICIENT,,INSUFFICIENT,-8.84,NORMAL,,INSUFFICIENT,,INSUFFICIENT
1114,SIEMENS,Sep 2019,13084,11594,1490,11,398,12,199,1678,34,1099,31.0,23,2019,6.48,NORMAL,4.15,NORMAL,,INSUFFICIENT,-27.75,NORMAL,12.76,NORMAL,,INSUFFICIENT,-27.69,NORMAL,12.77,NORMAL,,INSUFFICIENT
1115,SIEMENS,Sep 2020,9946,8944,1003,10,315,30,252,1036,26,769,22.0,32,2020,-3.49,NORMAL,-1.2,NORMAL,,INSUFFICIENT,-12.22,NORMAL,-8.11,NORMAL,,INSUFFICIENT,-11.74,NORMAL,-7.79,NORMAL,,INSUFFICIENT
1116,SIEMENS,Sep 2021,13198,11746,1452,11,321,24,297,1452,25,1089,31.0,26,2021,1.04,NORMAL,4.02,NORMAL,0.99,NORMAL,6.52,NORMAL,-17.87,NORMAL,2.29,NORMAL,7.43,NORMAL,-17.68,NORMAL,,INSUFFICIENT
1117,SIEMENS,Sep 2022,16138,14278,1860,12,487,36,317,1993,23,1543,43.0,23,2022,7.24,NORMAL,7.84,NORMAL,,INSUFFICIENT,11.98,NORMAL,6.3,NORMAL,,INSUFFICIENT,11.52,NORMAL,6.09,NORMAL,,INSUFFICIENT
1118,SIEMENS,Sep 2023,19554,17067,2487,13,496,23,321,2640,26,1962,55.0,18,2023,25.27,NORMAL,8.85,NORMAL,,INSUFFICIENT,36.64,NORMAL,16.84,NORMAL,,INSUFFICIENT,35.72,NORMAL,17.08,NORMAL,,INSUFFICIENT
1119,SIEMENS,Sep 2024,22240,19136,3104,14,925,60,330,3639,25,2718,76.0,16,2024,19.0,NORMAL,11.19,NORMAL,7.61,NORMAL,35.65,NORMAL,19.85,NORMAL,16.25,NORMAL,34.84,NORMAL,19.64,NORMAL,16.15,NORMAL
1120,SUNPHARMA,Mar 2013,11131,6346,4784,43,-90,43,336,4315,20,3469,14.0,9,2013,,INSUFFICIENT,,INSUFFICIENT,,INSUFFICIENT,,INSUFFICIENT,,INSUFFICIENT,,INSUFFICIENT,,INSUFFICIENT,,INSUFFICIENT,,INSUFFICIENT
1121,SUNPHARMA,Mar 2014,16080,9078,7003,44,-1968,44,409,4581,15,3879,15.0,10,2014,,INSUFFICIENT,,INSUFFICIENT,,INSUFFICIENT,,INSUFFICIENT,,INSUFFICIENT,,INSUFFICIENT,,INSUFFICIENT,,INSUFFICIENT,,INSUFFICIENT
1122,SUNPHARMA,Mar 2015,27392,19498,7894,29,283,579,1195,6403,14,5476,22.0,14,2015,,INSUFFICIENT,,INSUFFICIENT,,INSUFFICIENT,,INSUFFICIENT,,INSUFFICIENT,,INSUFFICIENT,,INSUFFICIENT,,INSUFFICIENT,,INSUFFICIENT
1123,SUNPHARMA,Mar 2016,28487,20313,8174,29,-42,523,1038,6571,14,5658,19.0,5,2016,36.78,NORMAL,,INSUFFICIENT,,INSUFFICIENT,17.71,NORMAL,,INSUFFICIENT,,INSUFFICIENT,10.72,NORMAL,,INSUFFICIENT,,INSUFFICIENT
1124,SUNPHARMA,Mar 2017,31578,21476,10102,32,610,400,1265,9048,13,7846,29.0,12,2017,25.23,NORMAL,,INSUFFICIENT,,INSUFFICIENT,26.47,NORMAL,,INSUFFICIENT,,INSUFFICIENT,24.58,NORMAL,,INSUFFICIENT,,INSUFFICIENT
1125,SUNPHARMA,Mar 2018,26489,20858,5631,21,-135,518,1500,3479,26,2542,9.0,23,2018,-1.11,NORMAL,18.93,NORMAL,,INSUFFICIENT,-22.57,NORMAL,-6.03,NORMAL,,INSUFFICIENT,-25.77,NORMAL,-8.46,NORMAL,,INSUFFICIENT
1126,SUNPHARMA,Mar 2019,29066,22689,6377,22,-258,555,1753,3810,16,3208,11.0,25,2019,0.67,NORMAL,12.57,NORMAL,,INSUFFICIENT,-17.23,NORMAL,-3.73,NORMAL,,INSUFFICIENT,-16.65,NORMAL,-6.01,NORMAL,,INSUFFICIENT
1127,SUNPHARMA,Mar 2020,32838,25855,6983,21,382,303,2053,5010,16,4172,16.0,25,2020,1.31,NORMAL,3.69,NORMAL,,INSUFFICIENT,-18.99,NORMAL,-5.29,NORMAL,,INSUFFICIENT,-17.98,NORMAL,-6.17,NORMAL,,INSUFFICIENT
1128,SUNPHARMA,Mar 2021,33498,25028,8470,25,-3449,141,2080,2799,18,2272,12.0,62,2021,8.14,NORMAL,3.29,NORMAL,,INSUFFICIENT,-3.67,NORMAL,-16.68,NORMAL,,INSUFFICIENT,10.06,NORMAL,-8.78,NORMAL,,INSUFFICIENT
1129,SUNPHARMA,Mar 2022,38654,28397,10258,27,-3505,127,2144,4481,24,3389,14.0,73,2022,9.97,NORMAL,4.13,NORMAL,,INSUFFICIENT,1.85,NORMAL,-15.46,NORMAL,,INSUFFICIENT,8.37,NORMAL,-13.55,NORMAL,,INSUFFICIENT
1130,SUNPHARMA,Mar 2023,43886,32235,11650,27,459,172,2529,9408,9,8513,35.0,33,2023,10.15,NORMAL,10.62,NORMAL,14.7,NORMAL,26.84,NORMAL,27.34,NORMAL,9.39,NORMAL,29.81,NORMAL,31.21,NORMAL,9.6,NORMAL
1131,SUNPHARMA,Mar 2024,48497,35479,13018,28,865,238,2557,11088,13,9610,40.0,34,2024,13.13,NORMAL,10.78,NORMAL,11.67,NORMAL,61.72,NORMAL,24.54,NORMAL,9.5,NORMAL,49.38,NORMAL,29.46,NORMAL,10.31,NORMAL
1133,TATACONSUM,Mar 2013,7351,6581,770,10,56,84,105,637,26,445,6.0,36,2013,,INSUFFICIENT,,INSUFFICIENT,,INSUFFICIENT,,INSUFFICIENT,,INSUFFICIENT,,INSUFFICIENT,,INSUFFICIENT,,INSUFFICIENT,,INSUFFICIENT
1134,TATACONSUM,Mar 2014,7738,6986,752,10,170,87,129,707,26,510,7.0,29,2014,,INSUFFICIENT,,INSUFFICIENT,,INSUFFICIENT,,INSUFFICIENT,,INSUFFICIENT,,INSUFFICIENT,,INSUFFICIENT,,INSUFFICIENT,,INSUFFICIENT
1135,TATACONSUM,Mar 2015,7993,7201,792,10,-77,82,133,500,43,273,4.0,6,2015,,INSUFFICIENT,,INSUFFICIENT,,INSUFFICIENT,,INSUFFICIENT,,INSUFFICIENT,,INSUFFICIENT,,INSUFFICIENT,,INSUFFICIENT,,INSUFFICIENT
1136,TATACONSUM,Mar 2016,6637,6271,366,6,38,117,117,170,99,-37,0.0,-999,2016,-3.35,NORMAL,,INSUFFICIENT,,INSUFFICIENT,,DECLINE_TO_LOSS,,INSUFFICIENT,,INSUFFICIENT,-100.0,NORMAL,,INSUFFICIENT,,INSUFFICIENT
1137,TATACONSUM,Mar 2017,6780,5988,791,12,88,43,126,662,30,455,6.0,38,2017,-4.31,NORMAL,,INSUFFICIENT,,INSUFFICIENT,-3.73,NORMAL,,INSUFFICIENT,,INSUFFICIENT,-5.01,NORMAL,,INSUFFICIENT,,INSUFFICIENT
1138,TATACONSUM,Mar 2018,6815,5976,839,12,73,52,116,753,25,556,8.0,30,2018,-5.18,NORMAL,-1.5,NORMAL,,INSUFFICIENT,26.76,NORMAL,4.55,NORMAL,,INSUFFICIENT,25.99,NORMAL,5.92,NORMAL,,INSUFFICIENT
1139,TATACONSUM,Mar 2019,7252,6466,786,11,124,78,123,735,36,457,6.0,39,2019,3.0,NORMAL,-1.29,NORMAL,,INSUFFICIENT,,TURNAROUND,-2.17,NORMAL,,INSUFFICIENT,,ZERO_BASE,-3.04,NORMAL,,INSUFFICIENT
1140,TATACONSUM,Mar 2020,9637,8345,1292,13,-163,69,242,809,34,460,5.0,54,2020,12.44,NORMAL,3.81,NORMAL,,INSUFFICIENT,0.36,NORMAL,11.0,NORMAL,,INSUFFICIENT,-5.9,NORMAL,4.56,NORMAL,,INSUFFICIENT
1141,TATACONSUM,Mar 2021,11602,10058,1544,13,91,73,255,1311,24,930,9.0,44,2021,19.4,NORMAL,11.82,NORMAL,,INSUFFICIENT,18.71,NORMAL,,TURNAROUND,,INSUFFICIENT,4.0,NORMAL,,ZERO_BASE,,INSUFFICIENT
1142,TATACONSUM,Mar 2022,12425,10707,1719,14,88,87,278,1456,26,1015,10.0,60,2022,19.66,NORMAL,12.88,NORMAL,,INSUFFICIENT,30.47,NORMAL,17.41,NORMAL,,INSUFFICIENT,18.56,NORMAL,10.76,NORMAL,,INSUFFICIENT
1143,TATACONSUM,Mar 2023,13783,11927,1856,13,328,130,304,1794,25,1320,12.0,65,2023,12.67,NORMAL,15.13,NORMAL,6.49,NORMAL,42.1,NORMAL,18.88,NORMAL,11.49,NORMAL,33.89,NORMAL,8.45,NORMAL,7.18,NORMAL
1144,TATACONSUM,Mar 2024,15206,12922,2284,15,-81,87,377,1696,23,1215,12.0,64,2024,9.44,NORMAL,15.96,NORMAL,6.99,NORMAL,9.32,NORMAL,21.6,NORMAL,9.07,NORMAL,10.06,NORMAL,14.87,NORMAL,5.54,NORMAL
1146,TATAMOTORS,Mar 2013,188793,164197,24596,13,213,3560,7601,13647,28,9976,35.0,6,2013,,INSUFFICIENT,,INSUFFICIENT,,INSUFFICIENT,,INSUFFICIENT,,INSUFFICIENT,,INSUFFICIENT,,INSUFFICIENT,,INSUFFICIENT,,INSUFFICIENT
1147,TATAMOTORS,Mar 2014,232834,197980,34853,15,-157,4749,11078,18869,25,14050,48.0,5,2014,,INSUFFICIENT,,INSUFFICIENT,,INSUFFICIENT,,INSUFFICIENT,,INSUFFICIENT,,INSUFFICIENT,,INSUFFICIENT,,INSUFFICIENT,,INSUFFICIENT
1148,TATAMOTORS,Mar 2015,263159,223920,39239,15,714,4861,13389,21703,35,14073,48.0,0,2015,,INSUFFICIENT,,INSUFFICIENT,,INSUFFICIENT,,INSUFFICIENT,,INSUFFICIENT,,INSUFFICIENT,,INSUFFICIENT,,INSUFFICIENT,,INSUFFICIENT
1149,TATAMOTORS,Mar 2016,273046,234650,38395,14,-2670,4889,16711,14126,21,11678,40.0,1,2016,13.09,NORMAL,,INSUFFICIENT,,INSUFFICIENT,5.39,NORMAL,,INSUFFICIENT,,INSUFFICIENT,4.55,NORMAL,,INSUFFICIENT,,INSUFFICIENT
1150,TATAMOTORS,Mar 2017,269693,240104,29589,11,1869,4238,17905,9315,35,7557,26.0,0,2017,5.02,NORMAL,,INSUFFICIENT,,INSUFFICIENT,-18.67,NORMAL,,INSUFFICIENT,,INSUFFICIENT,-18.48,NORMAL,,INSUFFICIENT,,INSUFFICIENT
1151,TATAMOTORS,Mar 2018,291550,260093,31458,11,5933,4682,21554,11155,39,9091,31.0,0,2018,3.47,NORMAL,9.08,NORMAL,,INSUFFICIENT,-13.55,NORMAL,-1.84,NORMAL,,INSUFFICIENT,-13.56,NORMAL,-2.4,NORMAL,,INSUFFICIENT
1152,TATAMOTORS,Mar 2019,301938,277274,24664,8,-26686,5759,23591,-31371,-8,-28724,-100.0,0,2019,3.41,NORMAL,5.34,NORMAL,,INSUFFICIENT,,DECLINE_TO_LOSS,,DECLINE_TO_LOSS,,INSUFFICIENT,,DECLINE_TO_LOSS,,DECLINE_TO_LOSS,,INSUFFICIENT
1153,TATAMOTORS,Mar 2020,261068,243081,17987,7,102,7243,21425,-10580,4,-11975,-39.0,0,2020,-1.08,NORMAL,-0.16,NORMAL,,INSUFFICIENT,,DECLINE_TO_LOSS,,DECLINE_TO_LOSS,,INSUFFICIENT,,DECLINE_TO_LOSS,,DECLINE_TO_LOSS,,INSUFFICIENT
1154,TATAMOTORS,Mar 2021,249795,217507,32287,13,-11118,8097,23547,-10474,24,-13395,-41.0,0,2021,-5.02,NORMAL,-1.76,NORMAL,,INSUFFICIENT,,DECLINE_TO_LOSS,,DECLINE_TO_LOSS,,INSUFFICIENT,,DECLINE_TO_LOSS,,DECLINE_TO_LOSS,,INSUFFICIENT
1155,TATAMOTORS,Mar 2022,278454,253734,24720,9,2424,9312,24836,-7003,60,-11309,-34.0,0,2022,-2.66,NORMAL,0.64,NORMAL,,INSUFFICIENT,,BOTH_NEGATIVE,,DECLINE_TO_LOSS,,INSUFFICIENT,,BOTH_NEGATIVE,,DECLINE_TO_LOSS,,INSUFFICIENT
1156,TATAMOTORS,Mar 2023,345967,314151,31816,9,6664,10225,24860,3394,21,2690,7.0,32,2023,9.84,NORMAL,3.48,NORMAL,6.24,NORMAL,,TURNAROUND,-21.62,NORMAL,-12.28,NORMAL,,TURNAROUND,-25.74,NORMAL,-14.87,NORMAL
1157,TATAMOTORS,Mar 2024,437928,378389,59538,14,5673,9986,27270,27955,-14,31807,94.0,7,2024,20.58,NORMAL,7.72,NORMAL,6.52,NORMAL,,TURNAROUND,,TURNAROUND,8.51,NORMAL,,TURNAROUND,,TURNAROUND,6.95,NORMAL
1159,TATAPOWER,Mar 2013,33177,27583,5595,17,375,2642,2052,1277,92,123,0.0,-319,2013,,INSUFFICIENT,,INSUFFICIENT,,INSUFFICIENT,,INSUFFICIENT,,INSUFFICIENT,,INSUFFICIENT,,INSUFFICIENT,,INSUFFICIENT,,INSUFFICIENT
1160,TATAPOWER,Mar 2014,35726,28810,6916,19,229,3440,2730,975,99,12,-1.0,-114,2014,,INSUFFICIENT,,INSUFFICIENT,,INSUFFICIENT,,INSUFFICIENT,,INSUFFICIENT,,INSUFFICIENT,,INSUFFICIENT,,INSUFFICIENT,,INSUFFICIENT
1161,TATAPOWER,Mar 2015,33593,27292,6301,19,1056,3699,2174,1484,72,457,1.0,210,2015,,INSUFFICIENT,,INSUFFICIENT,,INSUFFICIENT,,INSUFFICIENT,,INSUFFICIENT,,INSUFFICIENT,,INSUFFICIENT,,INSUFFICIENT,,INSUFFICIENT
1162,TATAPOWER,Mar 2016,29494,27389,2105,7,4060,3236,1649,1281,53,786,2.0,53,2016,-3.85,NORMAL,,INSUFFICIENT,,INSUFFICIENT,85.57,NORMAL,,INSUFFICIENT,,INSUFFICIENT,,ZERO_BASE,,INSUFFICIENT,,INSUFFICIENT
1163,TATAPOWER,Mar 2017,27588,22114,5473,20,1297,3365,1956,1450,24,1100,3.0,39,2017,-8.26,NORMAL,,INSUFFICIENT,,INSUFFICIENT,350.89,NORMAL,,INSUFFICIENT,,INSUFFICIENT,,TURNAROUND,,INSUFFICIENT,,INSUFFICIENT
1164,TATAPOWER,Mar 2018,26840,24545,2295,9,6586,3761,2346,2773,6,2611,9.0,15,2018,-7.21,NORMAL,-4.15,NORMAL,,INSUFFICIENT,78.77,NORMAL,84.24,NORMAL,,INSUFFICIENT,108.01,NORMAL,,ZERO_BASE,,INSUFFICIENT
1165,TATAPOWER,Mar 2019,29881,26811,3070,10,7186,4170,2393,3693,29,2606,9.0,15,2019,0.44,NORMAL,-3.51,NORMAL,,INSUFFICIENT,49.11,NORMAL,193.33,NORMAL,,INSUFFICIENT,65.1,NORMAL,,TURNAROUND,,INSUFFICIENT
1166,TATAPOWER,Mar 2020,29136,22331,6805,23,2280,4494,2634,1958,33,1316,4.0,41,2020,1.84,NORMAL,-2.81,NORMAL,,INSUFFICIENT,6.16,NORMAL,23.56,NORMAL,,INSUFFICIENT,10.06,NORMAL,31.95,NORMAL,,INSUFFICIENT
1167,TATAPOWER,Mar 2021,32703,25782,6921,21,1775,4010,2745,1941,26,1439,4.0,44,2021,6.81,NORMAL,2.09,NORMAL,,INSUFFICIENT,-18.01,NORMAL,12.86,NORMAL,,INSUFFICIENT,-23.69,NORMAL,14.87,NORMAL,,INSUFFICIENT
1168,TATAPOWER,Mar 2022,42816,35785,7031,16,2486,3859,3122,2535,15,2156,5.0,32,2022,12.74,NORMAL,9.19,NORMAL,,INSUFFICIENT,-6.12,NORMAL,14.41,NORMAL,,INSUFFICIENT,-17.79,NORMAL,10.76,NORMAL,,INSUFFICIENT
1169,TATAPOWER,Mar 2023,55109,47381,7728,14,5540,4372,3439,5457,30,3810,10.0,19,2023,23.67,NORMAL,15.48,NORMAL,5.21,NORMAL,42.52,NORMAL,7.85,NORMAL,40.96,NORMAL,35.72,NORMAL,2.13,NORMAL,,ZERO_BASE
1170,TATAPOWER,Mar 2024,61449,50714,10735,17,3416,4633,3786,5732,25,4280,12.0,17,2024,23.4,NORMAL,15.51,NORMAL,5.57,NORMAL,43.81,NORMAL,10.43,NORMAL,79.98,NORMAL,44.22,NORMAL,5.92,NORMAL,,TURNAROUND
1172,TATASTEEL,Mar 2013,134712,130746,3965,3,1445,3968,5575,-4133,78,-7272,-6.0,-11,2013,,INSUFFICIENT,,INSUFFICIENT,,INSUFFICIENT,,INSUFFICIENT,,INSUFFICIENT,,INSUFFICIENT,,INSUFFICIENT,,INSUFFICIENT,,INSUFFICIENT
1173,TATASTEEL,Mar 2014,148614,132430,16184,11,716,4337,5841,6722,45,3665,3.0,27,2014,,INSUFFICIENT,,INSUFFICIENT,,INSUFFICIENT,,INSUFFICIENT,,INSUFFICIENT,,INSUFFICIENT,,INSUFFICIENT,,INSUFFICIENT,,INSUFFICIENT
1174,TATASTEEL,Mar 2015,139504,136095,3409,2,5994,4848,5944,-1388,99,-3939,-3.0,-20,2015,,INSUFFICIENT,,INSUFFICIENT,,INSUFFICIENT,,INSUFFICIENT,,INSUFFICIENT,,INSUFFICIENT,,INSUFFICIENT,,INSUFFICIENT,,INSUFFICIENT
1175,TATASTEEL,Mar 2016,101965,102590,-625,-1,10346,4221,5306,193,99,-497,0.0,-203,2016,-8.87,NORMAL,,INSUFFICIENT,,INSUFFICIENT,,BOTH_NEGATIVE,,INSUFFICIENT,,INSUFFICIENT,-100.0,NORMAL,,INSUFFICIENT,,INSUFFICIENT
1176,TATASTEEL,Mar 2017,112299,99156,13144,12,-3789,5072,5673,-1391,99,-4169,-4.0,-23,2017,-8.92,NORMAL,,INSUFFICIENT,,INSUFFICIENT,,DECLINE_TO_LOSS,,INSUFFICIENT,,INSUFFICIENT,,DECLINE_TO_LOSS,,INSUFFICIENT,,INSUFFICIENT
1177,TATASTEEL,Mar 2018,123249,101816,21433,17,10898,5455,5742,21135,16,17743,12.0,9,2018,-4.05,NORMAL,-1.76,NORMAL,,INSUFFICIENT,,TURNAROUND,,TURNAROUND,,INSUFFICIENT,,TURNAROUND,,TURNAROUND,,INSUFFICIENT
1178,TATASTEEL,Mar 2019,157669,128351,29318,19,1524,7660,7342,15841,42,9122,9.0,15,2019,15.64,NORMAL,1.19,NORMAL,,INSUFFICIENT,,TURNAROUND,20.01,NORMAL,,INSUFFICIENT,,ZERO_BASE,24.57,NORMAL,,INSUFFICIENT
1179,TATASTEEL,Mar 2020,139817,122354,17463,12,-2884,7533,8441,-1395,-99,1174,1.0,74,2020,7.58,NORMAL,0.04,NORMAL,,INSUFFICIENT,,TURNAROUND,,TURNAROUND,,INSUFFICIENT,,TURNAROUND,,TURNAROUND,,INSUFFICIENT
1180,TATASTEEL,Mar 2021,156294,125790,30504,20,180,7607,9234,13844,41,8190,6.0,40,2021,8.24,NORMAL,8.92,NORMAL,,INSUFFICIENT,-22.72,NORMAL,,TURNAROUND,,INSUFFICIENT,-20.63,NORMAL,,ZERO_BASE,,INSUFFICIENT
1181,TATASTEEL,Mar 2022,243959,180469,63490,26,1300,5462,9101,50227,17,41749,33.0,16,2022,15.66,NORMAL,16.79,NORMAL,,INSUFFICIENT,66.03,NORMAL,,TURNAROUND,,INSUFFICIENT,54.2,NORMAL,,TURNAROUND,,INSUFFICIENT
1182,TATASTEEL,Mar 2023,243353,211053,32300,13,1569,6299,9335,18235,56,8075,7.0,50,2023,20.29,NORMAL,14.58,NORMAL,6.09,NORMAL,90.18,NORMAL,-14.57,NORMAL,,TURNAROUND,91.29,NORMAL,-10.22,NORMAL,,TURNAROUND
1183,TATASTEEL,Mar 2024,229171,206923,22248,10,-6005,7508,9882,-1147,99,-4910,-4.0,-101,2024,13.61,NORMAL,7.77,NORMAL,4.43,NORMAL,,DECLINE_TO_LOSS,,DECLINE_TO_LOSS,,DECLINE_TO_LOSS,,DECLINE_TO_LOSS,,DECLINE_TO_LOSS,,DECLINE_TO_LOSS
1185,TCS,Mar 2013,62989,44950,18040,29,1178,48,1080,18090,22,14076,36.0,31,2013,,INSUFFICIENT,,INSUFFICIENT,,INSUFFICIENT,,INSUFFICIENT,,INSUFFICIENT,,INSUFFICIENT,,INSUFFICIENT,,INSUFFICIENT,,INSUFFICIENT
1186,TCS,Mar 2014,81809,56657,25153,31,1637,39,1349,25402,24,19332,49.0,33,2014,,INSUFFICIENT,,INSUFFICIENT,,INSUFFICIENT,,INSUFFICIENT,,INSUFFICIENT,,INSUFFICIENT,,INSUFFICIENT,,INSUFFICIENT,,INSUFFICIENT
1187,TCS,Mar 2015,94648,70167,24482,26,3720,104,1799,26298,24,20060,51.0,78,2015,,INSUFFICIENT,,INSUFFICIENT,,INSUFFICIENT,,INSUFFICIENT,,INSUFFICIENT,,INSUFFICIENT,,INSUFFICIENT,,INSUFFICIENT,,INSUFFICIENT
1188,TCS,Mar 2016,108646,77969,30677,28,3084,33,1888,31840,24,24338,62.0,35,2016,19.93,NORMAL,,INSUFFICIENT,,INSUFFICIENT,20.02,NORMAL,,INSUFFICIENT,,INSUFFICIENT,19.87,NORMAL,,INSUFFICIENT,,INSUFFICIENT
1189,TCS,Mar 2017,117966,85655,32311,27,4221,32,1987,34513,24,26357,67.0,35,2017,12.98,NORMAL,,INSUFFICIENT,,INSUFFICIENT,10.89,NORMAL,,INSUFFICIENT,,INSUFFICIENT,10.99,NORMAL,,INSUFFICIENT,,INSUFFICIENT
1190,TCS,Mar 2018,123104,90588,32516,26,3642,52,2014,34092,24,25880,67.0,37,2018,9.16,NORMAL,14.34,NORMAL,,INSUFFICIENT,8.86,NORMAL,12.95,NORMAL,,INSUFFICIENT,9.52,NORMAL,13.23,NORMAL,,INSUFFICIENT
1191,TCS,Mar 2019,146463,106957,39506,27,4311,198,2056,41563,24,31562,84.0,36,2019,10.47,NORMAL,12.35,NORMAL,,INSUFFICIENT,9.05,NORMAL,10.3,NORMAL,,INSUFFICIENT,10.65,NORMAL,11.38,NORMAL,,INSUFFICIENT
1192,TCS,Mar 2020,156949,114840,42109,27,4592,924,3529,42248,23,32447,86.0,85,2020,9.99,NORMAL,10.64,NORMAL,,INSUFFICIENT,7.17,NORMAL,10.1,NORMAL,,INSUFFICIENT,8.68,NORMAL,11.02,NORMAL,,INSUFFICIENT
1193,TCS,Mar 2021,164177,117631,46546,28,1916,637,4065,43760,26,32562,88.0,43,2021,10.07,NORMAL,8.61,NORMAL,,INSUFFICIENT,7.96,NORMAL,5.99,NORMAL,,INSUFFICIENT,9.51,NORMAL,7.26,NORMAL,,INSUFFICIENT
1194,TCS,Mar 2022,191754,138697,53057,28,4018,784,4604,51687,26,38449,105.0,41,2022,9.4,NORMAL,10.2,NORMAL,,INSUFFICIENT,6.8,NORMAL,7.84,NORMAL,,INSUFFICIENT,7.72,NORMAL,9.4,NORMAL,,INSUFFICIENT
1195,TCS,Mar 2023,225458,166199,59259,26,3449,779,5022,56907,26,42303,115.0,100,2023,12.83,NORMAL,12.86,NORMAL,13.6,NORMAL,9.24,NORMAL,10.33,NORMAL,11.63,NORMAL,10.17,NORMAL,11.41,NORMAL,12.32,NORMAL
1196,TCS,Mar 2024,240893,176597,64296,27,3464,778,4985,61997,26,46099,127.0,58,2024,13.63,NORMAL,10.46,NORMAL,11.4,NORMAL,12.29,NORMAL,7.87,NORMAL,9.08,NORMAL,13.01,NORMAL,8.62,NORMAL,9.99,NORMAL
1198,TECHM,Mar 2013,6873,5451,1422,21,-141,103,200,978,24,1307,25.0,5,2013,,INSUFFICIENT,,INSUFFICIENT,,INSUFFICIENT,,INSUFFICIENT,,INSUFFICIENT,,INSUFFICIENT,,INSUFFICIENT,,INSUFFICIENT,,INSUFFICIENT
1199,TECHM,Mar 2014,18802,14630,4172,22,244,80,522,3815,20,3062,32.0,15,2014,,INSUFFICIENT,,INSUFFICIENT,,INSUFFICIENT,,INSUFFICIENT,,INSUFFICIENT,,INSUFFICIENT,,INSUFFICIENT,,INSUFFICIENT,,INSUFFICIENT
1200,TECHM,Mar 2015,22621,18428,4193,19,106,69,611,3618,27,2659,27.0,22,2015,,INSUFFICIENT,,INSUFFICIENT,,INSUFFICIENT,,INSUFFICIENT,,INSUFFICIENT,,INSUFFICIENT,,INSUFFICIENT,,INSUFFICIENT,,INSUFFICIENT
1201,TECHM,Mar 2016,26494,22234,4260,16,453,97,759,3857,22,3027,31.0,35,2016,56.8,NORMAL,,INSUFFICIENT,,INSUFFICIENT,32.31,NORMAL,,INSUFFICIENT,,INSUFFICIENT,7.43,NORMAL,,INSUFFICIENT,,INSUFFICIENT
1202,TECHM,Mar 2017,29141,24956,4184,14,775,129,978,3853,26,2851,29.0,28,2017,15.73,NORMAL,,INSUFFICIENT,,INSUFFICIENT,-2.35,NORMAL,,INSUFFICIENT,,INSUFFICIENT,-3.23,NORMAL,,INSUFFICIENT,,INSUFFICIENT
1203,TECHM,Mar 2018,30773,26063,4710,15,1417,162,1085,4879,22,3786,39.0,33,2018,10.8,NORMAL,34.96,NORMAL,,INSUFFICIENT,12.5,NORMAL,23.7,NORMAL,,INSUFFICIENT,13.04,NORMAL,9.3,NORMAL,,INSUFFICIENT
1204,TECHM,Mar 2019,34742,28471,6271,18,534,133,1129,5543,23,4289,44.0,29,2019,9.46,NORMAL,13.07,NORMAL,,INSUFFICIENT,12.32,NORMAL,6.97,NORMAL,,INSUFFICIENT,12.38,NORMAL,6.58,NORMAL,,INSUFFICIENT
1205,TECHM,Mar 2020,36868,31365,5503,15,1192,192,1446,5058,23,3897,42.0,32,2020,8.16,NORMAL,10.26,NORMAL,,INSUFFICIENT,10.98,NORMAL,7.94,NORMAL,,INSUFFICIENT,13.14,NORMAL,9.24,NORMAL,,INSUFFICIENT
1206,TECHM,Mar 2021,37855,31059,6796,18,788,174,1458,5953,27,4353,46.0,89,2021,7.15,NORMAL,7.4,NORMAL,,INSUFFICIENT,4.76,NORMAL,7.54,NORMAL,,INSUFFICIENT,5.66,NORMAL,8.21,NORMAL,,INSUFFICIENT
1207,TECHM,Mar 2022,44646,36626,8020,18,1115,163,1520,7452,24,5630,57.0,47,2022,8.72,NORMAL,8.91,NORMAL,,INSUFFICIENT,9.49,NORMAL,14.58,NORMAL,,INSUFFICIENT,9.01,NORMAL,14.47,NORMAL,,INSUFFICIENT
1208,TECHM,Mar 2023,53290,45527,7763,15,965,326,1957,6446,25,4857,50.0,91,2023,13.07,NORMAL,11.61,NORMAL,22.73,NORMAL,7.62,NORMAL,5.11,NORMAL,14.03,NORMAL,5.98,NORMAL,5.09,NORMAL,7.18,NORMAL
1209,TECHM,Mar 2024,51996,47489,4506,9,927,392,1817,3224,26,2397,24.0,150,2024,11.16,NORMAL,8.4,NORMAL,10.71,NORMAL,-18.04,NORMAL,-10.99,NORMAL,-2.42,NORMAL,-19.5,NORMAL,-11.42,NORMAL,-2.84,NORMAL
1211,TITAN,Mar 2013,10123,9109,1014,10,99,51,56,1006,28,725,8.0,26,2013,,INSUFFICIENT,,INSUFFICIENT,,INSUFFICIENT,,INSUFFICIENT,,INSUFFICIENT,,INSUFFICIENT,,INSUFFICIENT,,INSUFFICIENT,,INSUFFICIENT
1212,TITAN,Mar 2014,10927,9880,1047,10,117,87,68,1010,27,735,8.0,25,2014,,INSUFFICIENT,,INSUFFICIENT,,INSUFFICIENT,,INSUFFICIENT,,INSUFFICIENT,,INSUFFICIENT,,INSUFFICIENT,,INSUFFICIENT,,INSUFFICIENT
1213,TITAN,Mar 2015,11913,10761,1153,10,67,81,90,1049,22,816,9.0,25,2015,,INSUFFICIENT,,INSUFFICIENT,,INSUFFICIENT,,INSUFFICIENT,,INSUFFICIENT,,INSUFFICIENT,,INSUFFICIENT,,INSUFFICIENT,,INSUFFICIENT
1214,TITAN,Mar 2016,11276,10337,939,8,69,42,98,868,22,675,8.0,29,2016,3.66,NORMAL,,INSUFFICIENT,,INSUFFICIENT,-2.35,NORMAL,,INSUFFICIENT,,INSUFFICIENT,0.0,NORMAL,,INSUFFICIENT,,INSUFFICIENT
1215,TITAN,Mar 2017,13261,12097,1164,9,-42,38,111,973,28,697,8.0,32,2017,6.67,NORMAL,,INSUFFICIENT,,INSUFFICIENT,-1.75,NORMAL,,INSUFFICIENT,,INSUFFICIENT,0.0,NORMAL,,INSUFFICIENT,,INSUFFICIENT
1216,TITAN,Mar 2018,16120,14476,1644,10,70,53,131,1530,28,1102,13.0,29,2018,10.61,NORMAL,9.75,NORMAL,,INSUFFICIENT,10.53,NORMAL,8.73,NORMAL,,INSUFFICIENT,13.04,NORMAL,10.2,NORMAL,,INSUFFICIENT
1217,TITAN,Mar 2019,19779,17785,1994,10,178,53,163,1957,29,1389,16.0,32,2019,20.6,NORMAL,12.6,NORMAL,,INSUFFICIENT,27.19,NORMAL,13.58,NORMAL,,INSUFFICIENT,25.99,NORMAL,14.87,NORMAL,,INSUFFICIENT
1218,TITAN,Mar 2020,21052,18589,2463,12,153,166,348,2102,29,1493,17.0,24,2020,16.66,NORMAL,12.06,NORMAL,,INSUFFICIENT,28.91,NORMAL,12.84,NORMAL,,INSUFFICIENT,28.56,NORMAL,13.56,NORMAL,,INSUFFICIENT
1219,TITAN,Mar 2021,21644,19919,1725,8,180,203,375,1327,27,974,11.0,37,2021,10.32,NORMAL,13.93,NORMAL,,INSUFFICIENT,-4.03,NORMAL,7.61,NORMAL,,INSUFFICIENT,-5.42,NORMAL,6.58,NORMAL,,INSUFFICIENT
1220,TITAN,Mar 2022,28799,25455,3344,12,177,218,399,2904,24,2198,24.0,31,2022,13.34,NORMAL,16.78,NORMAL,,INSUFFICIENT,16.53,NORMAL,25.82,NORMAL,,INSUFFICIENT,14.47,NORMAL,24.57,NORMAL,,INSUFFICIENT
1221,TITAN,Mar 2023,40575,35693,4882,12,306,300,441,4447,26,3274,37.0,27,2023,24.45,NORMAL,20.28,NORMAL,14.89,NORMAL,29.92,NORMAL,24.33,NORMAL,16.27,NORMAL,29.59,NORMAL,23.27,NORMAL,16.55,NORMAL
1222,TITAN,Mar 2024,51084,45792,5292,10,534,619,584,4623,24,3496,39.0,28,2024,33.14,NORMAL,20.9,NORMAL,16.68,NORMAL,53.11,NORMAL,20.27,NORMAL,16.88,NORMAL,52.48,NORMAL,19.51,NORMAL,17.16,NORMAL
1224,TORNTPHARM,Mar 2013,3203,2506,697,22,1,34,83,582,25,435,13.0,45,2013,,INSUFFICIENT,,INSUFFICIENT,,INSUFFICIENT,,INSUFFICIENT,,INSUFFICIENT,,INSUFFICIENT,,INSUFFICIENT,,INSUFFICIENT,,INSUFFICIENT
1225,TORNTPHARM,Mar 2014,4172,3216,955,23,34,59,87,844,21,664,20.0,25,2014,,INSUFFICIENT,,INSUFFICIENT,,INSUFFICIENT,,INSUFFICIENT,,INSUFFICIENT,,INSUFFICIENT,,INSUFFICIENT,,INSUFFICIENT,,INSUFFICIENT
1226,TORNTPHARM,Mar 2015,4636,3616,1020,22,286,175,191,940,20,751,22.0,25,2015,,INSUFFICIENT,,INSUFFICIENT,,INSUFFICIENT,,INSUFFICIENT,,INSUFFICIENT,,INSUFFICIENT,,INSUFFICIENT,,INSUFFICIENT,,INSUFFICIENT
1227,TORNTPHARM,Mar 2016,6687,3954,2733,41,32,184,238,2343,26,1733,51.0,34,2016,27.81,NORMAL,,INSUFFICIENT,,INSUFFICIENT,58.53,NORMAL,,INSUFFICIENT,,INSUFFICIENT,57.72,NORMAL,,INSUFFICIENT,,INSUFFICIENT
1228,TORNTPHARM,Mar 2017,5816,4438,1377,24,223,206,307,1088,14,934,28.0,25,2017,11.71,NORMAL,,INSUFFICIENT,,INSUFFICIENT,12.05,NORMAL,,INSUFFICIENT,,INSUFFICIENT,11.87,NORMAL,,INSUFFICIENT,,INSUFFICIENT
1229,TORNTPHARM,Mar 2018,5950,4601,1349,23,299,308,409,931,27,678,20.0,35,2018,8.67,NORMAL,13.19,NORMAL,,INSUFFICIENT,-3.35,NORMAL,9.28,NORMAL,,INSUFFICIENT,-3.13,NORMAL,9.0,NORMAL,,INSUFFICIENT
1230,TORNTPHARM,Mar 2019,7673,5690,1983,26,-300,504,618,562,22,436,13.0,66,2019,4.69,NORMAL,12.96,NORMAL,,INSUFFICIENT,-36.87,NORMAL,-8.07,NORMAL,,INSUFFICIENT,-36.59,NORMAL,-8.25,NORMAL,,INSUFFICIENT
1231,TORNTPHARM,Mar 2020,7939,5769,2170,27,121,451,654,1187,14,1025,30.0,53,2020,10.93,NORMAL,11.36,NORMAL,,INSUFFICIENT,3.15,NORMAL,6.42,NORMAL,,INSUFFICIENT,2.33,NORMAL,6.4,NORMAL,,INSUFFICIENT
1232,TORNTPHARM,Mar 2021,8005,5524,2480,31,57,353,658,1526,18,1252,37.0,47,2021,10.39,NORMAL,3.66,NORMAL,,INSUFFICIENT,22.69,NORMAL,-6.3,NORMAL,,INSUFFICIENT,22.76,NORMAL,-6.22,NORMAL,,INSUFFICIENT
1233,TORNTPHARM,Mar 2022,8508,6077,2431,29,-288,255,662,1226,37,777,23.0,105,2022,3.5,NORMAL,7.9,NORMAL,,INSUFFICIENT,21.24,NORMAL,-3.61,NORMAL,,INSUFFICIENT,20.95,NORMAL,-3.86,NORMAL,,INSUFFICIENT
1234,TORNTPHARM,Mar 2023,9620,6778,2842,30,45,333,707,1847,33,1245,37.0,60,2023,6.61,NORMAL,10.09,NORMAL,11.63,NORMAL,6.7,NORMAL,12.92,NORMAL,11.09,NORMAL,7.24,NORMAL,13.09,NORMAL,11.03,NORMAL
1235,TORNTPHARM,Mar 2024,10728,7360,3368,31,146,354,808,2352,30,1656,49.0,57,2024,10.25,NORMAL,6.93,NORMAL,9.9,NORMAL,9.77,NORMAL,30.59,NORMAL,9.57,NORMAL,9.82,NORMAL,30.39,NORMAL,9.37,NORMAL
1237,TRENT,Mar 2013,2132,2128,5,0,58,29,45,-10,99,-27,-1.0,-87,2013,,INSUFFICIENT,,INSUFFICIENT,,INSUFFICIENT,,INSUFFICIENT,,INSUFFICIENT,,INSUFFICIENT,,INSUFFICIENT,,INSUFFICIENT,,INSUFFICIENT
1238,TRENT,Mar 2014,2333,2343,-10,0,91,26,54,1,99,-19,-1.0,-125,2014,,INSUFFICIENT,,INSUFFICIENT,,INSUFFICIENT,,INSUFFICIENT,,INSUFFICIENT,,INSUFFICIENT,,INSUFFICIENT,,INSUFFICIENT,,INSUFFICIENT
1239,TRENT,Mar 2015,2284,2196,88,4,208,22,75,200,35,129,4.0,26,2015,,INSUFFICIENT,,INSUFFICIENT,,INSUFFICIENT,,INSUFFICIENT,,INSUFFICIENT,,INSUFFICIENT,,INSUFFICIENT,,INSUFFICIENT,,INSUFFICIENT
1240,TRENT,Mar 2016,1686,1596,90,5,86,48,39,90,39,55,2.0,54,2016,-7.53,NORMAL,,INSUFFICIENT,,INSUFFICIENT,,TURNAROUND,,INSUFFICIENT,,INSUFFICIENT,,TURNAROUND,,INSUFFICIENT,,INSUFFICIENT
1241,TRENT,Mar 2017,1812,1679,134,7,81,46,41,128,34,85,3.0,39,2017,-8.08,NORMAL,,INSUFFICIENT,,INSUFFICIENT,,TURNAROUND,,INSUFFICIENT,,INSUFFICIENT,,TURNAROUND,,INSUFFICIENT,,INSUFFICIENT
1242,TRENT,Mar 2018,2157,1949,208,10,27,44,46,147,41,87,3.0,44,2018,-1.89,NORMAL,0.23,NORMAL,,INSUFFICIENT,-12.3,NORMAL,,TURNAROUND,,INSUFFICIENT,-9.14,NORMAL,,TURNAROUND,,INSUFFICIENT
1243,TRENT,Mar 2019,2630,2390,241,9,30,51,52,165,44,95,3.0,45,2019,15.98,NORMAL,2.43,NORMAL,,INSUFFICIENT,19.98,NORMAL,,TURNAROUND,,INSUFFICIENT,14.47,NORMAL,,TURNAROUND,,INSUFFICIENT
1244,TRENT,Mar 2020,3486,2957,529,15,147,263,247,165,36,106,3.0,29,2020,24.37,NORMAL,8.82,NORMAL,,INSUFFICIENT,7.64,NORMAL,-3.85,NORMAL,,INSUFFICIENT,0.0,NORMAL,-5.59,NORMAL,,INSUFFICIENT
1245,TRENT,Mar 2021,2593,2479,114,4,199,261,257,-205,-12,-181,-4.0,-15,2021,6.33,NORMAL,8.99,NORMAL,,INSUFFICIENT,,DECLINE_TO_LOSS,,DECLINE_TO_LOSS,,INSUFFICIENT,,DECLINE_TO_LOSS,,DECLINE_TO_LOSS,,INSUFFICIENT
1246,TRENT,Mar 2022,4498,3903,595,13,152,325,311,111,69,35,3.0,57,2022,19.59,NORMAL,19.94,NORMAL,,INSUFFICIENT,-28.31,NORMAL,-16.26,NORMAL,,INSUFFICIENT,0.0,NORMAL,0.0,NORMAL,,INSUFFICIENT
1247,TRENT,Mar 2023,8242,7128,1114,14,341,409,494,552,29,394,13.0,18,2023,33.22,NORMAL,30.75,NORMAL,14.48,NORMAL,54.9,NORMAL,35.27,NORMAL,,TURNAROUND,63.03,NORMAL,34.08,NORMAL,,TURNAROUND
1248,TRENT,Mar 2024,12375,10404,1971,16,989,368,671,1921,23,1477,42.0,8,2024,68.36,NORMAL,36.31,NORMAL,18.16,NORMAL,,TURNAROUND,73.11,NORMAL,,TURNAROUND,,TURNAROUND,69.52,NORMAL,,TURNAROUND
1250,TVSMOTOR,Mar 2013,7510,7072,438,6,130,103,176,290,32,198,4.0,30,2013,,INSUFFICIENT,,INSUFFICIENT,,INSUFFICIENT,,INSUFFICIENT,,INSUFFICIENT,,INSUFFICIENT,,INSUFFICIENT,,INSUFFICIENT,,INSUFFICIENT
1251,TVSMOTOR,Mar 2014,8384,7892,492,6,44,80,149,307,39,187,4.0,37,2014,,INSUFFICIENT,,INSUFFICIENT,,INSUFFICIENT,,INSUFFICIENT,,INSUFFICIENT,,INSUFFICIENT,,INSUFFICIENT,,INSUFFICIENT,,INSUFFICIENT
1252,TVSMOTOR,Mar 2015,10256,9650,605,6,80,62,179,444,28,328,7.0,28,2015,,INSUFFICIENT,,INSUFFICIENT,,INSUFFICIENT,,INSUFFICIENT,,INSUFFICIENT,,INSUFFICIENT,,INSUFFICIENT,,INSUFFICIENT,,INSUFFICIENT
1253,TVSMOTOR,Mar 2016,11377,10558,819,7,93,70,262,580,26,429,9.0,28,2016,14.85,NORMAL,,INSUFFICIENT,,INSUFFICIENT,29.4,NORMAL,,INSUFFICIENT,,INSUFFICIENT,31.04,NORMAL,,INSUFFICIENT,,INSUFFICIENT
1254,TVSMOTOR,Mar 2017,12463,11591,871,7,163,60,317,658,23,509,11.0,23,2017,14.13,NORMAL,,INSUFFICIENT,,INSUFFICIENT,39.62,NORMAL,,INSUFFICIENT,,INSUFFICIENT,40.1,NORMAL,,INSUFFICIENT,,INSUFFICIENT
1255,TVSMOTOR,Mar 2018,16340,14769,1571,10,71,338,374,931,29,665,14.0,24,2018,16.8,NORMAL,16.82,NORMAL,,INSUFFICIENT,26.57,NORMAL,27.42,NORMAL,,INSUFFICIENT,25.99,NORMAL,28.47,NORMAL,,INSUFFICIENT
1256,TVSMOTOR,Mar 2019,20160,17997,2163,11,25,663,442,1083,33,725,15.0,24,2019,21.01,NORMAL,19.18,NORMAL,,INSUFFICIENT,19.11,NORMAL,31.13,NORMAL,,INSUFFICIENT,18.56,NORMAL,30.26,NORMAL,,INSUFFICIENT
1257,TVSMOTOR,Mar 2020,18849,16585,2264,12,12,855,556,865,25,647,13.0,27,2020,14.79,NORMAL,12.94,NORMAL,,INSUFFICIENT,8.33,NORMAL,14.55,NORMAL,,INSUFFICIENT,5.73,NORMAL,13.18,NORMAL,,INSUFFICIENT
1258,TVSMOTOR,Mar 2021,19421,17189,2232,11,36,881,565,822,26,608,13.0,28,2021,5.93,NORMAL,11.29,NORMAL,,INSUFFICIENT,-2.94,NORMAL,7.22,NORMAL,,INSUFFICIENT,-2.44,NORMAL,7.63,NORMAL,,INSUFFICIENT
1259,TVSMOTOR,Mar 2022,24355,21601,2755,11,-5,940,743,1067,31,731,16.0,24,2022,6.5,NORMAL,14.34,NORMAL,,INSUFFICIENT,0.28,NORMAL,7.51,NORMAL,,INSUFFICIENT,2.17,NORMAL,7.78,NORMAL,,INSUFFICIENT
1260,TVSMOTOR,Mar 2023,31974,27947,4027,13,136,1368,859,1936,32,1309,28.0,18,2023,19.26,NORMAL,14.37,NORMAL,15.59,NORMAL,26.48,NORMAL,14.5,NORMAL,20.79,NORMAL,29.14,NORMAL,14.87,NORMAL,21.48,NORMAL
1261,TVSMOTOR,Mar 2024,39145,33645,5500,14,106,1928,975,2703,34,1779,36.0,23,2024,26.32,NORMAL,14.19,NORMAL,16.66,NORMAL,43.03,NORMAL,19.67,NORMAL,25.27,NORMAL,40.43,NORMAL,19.14,NORMAL,24.57,NORMAL
1263,ULTRACEMCO,Mar 2013,20514,15674,4839,24,304,252,1023,3867,30,2688,98.0,9,2013,,INSUFFICIENT,,INSUFFICIENT,,INSUFFICIENT,,INSUFFICIENT,,INSUFFICIENT,,INSUFFICIENT,,INSUFFICIENT,,INSUFFICIENT,,INSUFFICIENT
1264,ULTRACEMCO,Mar 2014,20730,16695,4035,19,322,361,1139,2858,23,2213,80.0,11,2014,,INSUFFICIENT,,INSUFFICIENT,,INSUFFICIENT,,INSUFFICIENT,,INSUFFICIENT,,INSUFFICIENT,,INSUFFICIENT,,INSUFFICIENT,,INSUFFICIENT
1265,ULTRACEMCO,Mar 2015,23306,18881,4425,19,350,587,1203,2986,30,2102,76.0,12,2015,,INSUFFICIENT,,INSUFFICIENT,,INSUFFICIENT,,INSUFFICIENT,,INSUFFICIENT,,INSUFFICIENT,,INSUFFICIENT,,INSUFFICIENT,,INSUFFICIENT
1266,ULTRACEMCO,Mar 2016,25153,20252,4901,19,464,566,1377,3421,28,2480,90.0,11,2016,7.03,NORMAL,,INSUFFICIENT,,INSUFFICIENT,-2.65,NORMAL,,INSUFFICIENT,,INSUFFICIENT,-2.8,NORMAL,,INSUFFICIENT,,INSUFFICIENT
1267,ULTRACEMCO,Mar 2017,25375,20162,5212,21,648,640,1348,3872,30,2714,99.0,10,2017,6.97,NORMAL,,INSUFFICIENT,,INSUFFICIENT,7.04,NORMAL,,INSUFFICIENT,,INSUFFICIENT,7.36,NORMAL,,INSUFFICIENT,,INSUFFICIENT
1268,ULTRACEMCO,Mar 2018,30979,24834,6145,20,242,1238,1848,3301,33,2224,81.0,13,2018,9.95,NORMAL,8.59,NORMAL,,INSUFFICIENT,1.9,NORMAL,-3.72,NORMAL,,INSUFFICIENT,2.15,NORMAL,-3.74,NORMAL,,INSUFFICIENT
1269,ULTRACEMCO,Mar 2019,41462,34115,7347,18,350,1778,2451,3468,31,2400,88.0,13,2019,18.13,NORMAL,14.87,NORMAL,,INSUFFICIENT,-1.09,NORMAL,1.64,NORMAL,,INSUFFICIENT,-0.75,NORMAL,1.92,NORMAL,,INSUFFICIENT
1270,ULTRACEMCO,Mar 2020,42430,33184,9246,22,651,1992,2723,5183,-11,5751,199.0,7,2020,18.69,NORMAL,12.73,NORMAL,,INSUFFICIENT,28.44,NORMAL,22.3,NORMAL,,INSUFFICIENT,26.2,NORMAL,21.23,NORMAL,,INSUFFICIENT
1271,ULTRACEMCO,Mar 2021,44726,33158,11568,26,619,1486,2700,8001,32,5462,189.0,20,2021,13.02,NORMAL,12.2,NORMAL,,INSUFFICIENT,34.92,NORMAL,17.11,NORMAL,,INSUFFICIENT,32.64,NORMAL,16.0,NORMAL,,INSUFFICIENT
1272,ULTRACEMCO,Mar 2022,52599,41084,11514,22,669,945,2715,8524,14,7334,254.0,15,2022,8.25,NORMAL,15.69,NORMAL,,INSUFFICIENT,45.11,NORMAL,22.0,NORMAL,,INSUFFICIENT,42.38,NORMAL,20.74,NORMAL,,INSUFFICIENT
1273,ULTRACEMCO,Mar 2023,63240,52620,10620,17,507,823,2888,7416,32,5073,175.0,22,2023,14.23,NORMAL,15.34,NORMAL,11.92,NORMAL,-4.1,NORMAL,17.93,NORMAL,6.56,NORMAL,-4.19,NORMAL,16.66,NORMAL,5.97,NORMAL
1274,ULTRACEMCO,Mar 2024,70908,57940,12969,18,567,968,3145,9422,26,7004,243.0,29,2024,16.6,NORMAL,11.33,NORMAL,13.09,NORMAL,8.64,NORMAL,23.89,NORMAL,12.21,NORMAL,8.74,NORMAL,22.53,NORMAL,11.75,NORMAL
1276,UNIONBANK,Mar 2013,25169,7268,325,1,2868,17575,156,3037,30,2146,36.0,22,2013,,INSUFFICIENT,,INSUFFICIENT,,INSUFFICIENT,,INSUFFICIENT,,INSUFFICIENT,,INSUFFICIENT,,INSUFFICIENT,,INSUFFICIENT,,INSUFFICIENT
1277,UNIONBANK,Mar 2014,29394,8829,-902,-3,3141,21467,198,2040,18,1687,27.0,15,2014,,INSUFFICIENT,,INSUFFICIENT,,INSUFFICIENT,,INSUFFICIENT,,INSUFFICIENT,,INSUFFICIENT,,INSUFFICIENT,,INSUFFICIENT,,INSUFFICIENT
1278,UNIONBANK,Mar 2015,32164,9498,-973,-3,3957,23640,225,2759,36,1771,28.0,22,2015,,INSUFFICIENT,,INSUFFICIENT,,INSUFFICIENT,,INSUFFICIENT,,INSUFFICIENT,,INSUFFICIENT,,INSUFFICIENT,,INSUFFICIENT,,INSUFFICIENT
1279,UNIONBANK,Mar 2016,32316,10349,-1928,-6,3934,23894,249,1758,24,1347,20.0,10,2016,8.69,NORMAL,,INSUFFICIENT,,INSUFFICIENT,-14.38,NORMAL,,INSUFFICIENT,,INSUFFICIENT,-17.79,NORMAL,,INSUFFICIENT,,INSUFFICIENT
1280,UNIONBANK,Mar 2017,32817,13871,-4830,-15,5430,23771,241,359,-58,573,8.0,0,2017,3.74,NORMAL,,INSUFFICIENT,,INSUFFICIENT,-30.23,NORMAL,,INSUFFICIENT,,INSUFFICIENT,-33.33,NORMAL,,INSUFFICIENT,,INSUFFICIENT
1281,UNIONBANK,Mar 2018,32952,21181,-11700,-36,5462,23471,368,-6607,-21,-5212,-45.0,0,2018,0.81,NORMAL,5.54,NORMAL,,INSUFFICIENT,,DECLINE_TO_LOSS,,DECLINE_TO_LOSS,,INSUFFICIENT,,DECLINE_TO_LOSS,,DECLINE_TO_LOSS,,INSUFFICIENT
1282,UNIONBANK,Mar 2019,34314,19019,-8601,-25,5042,23896,374,-3933,-25,-2922,-17.0,0,2019,2.02,NORMAL,3.14,NORMAL,,INSUFFICIENT,,DECLINE_TO_LOSS,,DECLINE_TO_LOSS,,INSUFFICIENT,,DECLINE_TO_LOSS,,DECLINE_TO_LOSS,,INSUFFICIENT
1283,UNIONBANK,Mar 2020,37479,21166,-9523,-25,5789,25837,417,-4151,-27,-3121,-9.0,0,2020,4.53,NORMAL,3.11,NORMAL,,INSUFFICIENT,,DECLINE_TO_LOSS,,DECLINE_TO_LOSS,,INSUFFICIENT,,DECLINE_TO_LOSS,,DECLINE_TO_LOSS,,INSUFFICIENT
1284,UNIONBANK,Mar 2021,69311,36270,-11071,-16,14307,44112,908,2327,-22,2863,4.0,0,2021,28.13,NORMAL,16.49,NORMAL,,INSUFFICIENT,,TURNAROUND,16.28,NORMAL,,INSUFFICIENT,,TURNAROUND,-27.52,NORMAL,,INSUFFICIENT
1285,UNIONBANK,Mar 2022,68230,32264,-4213,-6,13524,40178,745,8566,39,5265,8.0,25,2022,25.75,NORMAL,15.76,NORMAL,,INSUFFICIENT,,TURNAROUND,55.83,NORMAL,,INSUFFICIENT,,TURNAROUND,0.0,NORMAL,,INSUFFICIENT
1286,UNIONBANK,Mar 2023,81163,36155,-3024,-4,15915,48033,745,12147,31,8512,12.0,24,2023,29.38,NORMAL,19.76,NORMAL,12.42,NORMAL,,TURNAROUND,,TURNAROUND,14.77,NORMAL,,TURNAROUND,,TURNAROUND,-10.4,NORMAL
1287,UNIONBANK,Mar 2024,100376,32422,4590,5,17813,63364,895,21508,36,13797,18.0,20,2024,13.14,NORMAL,23.95,NORMAL,13.07,NORMAL,68.91,NORMAL,,TURNAROUND,23.39,NORMAL,65.1,NORMAL,,TURNAROUND,-3.97,NORMAL
1289,UNITDSPR,Mar 2013,10378,9287,1091,11,146,985,178,73,99,-105,-2.0,-31,2013,,INSUFFICIENT,,INSUFFICIENT,,INSUFFICIENT,,INSUFFICIENT,,INSUFFICIENT,,INSUFFICIENT,,INSUFFICIENT,,INSUFFICIENT,,INSUFFICIENT
1290,UNITDSPR,Mar 2014,10508,13876,-3368,-32,681,1323,203,-4213,7,-4489,-62.0,0,2014,,INSUFFICIENT,,INSUFFICIENT,,INSUFFICIENT,,INSUFFICIENT,,INSUFFICIENT,,INSUFFICIENT,,INSUFFICIENT,,INSUFFICIENT,,INSUFFICIENT
1291,UNITDSPR,Mar 2015,9254,9619,-366,-4,-360,687,223,-1635,3,-1687,-23.0,0,2015,,INSUFFICIENT,,INSUFFICIENT,,INSUFFICIENT,,INSUFFICIENT,,INSUFFICIENT,,INSUFFICIENT,,INSUFFICIENT,,INSUFFICIENT,,INSUFFICIENT
1292,UNITDSPR,Mar 2016,8495,8162,333,4,648,457,157,366,61,143,2.0,0,2016,-6.46,NORMAL,,INSUFFICIENT,,INSUFFICIENT,,TURNAROUND,,INSUFFICIENT,,INSUFFICIENT,,TURNAROUND,,INSUFFICIENT,,INSUFFICIENT
1293,UNITDSPR,Mar 2017,8818,7826,991,11,-265,375,189,163,43,93,1.0,0,2017,-5.68,NORMAL,,INSUFFICIENT,,INSUFFICIENT,,TURNAROUND,,INSUFFICIENT,,INSUFFICIENT,,TURNAROUND,,INSUFFICIENT,,INSUFFICIENT
1294,UNITDSPR,Mar 2018,8591,7381,1209,14,172,278,192,912,28,652,9.0,0,2018,-2.45,NORMAL,-3.71,NORMAL,,INSUFFICIENT,,TURNAROUND,,TURNAROUND,,INSUFFICIENT,,TURNAROUND,,TURNAROUND,,INSUFFICIENT
1295,UNITDSPR,Mar 2019,9341,7947,1394,15,70,237,215,1012,32,684,10.0,0,2019,3.22,NORMAL,-2.33,NORMAL,,INSUFFICIENT,68.49,NORMAL,,TURNAROUND,,INSUFFICIENT,71.0,NORMAL,,TURNAROUND,,INSUFFICIENT
1296,UNITDSPR,Mar 2020,9325,7756,1569,17,89,212,285,1160,47,621,9.0,0,2020,1.88,NORMAL,0.15,NORMAL,,INSUFFICIENT,88.31,NORMAL,,TURNAROUND,,INSUFFICIENT,108.01,NORMAL,,TURNAROUND,,INSUFFICIENT
1297,UNITDSPR,Mar 2021,8131,7080,1051,13,-25,188,299,540,33,362,5.0,0,2021,-1.82,NORMAL,-0.87,NORMAL,,INSUFFICIENT,-17.81,NORMAL,20.41,NORMAL,,INSUFFICIENT,-17.79,NORMAL,20.11,NORMAL,,INSUFFICIENT
1298,UNITDSPR,Mar 2022,9712,8117,1595,16,-117,88,304,1087,25,811,11.0,0,2022,1.31,NORMAL,1.95,NORMAL,,INSUFFICIENT,5.84,NORMAL,54.21,NORMAL,,INSUFFICIENT,3.23,NORMAL,61.54,NORMAL,,INSUFFICIENT
1299,UNITDSPR,Mar 2023,10612,9195,1417,13,249,104,283,1279,12,1126,16.0,0,2023,4.4,NORMAL,4.32,NORMAL,0.22,NORMAL,21.94,NORMAL,11.55,NORMAL,,TURNAROUND,21.14,NORMAL,12.2,NORMAL,,TURNAROUND
1300,UNITDSPR,Mar 2024,11321,9321,2000,18,208,76,275,1857,24,1408,19.0,46,2024,11.66,NORMAL,3.92,NORMAL,0.75,NORMAL,57.26,NORMAL,15.53,NORMAL,,TURNAROUND,56.05,NORMAL,13.7,NORMAL,,TURNAROUND
1302,VBL,Dec 2012,1800,1572,228,13,44,116,136,21,-20,25,2.0,0,2012,,INSUFFICIENT,,INSUFFICIENT,,INSUFFICIENT,,INSUFFICIENT,,INSUFFICIENT,,INSUFFICIENT,,INSUFFICIENT,,INSUFFICIENT,,INSUFFICIENT
1303,VBL,Dec 2013,2115,1824,291,14,19,171,184,-46,-11,-40,0.0,0,2013,,INSUFFICIENT,,INSUFFICIENT,,INSUFFICIENT,,INSUFFICIENT,,INSUFFICIENT,,INSUFFICIENT,,INSUFFICIENT,,INSUFFICIENT,,INSUFFICIENT
1304,VBL,Dec 2014,2502,2116,387,15,14,187,210,4,99,-20,0.0,0,2014,,INSUFFICIENT,,INSUFFICIENT,,INSUFFICIENT,,INSUFFICIENT,,INSUFFICIENT,,INSUFFICIENT,,INSUFFICIENT,,INSUFFICIENT,,INSUFFICIENT
1305,VBL,Dec 2015,3394,2752,642,19,36,170,317,191,41,113,1.0,0,2015,23.54,NORMAL,,INSUFFICIENT,,INSUFFICIENT,65.34,NORMAL,,INSUFFICIENT,,INSUFFICIENT,-20.63,NORMAL,,INSUFFICIENT,,INSUFFICIENT
1306,VBL,Dec 2016,3861,3052,810,21,27,435,322,79,39,48,0.0,0,2016,22.22,NORMAL,,INSUFFICIENT,,INSUFFICIENT,,TURNAROUND,,INSUFFICIENT,,INSUFFICIENT,,ZERO_BASE,,INSUFFICIENT,,INSUFFICIENT
1307,VBL,Dec 2017,4004,3165,838,21,14,215,347,291,26,214,1.0,22,2017,16.97,NORMAL,17.34,NORMAL,,INSUFFICIENT,,TURNAROUND,53.64,NORMAL,,INSUFFICIENT,,ZERO_BASE,-12.94,NORMAL,,INSUFFICIENT
1308,VBL,Dec 2018,5105,4069,1036,20,6,223,385,434,31,300,1.0,16,2018,14.58,NORMAL,19.27,NORMAL,,INSUFFICIENT,38.47,NORMAL,,TURNAROUND,,INSUFFICIENT,0.0,NORMAL,,ZERO_BASE,,INSUFFICIENT
1309,VBL,Dec 2019,7130,5667,1462,21,47,324,489,696,32,472,1.0,15,2019,22.69,NORMAL,23.3,NORMAL,,INSUFFICIENT,114.24,NORMAL,,TURNAROUND,,INSUFFICIENT,,ZERO_BASE,,ZERO_BASE,,INSUFFICIENT
1310,VBL,Dec 2020,6450,5235,1215,19,-30,294,529,363,1,357,1.0,22,2020,17.23,NORMAL,13.7,NORMAL,,INSUFFICIENT,18.6,NORMAL,25.87,NORMAL,,INSUFFICIENT,0.0,NORMAL,0.0,NORMAL,,INSUFFICIENT
1311,VBL,Dec 2021,8823,7129,1694,19,51,207,531,1007,26,746,2.0,16,2021,20.01,NORMAL,17.97,NORMAL,,INSUFFICIENT,35.48,NORMAL,73.1,NORMAL,,INSUFFICIENT,25.99,NORMAL,,ZERO_BASE,,INSUFFICIENT
1312,VBL,Dec 2022,13173,10310,2863,22,-18,204,617,2024,23,1550,5.0,15,2022,22.71,NORMAL,26.89,NORMAL,22.02,NORMAL,48.64,NORMAL,48.59,NORMAL,51.09,NORMAL,71.0,NORMAL,37.97,NORMAL,9.6,NORMAL
1313,VBL,Dec 2023,16043,12326,3717,23,-5,292,681,2739,23,2102,6.0,16,2023,35.49,NORMAL,25.74,NORMAL,22.46,NORMAL,80.57,NORMAL,47.61,NORMAL,,TURNAROUND,81.71,NORMAL,43.1,NORMAL,,ZERO_BASE
1315,VEDL,Mar 2013,2749,2283,465,17,33,475,197,-174,-25,2280,26.0,0,2013,,INSUFFICIENT,,INSUFFICIENT,,INSUFFICIENT,,INSUFFICIENT,,INSUFFICIENT,,INSUFFICIENT,,INSUFFICIENT,,INSUFFICIENT,,INSUFFICIENT
1316,VEDL,Mar 2014,66152,46557,19595,30,1874,5094,6882,9493,-9,11421,21.0,15,2014,,INSUFFICIENT,,INSUFFICIENT,,INSUFFICIENT,,INSUFFICIENT,,INSUFFICIENT,,INSUFFICIENT,,INSUFFICIENT,,INSUFFICIENT,,INSUFFICIENT
1317,VEDL,Mar 2015,73710,51595,22114,30,-19222,5659,7159,-9925,15,-11369,-53.0,-8,2015,,INSUFFICIENT,,INSUFFICIENT,,INSUFFICIENT,,INSUFFICIENT,,INSUFFICIENT,,INSUFFICIENT,,INSUFFICIENT,,INSUFFICIENT,,INSUFFICIENT
1318,VEDL,Mar 2016,64262,82741,-18479,-29,4290,5778,8572,-28540,-37,-17862,-41.0,-8,2016,185.93,NORMAL,,INSUFFICIENT,,INSUFFICIENT,,DECLINE_TO_LOSS,,INSUFFICIENT,,INSUFFICIENT,,DECLINE_TO_LOSS,,INSUFFICIENT,,INSUFFICIENT
1319,VEDL,Mar 2017,72225,50849,21376,30,4423,5855,6292,13652,17,11316,23.0,83,2017,2.97,NORMAL,,INSUFFICIENT,,INSUFFICIENT,-0.31,NORMAL,,INSUFFICIENT,,INSUFFICIENT,3.08,NORMAL,,INSUFFICIENT,,INSUFFICIENT
1320,VEDL,Mar 2018,91866,66989,24877,27,6087,5112,6283,19569,30,13692,28.0,76,2018,7.62,NORMAL,101.74,NORMAL,,INSUFFICIENT,,TURNAROUND,43.12,NORMAL,,INSUFFICIENT,,TURNAROUND,1.49,NORMAL,,INSUFFICIENT
1321,VEDL,Mar 2019,92048,68877,23171,25,4270,5689,8192,13560,28,9698,19.0,99,2019,12.72,NORMAL,6.83,NORMAL,,INSUFFICIENT,,TURNAROUND,-3.22,NORMAL,,INSUFFICIENT,,TURNAROUND,-1.98,NORMAL,,INSUFFICIENT
1322,VEDL,Mar 2020,84447,63704,20743,25,-14932,4977,9093,-8259,-43,-4744,-18.0,-22,2020,5.35,NORMAL,2.76,NORMAL,,INSUFFICIENT,,DECLINE_TO_LOSS,,BOTH_NEGATIVE,,INSUFFICIENT,,DECLINE_TO_LOSS,,BOTH_NEGATIVE,,INSUFFICIENT
1323,VEDL,Mar 2021,88021,60703,27318,31,2743,5210,7638,17213,13,15032,31.0,30,2021,-1.42,NORMAL,6.49,NORMAL,,INSUFFICIENT,3.16,NORMAL,,TURNAROUND,,INSUFFICIENT,3.45,NORMAL,,TURNAROUND,,INSUFFICIENT
1324,VEDL,Mar 2022,132732,87908,44824,34,1832,4797,8895,32964,28,23710,51.0,89,2022,12.98,NORMAL,12.94,NORMAL,,INSUFFICIENT,34.72,NORMAL,15.94,NORMAL,,INSUFFICIENT,38.98,NORMAL,17.27,NORMAL,,INSUFFICIENT
1325,VEDL,Mar 2023,147308,112877,34431,23,2625,6225,10555,20276,28,14503,28.0,357,2023,20.38,NORMAL,9.9,NORMAL,48.9,NORMAL,,TURNAROUND,1.16,NORMAL,20.32,NORMAL,,TURNAROUND,0.0,NORMAL,0.74,NORMAL
1326,VEDL,Mar 2024,143727,108415,35312,25,5239,9465,10723,20363,63,7539,11.0,259,2024,17.76,NORMAL,9.32,NORMAL,8.07,NORMAL,-20.55,NORMAL,-4.91,NORMAL,-4.07,NORMAL,-29.2,NORMAL,-10.35,NORMAL,-6.26,NORMAL
1328,WIPRO,Mar 2013,37430,29773,7657,20,1440,289,940,7869,21,6182,5.0,28,2013,,INSUFFICIENT,,INSUFFICIENT,,INSUFFICIENT,,INSUFFICIENT,,INSUFFICIENT,,INSUFFICIENT,,INSUFFICIENT,,INSUFFICIENT,,INSUFFICIENT
1329,WIPRO,Mar 2014,43424,33788,9635,22,1922,383,1060,10114,21,7991,6.0,25,2014,,INSUFFICIENT,,INSUFFICIENT,,INSUFFICIENT,,INSUFFICIENT,,INSUFFICIENT,,INSUFFICIENT,,INSUFFICIENT,,INSUFFICIENT,,INSUFFICIENT
1330,WIPRO,Mar 2015,46951,36652,10299,22,2450,350,1175,11224,22,8714,7.0,34,2015,,INSUFFICIENT,,INSUFFICIENT,,INSUFFICIENT,,INSUFFICIENT,,INSUFFICIENT,,INSUFFICIENT,,INSUFFICIENT,,INSUFFICIENT,,INSUFFICIENT
1331,WIPRO,Mar 2016,51244,40448,10796,21,2752,558,1496,11494,22,8957,7.0,17,2016,11.04,NORMAL,,INSUFFICIENT,,INSUFFICIENT,13.16,NORMAL,,INSUFFICIENT,,INSUFFICIENT,11.87,NORMAL,,INSUFFICIENT,,INSUFFICIENT
1332,WIPRO,Mar 2017,55448,44128,11321,20,2623,594,2310,11039,23,8518,7.0,6,2017,8.49,NORMAL,,INSUFFICIENT,,INSUFFICIENT,2.15,NORMAL,,INSUFFICIENT,,INSUFFICIENT,5.27,NORMAL,,INSUFFICIENT,,INSUFFICIENT
1333,WIPRO,Mar 2018,54487,44100,10387,19,2550,583,2112,10242,22,8003,7.0,6,2018,5.09,NORMAL,7.8,NORMAL,,INSUFFICIENT,-2.8,NORMAL,5.3,NORMAL,,INSUFFICIENT,0.0,NORMAL,6.96,NORMAL,,INSUFFICIENT
1334,WIPRO,Mar 2019,59019,47406,11613,20,2614,738,1947,11542,22,9018,7.0,7,2019,4.82,NORMAL,6.33,NORMAL,,INSUFFICIENT,0.23,NORMAL,2.45,NORMAL,,INSUFFICIENT,0.0,NORMAL,3.13,NORMAL,,INSUFFICIENT
1335,WIPRO,Mar 2020,61138,48795,12342,20,2728,733,2086,12252,20,9772,9.0,6,2020,3.31,NORMAL,5.42,NORMAL,,INSUFFICIENT,4.68,NORMAL,2.32,NORMAL,,INSUFFICIENT,8.74,NORMAL,5.15,NORMAL,,INSUFFICIENT
1336,WIPRO,Mar 2021,61935,47164,14771,24,2404,509,2763,13903,22,10868,10.0,5,2021,4.36,NORMAL,3.86,NORMAL,,INSUFFICIENT,10.74,NORMAL,3.94,NORMAL,,INSUFFICIENT,12.62,NORMAL,7.39,NORMAL,,INSUFFICIENT
1337,WIPRO,Mar 2022,79312,62628,16684,21,2067,532,3078,15141,19,12243,11.0,27,2022,10.35,NORMAL,7.42,NORMAL,,INSUFFICIENT,10.73,NORMAL,7.53,NORMAL,,INSUFFICIENT,16.26,NORMAL,9.46,NORMAL,,INSUFFICIENT
1338,WIPRO,Mar 2023,90488,73649,16839,19,2275,1008,3340,14766,23,11366,10.0,5,2023,13.96,NORMAL,10.68,NORMAL,9.23,NORMAL,5.17,NORMAL,7.27,NORMAL,6.28,NORMAL,3.57,NORMAL,7.39,NORMAL,7.18,NORMAL
1339,WIPRO,Mar 2024,89760,73008,16752,19,2631,1255,3407,14721,25,11112,11.0,5,2024,13.17,NORMAL,8.75,NORMAL,7.53,NORMAL,0.74,NORMAL,4.26,NORMAL,3.35,NORMAL,3.23,NORMAL,9.46,NORMAL,6.25,NORMAL
1341,ZOMATO,Mar 2018,466,558,-92,-20,21,6,29,-107,0,-107,-3070.0,0,2018,,INSUFFICIENT,,INSUFFICIENT,,INSUFFICIENT,,INSUFFICIENT,,INSUFFICIENT,,INSUFFICIENT,,INSUFFICIENT,,INSUFFICIENT,,INSUFFICIENT
1342,ZOMATO,Mar 2019,1313,3556,-2243,-171,1285,9,43,-1010,0,-1010,-28574.0,0,2019,,INSUFFICIENT,,INSUFFICIENT,,INSUFFICIENT,,INSUFFICIENT,,INSUFFICIENT,,INSUFFICIENT,,INSUFFICIENT,,INSUFFICIENT,,INSUFFICIENT
1343,ZOMATO,Mar 2020,2605,4909,-2305,-88,16,13,84,-2386,0,-2386,-70097.0,0,2020,,INSUFFICIENT,,INSUFFICIENT,,INSUFFICIENT,,INSUFFICIENT,,INSUFFICIENT,,INSUFFICIENT,,INSUFFICIENT,,INSUFFICIENT,,INSUFFICIENT
1344,ZOMATO,Mar 2021,1994,2461,-467,-23,-200,10,138,-815,0,-816,-23124.0,0,2021,62.35,NORMAL,,INSUFFICIENT,,INSUFFICIENT,,BOTH_NEGATIVE,,INSUFFICIENT,,INSUFFICIENT,,BOTH_NEGATIVE,,INSUFFICIENT,,INSUFFICIENT
1345,ZOMATO,Mar 2022,4192,6043,-1851,-44,793,12,150,-1220,0,-1222,-2.0,0,2022,47.25,NORMAL,,INSUFFICIENT,,INSUFFICIENT,,BOTH_NEGATIVE,,INSUFFICIENT,,INSUFFICIENT,,BOTH_NEGATIVE,,INSUFFICIENT,,INSUFFICIENT
1346,ZOMATO,Mar 2023,7079,8290,-1211,-17,682,49,437,-1015,-4,-971,-1.0,0,2023,39.55,NORMAL,72.31,NORMAL,,INSUFFICIENT,,BOTH_NEGATIVE,,BOTH_NEGATIVE,,INSUFFICIENT,,BOTH_NEGATIVE,,BOTH_NEGATIVE,,INSUFFICIENT
1347,ZOMATO,Mar 2024,12114,12071,43,0,846,72,526,291,-21,351,0.0,0,2024,82.47,NORMAL,55.96,NORMAL,,INSUFFICIENT,,TURNAROUND,,TURNAROUND,,INSUFFICIENT,-100.0,NORMAL,-100.0,NORMAL,,INSUFFICIENT
1349,ZYDUSLIFE,Mar 2013,6358,5228,1130,18,32,169,185,809,15,690,6.0,24,2013,,INSUFFICIENT,,INSUFFICIENT,,INSUFFICIENT,,INSUFFICIENT,,INSUFFICIENT,,INSUFFICIENT,,INSUFFICIENT,,INSUFFICIENT,,INSUFFICIENT
1350,ZYDUSLIFE,Mar 2014,7224,6021,1203,17,30,90,201,942,11,836,8.0,23,2014,,INSUFFICIENT,,INSUFFICIENT,,INSUFFICIENT,,INSUFFICIENT,,INSUFFICIENT,,INSUFFICIENT,,INSUFFICIENT,,INSUFFICIENT,,INSUFFICIENT
1351,ZYDUSLIFE,Mar 2015,8651,6896,1756,20,45,68,287,1446,18,1188,11.0,21,2015,,INSUFFICIENT,,INSUFFICIENT,,INSUFFICIENT,,INSUFFICIENT,,INSUFFICIENT,,INSUFFICIENT,,INSUFFICIENT,,INSUFFICIENT,,INSUFFICIENT
1352,ZYDUSLIFE,Mar 2016,9427,7095,2332,25,112,53,292,2099,8,1964,19.0,17,2016,14.03,NORMAL,,INSUFFICIENT,,INSUFFICIENT,41.72,NORMAL,,INSUFFICIENT,,INSUFFICIENT,46.85,NORMAL,,INSUFFICIENT,,INSUFFICIENT
1353,ZYDUSLIFE,Mar 2017,9376,7474,1902,20,127,45,373,1612,8,1517,15.0,22,2017,9.08,NORMAL,,INSUFFICIENT,,INSUFFICIENT,21.97,NORMAL,,INSUFFICIENT,,INSUFFICIENT,23.31,NORMAL,,INSUFFICIENT,,INSUFFICIENT
1354,ZYDUSLIFE,Mar 2018,11905,9074,2831,24,111,91,539,2312,24,1810,17.0,20,2018,11.23,NORMAL,13.37,NORMAL,,INSUFFICIENT,15.07,NORMAL,21.27,NORMAL,,INSUFFICIENT,15.62,NORMAL,23.16,NORMAL,,INSUFFICIENT
1355,ZYDUSLIFE,Mar 2019,13166,10174,2991,23,183,194,599,2382,22,1899,18.0,19,2019,11.78,NORMAL,12.75,NORMAL,,INSUFFICIENT,-1.12,NORMAL,17.83,NORMAL,,INSUFFICIENT,-1.79,NORMAL,17.61,NORMAL,,INSUFFICIENT
1356,ZYDUSLIFE,Mar 2020,14253,11455,2798,20,-264,342,696,1495,21,1204,11.0,30,2020,14.98,NORMAL,10.5,NORMAL,,INSUFFICIENT,-7.41,NORMAL,0.27,NORMAL,,INSUFFICIENT,-9.82,NORMAL,0.0,NORMAL,,INSUFFICIENT
1357,ZYDUSLIFE,Mar 2021,14404,11013,3391,24,-231,159,670,2331,8,2185,21.0,17,2021,6.56,NORMAL,8.85,NORMAL,,INSUFFICIENT,6.48,NORMAL,2.16,NORMAL,,INSUFFICIENT,7.3,NORMAL,2.02,NORMAL,,INSUFFICIENT
1358,ZYDUSLIFE,Mar 2022,15110,11768,3342,22,2581,127,713,5084,10,4618,44.0,6,2022,4.7,NORMAL,10.01,NORMAL,,INSUFFICIENT,34.48,NORMAL,24.94,NORMAL,,INSUFFICIENT,34.71,NORMAL,24.01,NORMAL,,INSUFFICIENT
1359,ZYDUSLIFE,Mar 2023,17237,13378,3860,22,-422,130,723,2585,23,2092,19.0,31,2023,6.54,NORMAL,7.68,NORMAL,10.49,NORMAL,20.22,NORMAL,2.94,NORMAL,11.73,NORMAL,19.98,NORMAL,2.25,NORMAL,12.22,NORMAL
1360,ZYDUSLIFE,Mar 2024,19547,14163,5384,28,293,81,764,4832,20,3973,38.0,8,2024,10.71,NORMAL,8.22,NORMAL,10.47,NORMAL,22.06,NORMAL,15.91,NORMAL,16.87,NORMAL,21.86,NORMAL,16.12,NORMAL,16.86,NORMAL
1362,INDIGO,Mar 2013,9203,73,8348,855,9,296,86,993,21,787,25647.0,70,2013,,INSUFFICIENT,,INSUFFICIENT,,INSUFFICIENT,,INSUFFICIENT,,INSUFFICIENT,,INSUFFICIENT,,INSUFFICIENT,,INSUFFICIENT,,INSUFFICIENT
1363,INDIGO,Mar 2014,11117,123,10684,433,4,391,226,475,0,474,15454.0,80,2014,,INSUFFICIENT,,INSUFFICIENT,,INSUFFICIENT,,INSUFFICIENT,,INSUFFICIENT,,INSUFFICIENT,,INSUFFICIENT,,INSUFFICIENT,,INSUFFICIENT
1364,INDIGO,Mar 2015,13925,150,12022,1904,14,395,302,1847,29,1304,42481.0,83,2015,,INSUFFICIENT,,INSUFFICIENT,,INSUFFICIENT,,INSUFFICIENT,,INSUFFICIENT,,INSUFFICIENT,,INSUFFICIENT,,INSUFFICIENT,,INSUFFICIENT
1365,INDIGO,Mar 2016,16140,350,12976,3164,20,515,505,2824,30,1986,55.0,27,2016,20.59,NORMAL,,INSUFFICIENT,,INSUFFICIENT,36.14,NORMAL,,INSUFFICIENT,,INSUFFICIENT,-87.1,NORMAL,,INSUFFICIENT,,INSUFFICIENT
1366,INDIGO,Mar 2017,18580,406,16362,2219,12,789,457,2144,23,1659,46.0,74,2017,18.67,NORMAL,,INSUFFICIENT,,INSUFFICIENT,51.83,NORMAL,,INSUFFICIENT,,INSUFFICIENT,-85.62,NORMAL,,INSUFFICIENT,,INSUFFICIENT
1367,INDIGO,Mar 2018,23021,413,19991,3030,13,947,437,3127,28,2242,58.0,10,2018,18.24,NORMAL,20.13,NORMAL,,INSUFFICIENT,19.8,NORMAL,23.29,NORMAL,,INSUFFICIENT,-88.91,NORMAL,-70.43,NORMAL,,INSUFFICIENT
1368,INDIGO,Mar 2019,28497,563,28648,-151,-1,1325,760,-149,-99,156,4.0,123,2019,20.86,NORMAL,20.72,NORMAL,,INSUFFICIENT,-57.17,NORMAL,-19.93,NORMAL,,INSUFFICIENT,-58.26,NORMAL,-80.83,NORMAL,,INSUFFICIENT
1369,INDIGO,Mar 2020,35756,1902,31687,4069,11,1531,3974,-275,-10,-248,-6.0,0,2020,24.38,NORMAL,20.76,NORMAL,,INSUFFICIENT,,DECLINE_TO_LOSS,,DECLINE_TO_LOSS,,INSUFFICIENT,,DECLINE_TO_LOSS,,DECLINE_TO_LOSS,,INSUFFICIENT
1370,INDIGO,Mar 2021,14641,2170,14638,2,0,1036,4699,-5830,0,-6171,-151.0,0,2021,-14.0,NORMAL,-1.93,NORMAL,,INSUFFICIENT,,DECLINE_TO_LOSS,,DECLINE_TO_LOSS,,INSUFFICIENT,,DECLINE_TO_LOSS,,DECLINE_TO_LOSS,,INSUFFICIENT
1371,INDIGO,Mar 2022,25931,2386,25373,558,2,725,5068,-6171,0,-317,-160.0,0,2022,-3.1,NORMAL,6.89,NORMAL,,INSUFFICIENT,,DECLINE_TO_LOSS,,DECLINE_TO_LOSS,,INSUFFICIENT,,DECLINE_TO_LOSS,,DECLINE_TO_LOSS,,INSUFFICIENT
1372,INDIGO,Mar 2023,54446,3168,47926,6521,12,1431,5101,-317,0,-317,-8.0,0,2023,15.05,NORMAL,18.79,NORMAL,19.45,NORMAL,,BOTH_NEGATIVE,,DECLINE_TO_LOSS,,DECLINE_TO_LOSS,,BOTH_NEGATIVE,,DECLINE_TO_LOSS,,DECLINE_TO_LOSS
1373,INDIGO,Mar 2024,68904,4805,52573,16331,24,2326,6406,8043,-2,8167,212.0,0,2024,67.58,NORMAL,19.31,NORMAL,20.01,NORMAL,,TURNAROUND,120.69,NORMAL,32.93,NORMAL,,TURNAROUND,121.24,NORMAL,-34.88,NORMAL
